sentence_id,oci_baseline,oci_fewshot,oci_instruction,oci_role
A.dev.gold.bea19_000013,0.03251341984927173,0.03251341984927173,0.03251341984927173,0.03251341984927173
A.dev.gold.bea19_000023,0.022284456863919513,0.022284456863919513,0.022284456863919513,0.022284456863919513
A.dev.gold.bea19_000026,0.013636363636363636,0.013636363636363636,0.013636363636363636,0.013636363636363636
A.dev.gold.bea19_000038,0.00909090909090909,0.00909090909090909,0.00909090909090909,0.00909090909090909
A.dev.gold.bea19_000054,0.08708447645886735,0.0786367068570433,0.0786367068570433,0.0786367068570433
A.dev.gold.bea19_000075,0.027199485928704054,0.00909090909090909,0.00909090909090909,0.00909090909090909
A.dev.gold.bea19_000089,0.08738758944372665,0.07083333333333332,0.04810606060606058,0.05906591112204835
A.dev.gold.bea19_000090,0.022727272727272728,0.022727272727272728,0.022727272727272728,0.04132411816085858
A.dev.gold.bea19_000095,0.04372057149187908,0.03242883651262094,0.028380671504390803,0.03242883651262094
A.dev.gold.bea19_000143,0.024679249990121714,0.024679249990121714,0.024679249990121714,0.024679249990121714
A.dev.gold.bea19_000151,0.028084092479526458,0.023981453797425136,0.021030275793767105,0.023981453797425136
A.dev.gold.bea19_000158,0.013636363636363636,0.013636363636363636,0.013636363636363636,0.013636363636363636
A.dev.gold.bea19_000168,0.07793039652202526,0.07935132635051936,0.06883948743111618,0.05823417110952534
A.dev.gold.bea19_000192,0.013636363636363636,0.013636363636363636,0.013636363636363636,0.013636363636363636
A.dev.gold.bea19_000206,0.02423497362110316,0.02423497362110316,0.02423497362110316,0.02423497362110316
A.dev.gold.bea19_000222,0.10192210451713772,0.09878326894840364,0.09878326894840364,0.09878326894840364
A.dev.gold.bea19_000236,0.00909090909090909,0.00909090909090909,0.00909090909090909,0.00909090909090909
A.dev.gold.bea19_000283,0.1105446735746271,0.07087393836913233,0.07519866148838866,0.07087393836913233
A.dev.gold.bea19_000288,0.10833811172502371,0.10379265717956916,0.09801063289832984,0.10379265717956916
A.dev.gold.bea19_000325,0.013636363636363636,0.013636363636363636,0.013636363636363636,0.013636363636363636
A.dev.gold.bea19_000337,0.06029168138810948,0.04286188181590547,0.04090909090909091,0.04286188181590547
A.dev.gold.bea19_000351,0.00909090909090909,0.00909090909090909,0.00909090909090909,0.00909090909090909
A.dev.gold.bea19_000359,0.02927527088613347,0.02927527088613347,0.02927527088613347,0.02927527088613347
A.dev.gold.bea19_000372,0.00909090909090909,0.00909090909090909,0.00909090909090909,0.00909090909090909
A.dev.gold.bea19_000396,0.08574286208363846,0.08648396880300602,0.08574286208363846,0.08574286208363846
A.dev.gold.bea19_000426,0.0935275788580926,0.057359307359307374,0.0935275788580926,0.0935275788580926
A.dev.gold.bea19_000456,0.01965919616168577,0.009222034588738959,0.00909090909090909,0.01965919616168577
A.dev.gold.bea19_000465,0.013636363636363636,0.013636363636363636,0.013636363636363636,0.013636363636363636
A.dev.gold.bea19_000501,0.0369005173355202,0.0369005173355202,0.0369005173355202,0.0369005173355202
A.dev.gold.bea19_000541,0.05782166544577872,0.0354729674732065,0.0354729674732065,0.0354729674732065
A.dev.gold.bea19_000569,0.08838714120514735,0.058728972614626423,0.058728972614626423,0.058728972614626423
A.dev.gold.bea19_000584,0.029732494570685705,0.01818181818181818,0.01818181818181818,0.029732494570685705
A.dev.gold.bea19_000610,0.033229187255008244,0.033229187255008244,0.028683732709553697,0.028683732709553697
A.dev.gold.bea19_000612,0.021520521700312656,0.019410888538522537,0.036868686868686884,0.036868686868686884
A.dev.gold.bea19_000618,0.10907897510152566,0.06479948569048756,0.06080144001389861,0.06080144001389861
A.dev.gold.bea19_000634,0.05597523541451895,0.05597523541451895,0.05597523541451895,0.05837433774549563
A.dev.gold.bea19_000660,0.03167848439731199,0.013636363636363636,0.013636363636363636,0.02713302985185744
A.dev.gold.bea19_000680,0.03804041194526075,0.03804041194526075,0.03804041194526075,0.03804041194526075
A.dev.gold.bea19_000681,0.06891118479906533,0.08130436189990821,0.08130436189990821,0.08130436189990821
A.dev.gold.bea19_000689,0.0889918262716695,0.09353728081712405,0.09453968293954654,0.09453968293954654
A.dev.gold.bea19_000694,0.045454545454545456,0.045454545454545456,0.045454545454545456,0.045454545454545456
A.dev.gold.bea19_000717,0.00909090909090909,0.00909090909090909,0.00909090909090909,0.00909090909090909
A.dev.gold.bea19_000727,0.00909090909090909,0.00909090909090909,0.00909090909090909,0.00909090909090909
A.dev.gold.bea19_000740,0.00909090909090909,0.00909090909090909,0.00909090909090909,0.00909090909090909
A.dev.gold.bea19_000773,0.03376091763218339,0.03376091763218339,0.03376091763218339,0.03376091763218339
A.dev.gold.bea19_000774,0.030027212939272897,0.022727272727272728,0.030027212939272897,0.030027212939272897
A.dev.gold.bea19_000801,0.00909090909090909,0.004545454545454545,0.004545454545454545,0.004545454545454545
A.dev.gold.bea19_000836,0.01818181818181818,0.01818181818181818,0.01818181818181818,0.01818181818181818
A.dev.gold.bea19_000837,0.013636363636363636,0.013636363636363636,0.013636363636363636,0.013636363636363636
A.dev.gold.bea19_000852,0.00909090909090909,0.00909090909090909,0.00909090909090909,0.00909090909090909
A.dev.gold.bea19_000861,0.04416793107820905,0.030531567441845417,0.022727272727272728,0.022727272727272728
A.dev.gold.bea19_000865,0.029617092233928038,0.029617092233928038,0.029617092233928038,0.029617092233928038
A.dev.gold.bea19_000867,0.05356518021742111,0.0375108155109967,0.0375108155109967,0.0375108155109967
A.dev.gold.bea19_000869,0.04337067411835171,0.04337067411835171,0.04337067411835171,0.04337067411835171
A.dev.gold.bea19_000888,0.012877960182079536,0.012877960182079536,0.012877960182079536,0.012877960182079536
A.dev.gold.bea19_000896,0.04709292665736445,0.03345656302100081,0.015274744839182628,0.03345656302100081
A.dev.gold.bea19_000933,0.00909090909090909,0.00909090909090909,0.00909090909090909,0.00909090909090909
A.dev.gold.bea19_000943,0.02677871466885772,0.02677871466885772,0.004545454545454545,0.02677871466885772
A.dev.gold.bea19_000947,0.02184164100056629,0.02184164100056629,0.02184164100056629,0.02184164100056629
A.dev.gold.bea19_000961,0.04090909090909091,0.04255036295228632,0.04255036295228632,0.04255036295228632
A.dev.gold.bea19_000964,0.013636363636363636,0.013636363636363636,0.013636363636363636,0.013636363636363636
A.dev.gold.bea19_001008,0.015599501983191873,0.00909090909090909,0.00909090909090909,0.00909090909090909
A.dev.gold.bea19_001014,0.013636363636363636,0.013636363636363636,0.013636363636363636,0.013636363636363636
A.dev.gold.bea19_001026,0.03786941222507941,0.03786941222507941,0.03786941222507941,0.03786941222507941
B.dev.gold.bea19_000001,0.00909090909090909,0.00909090909090909,0.00909090909090909,0.00909090909090909
B.dev.gold.bea19_000006,0.029442258236821534,0.02489680369136699,0.02489680369136699,0.02489680369136699
B.dev.gold.bea19_000014,0.00909090909090909,0.00909090909090909,0.032079592960446365,0.00909090909090909
B.dev.gold.bea19_000033,0.04468759404326122,0.013636363636363636,0.00909090909090909,0.013636363636363636
B.dev.gold.bea19_000053,0.00909090909090909,0.00909090909090909,0.00909090909090909,0.00909090909090909
B.dev.gold.bea19_000101,0.02727272727272727,0.02727272727272727,0.02727272727272727,0.022727272727272728
B.dev.gold.bea19_000106,0.022727272727272728,0.022727272727272728,0.022727272727272728,0.022727272727272728
B.dev.gold.bea19_000120,0.00909090909090909,0.00909090909090909,0.00909090909090909,0.00909090909090909
B.dev.gold.bea19_000145,0.014691937552800136,0.014691937552800136,0.014691937552800136,0.014691937552800136
B.dev.gold.bea19_000172,0.04031555602746596,0.030554838218408313,0.030554838218408313,0.030554838218408313
B.dev.gold.bea19_000181,0.08584398698224234,0.06151366834587805,0.06151366834587805,0.06151366834587805
B.dev.gold.bea19_000182,0.004545454545454545,0.004545454545454545,0.004545454545454545,0.004545454545454545
B.dev.gold.bea19_000188,0.013636363636363636,0.013636363636363636,0.00909090909090909,0.013636363636363636
B.dev.gold.bea19_000193,0.04571346322560126,0.04571346322560126,0.04571346322560126,0.04571346322560126
B.dev.gold.bea19_000199,0.00909090909090909,0.00909090909090909,0.00909090909090909,0.00909090909090909
B.dev.gold.bea19_000239,0.022727272727272728,0.022727272727272728,0.022727272727272728,0.022727272727272728
B.dev.gold.bea19_000240,0.041191869261544806,0.03664641471609026,0.03664641471609026,0.03664641471609026
B.dev.gold.bea19_000253,0.02410502542775389,0.019559570882299343,0.013636363636363636,0.019559570882299343
B.dev.gold.bea19_000258,0.00909090909090909,0.00909090909090909,0.00909090909090909,0.00909090909090909
B.dev.gold.bea19_000268,0.0300865800865801,0.0300865800865801,0.0300865800865801,0.0300865800865801
B.dev.gold.bea19_000275,0.030800490884534175,0.04034030567012617,0.030800490884534175,0.030800490884534175
B.dev.gold.bea19_000288,0.029407647883717858,0.029407647883717858,0.029407647883717858,0.029407647883717858
B.dev.gold.bea19_000292,0.01693238183181453,0.01693238183181453,0.01693238183181453,0.01693238183181453
B.dev.gold.bea19_000298,0.03367191590777851,0.029126461362323962,0.013636363636363636,0.029126461362323962
B.dev.gold.bea19_000323,0.018195725431588032,0.018195725431588032,0.018195725431588032,0.018195725431588032
B.dev.gold.bea19_000331,0.011377274611975997,0.00909090909090909,0.011377274611975997,0.011377274611975997
B.dev.gold.bea19_000339,0.045454545454545456,0.045454545454545456,0.045454545454545456,0.045454545454545456
B.dev.gold.bea19_000342,0.07212053879358687,0.04769234837205525,0.04769234837205525,0.04769234837205525
B.dev.gold.bea19_000373,0.06116153725156498,0.05661608270611043,0.045454545454545456,0.05661608270611043
B.dev.gold.bea19_000407,0.01818181818181818,0.01818181818181818,0.01818181818181818,0.01818181818181818
B.dev.gold.bea19_000417,0.03700275937896798,0.03700275937896798,0.03700275937896798,0.03700275937896798
B.dev.gold.bea19_000418,0.02727272727272727,0.024841587652459383,0.01818181818181818,0.02727272727272727
B.dev.gold.bea19_000444,0.02727272727272727,0.02727272727272727,0.02727272727272727,0.02727272727272727
B.dev.gold.bea19_000448,0.03190724170613096,0.03645269625158551,0.03645269625158551,0.03645269625158551
B.dev.gold.bea19_000501,0.05653719968362751,0.05653719968362751,0.04798151863339711,0.04798151863339711
B.dev.gold.bea19_000509,0.04653988462106559,0.038078346159527154,0.04653988462106559,0.038078346159527154
B.dev.gold.bea19_000520,0.013636363636363636,0.013636363636363636,0.013636363636363636,0.013636363636363636
B.dev.gold.bea19_000551,0.00909090909090909,0.00909090909090909,0.00909090909090909,0.00909090909090909
B.dev.gold.bea19_000555,0.047401049007872766,0.047401049007872766,0.047401049007872766,0.047401049007872766
B.dev.gold.bea19_000584,0.02727272727272727,0.03636363636363636,0.02727272727272727,0.02727272727272727
B.dev.gold.bea19_000600,0.036511298200689296,0.02727272727272727,0.02727272727272727,0.02727272727272727
B.dev.gold.bea19_000601,0.041521854138689925,0.039632828854685435,0.039632828854685435,0.039632828854685435
B.dev.gold.bea19_000620,0.022727272727272728,0.022727272727272728,0.022727272727272728,0.022727272727272728
B.dev.gold.bea19_000667,0.02365200309128663,0.02365200309128663,0.02365200309128663,0.02365200309128663
B.dev.gold.bea19_000670,0.00909090909090909,0.00909090909090909,0.00909090909090909,0.00909090909090909
B.dev.gold.bea19_000694,0.019106548545832085,0.019106548545832085,0.019106548545832085,0.019106548545832085
B.dev.gold.bea19_000707,0.04699957814073653,0.034296212107805,0.02727272727272727,0.034296212107805
B.dev.gold.bea19_000711,0.019790321659515636,0.00909090909090909,0.00909090909090909,0.00909090909090909
B.dev.gold.bea19_000729,0.05167995061878772,0.05167995061878772,0.022727272727272728,0.05167995061878772
B.dev.gold.bea19_000730,0.00909090909090909,0.00909090909090909,0.00909090909090909,0.00909090909090909
B.dev.gold.bea19_000743,0.02727272727272727,0.02727272727272727,0.02727272727272727,0.02727272727272727
B.dev.gold.bea19_000761,0.00909090909090909,0.00909090909090909,0.00909090909090909,0.00909090909090909
B.dev.gold.bea19_000779,0.004545454545454545,0.004545454545454545,0.004545454545454545,0.1277143438615549
B.dev.gold.bea19_000790,0.035460440032756335,0.035460440032756335,0.035460440032756335,0.035460440032756335
B.dev.gold.bea19_000799,0.013636363636363636,0.013636363636363636,0.00909090909090909,0.013636363636363636
B.dev.gold.bea19_000828,0.025944279682667624,0.025944279682667624,0.025944279682667624,0.025944279682667624
B.dev.gold.bea19_000932,0.04186870185607699,0.04186870185607699,0.04186870185607699,0.04186870185607699
B.dev.gold.bea19_000934,0.031059778363897717,0.026514323818443174,0.01818181818181818,0.01818181818181818
B.dev.gold.bea19_000952,0.03641962195886364,0.031874167413409094,0.02727272727272727,0.031874167413409094
B.dev.gold.bea19_000968,0.03004788058390074,0.03004788058390074,0.03004788058390074,0.03004788058390074
B.dev.gold.bea19_000973,0.03274291218219571,0.03274291218219571,0.03274291218219571,0.03274291218219571
B.dev.gold.bea19_001012,0.013636363636363636,0.013636363636363636,0.013636363636363636,0.013636363636363636
B.dev.gold.bea19_001024,0.01818181818181818,0.01818181818181818,0.01818181818181818,0.01818181818181818
B.dev.gold.bea19_001047,0.04406885282492186,0.04406885282492186,0.04406885282492186,0.04406885282492186
B.dev.gold.bea19_001061,0.06738664359987614,0.0644293072539447,0.0644293072539447,0.0644293072539447
B.dev.gold.bea19_001076,0.04828548580172749,0.04828548580172749,0.04828548580172749,0.04828548580172749
B.dev.gold.bea19_001081,0.020641585479776615,0.020641585479776615,0.020641585479776615,0.020641585479776615
B.dev.gold.bea19_001097,0.031818181818181815,0.031818181818181815,0.013636363636363636,0.013636363636363636
B.dev.gold.bea19_001108,0.04861180536112434,0.05208169642552358,0.0349754417247607,0.0349754417247607
B.dev.gold.bea19_001115,0.02727272727272727,0.02727272727272727,0.02727272727272727,0.02727272727272727
B.dev.gold.bea19_001118,0.034577375424769005,0.034577375424769005,0.034577375424769005,0.034577375424769005
B.dev.gold.bea19_001124,0.11621579499930104,0.0949843260188088,0.0949843260188088,0.0949843260188088
B.dev.gold.bea19_001147,0.02766434639556416,0.02766434639556416,0.02766434639556416,0.02766434639556416
B.dev.gold.bea19_001151,0.06595242147433969,0.05099030026221848,0.05099030026221848,0.05099030026221848
B.dev.gold.bea19_001165,0.03636363636363636,0.031818181818181815,0.02727272727272727,0.022727272727272728
B.dev.gold.bea19_001175,0.02817027977710355,0.023624825231649008,0.02817027977710355,0.02817027977710355
B.dev.gold.bea19_001176,0.0668816061959108,0.0668816061959108,0.03931290406401078,0.0668816061959108
B.dev.gold.bea19_001183,0.04032913532640307,0.03288770053475936,0.03288770053475936,0.03288770053475936
B.dev.gold.bea19_001189,0.024867779865760376,0.024867779865760376,0.024867779865760376,0.024867779865760376
B.dev.gold.bea19_001191,0.09396735219878509,0.08942189765333054,0.09396735219878509,0.08942189765333054
B.dev.gold.bea19_001212,0.02727272727272727,0.02727272727272727,0.02727272727272727,0.02727272727272727
B.dev.gold.bea19_001215,0.02727272727272727,0.02727272727272727,0.02727272727272727,0.02727272727272727
B.dev.gold.bea19_001222,0.02727272727272727,0.02727272727272727,0.02727272727272727,0.02727272727272727
B.dev.gold.bea19_001232,0.06446192728570603,0.061416452692405095,0.053030303030303025,0.061416452692405095
B.dev.gold.bea19_001250,0.04377672267684552,0.04304848984270982,0.038887528514085196,0.04377672267684552
B.dev.gold.bea19_001251,0.01818181818181818,0.01818181818181818,0.014646625994643787,0.014646625994643787
B.dev.gold.bea19_001281,0.06357426385284592,0.031113664820174365,0.031113664820174365,0.031113664820174365
B.dev.gold.bea19_001287,0.05540780406335049,0.04045887819499649,0.04045887819499649,0.04045887819499649
B.dev.gold.bea19_001290,0.06196977391110479,0.04025531915555769,0.03646826806438723,0.03646826806438723
C.dev.gold.bea19_000002,0.04659185965698822,0.020974633109731716,0.025520087655186263,0.020974633109731716
C.dev.gold.bea19_000015,0.00909090909090909,0.00909090909090909,0.00909090909090909,0.00909090909090909
C.dev.gold.bea19_000032,0.042297344473681116,0.03338044871272105,0.02727272727272727,0.03338044871272105
C.dev.gold.bea19_000058,0.00909090909090909,0.00909090909090909,0.00909090909090909,0.00909090909090909
C.dev.gold.bea19_000077,0.00909090909090909,0.00909090909090909,0.00909090909090909,0.00909090909090909
C.dev.gold.bea19_000079,0.01818181818181818,0.00909090909090909,0.01818181818181818,0.01818181818181818
C.dev.gold.bea19_000090,0.004545454545454545,0.07486837871774651,0.004545454545454545,0.004545454545454545
C.dev.gold.bea19_000099,0.03636363636363636,0.01818181818181818,0.01818181818181818,0.01818181818181818
C.dev.gold.bea19_000101,0.02930876589238611,0.03385422043784065,0.02727272727272727,0.02727272727272727
C.dev.gold.bea19_000143,0.045454545454545456,0.045454545454545456,0.045454545454545456,0.045454545454545456
C.dev.gold.bea19_000146,0.0474238120219541,0.024696539294681373,0.029241993840135917,0.024696539294681373
C.dev.gold.bea19_000173,0.02306326285103028,0.02306326285103028,0.02306326285103028,0.02306326285103028
C.dev.gold.bea19_000182,0.036259493401914956,0.036259493401914956,0.036259493401914956,0.036259493401914956
C.dev.gold.bea19_000216,0.03635913044941011,0.013636363636363636,0.013636363636363636,0.01818181818181818
C.dev.gold.bea19_000228,0.013636363636363636,0.013636363636363636,0.013636363636363636,0.013636363636363636
C.dev.gold.bea19_000242,0.013636363636363636,0.00909090909090909,0.00909090909090909,0.00909090909090909
C.dev.gold.bea19_000243,0.021243399881149,0.021243399881149,0.021243399881149,0.021243399881149
C.dev.gold.bea19_000264,0.023118891850109614,0.023118891850109614,0.023118891850109614,0.023118891850109614
C.dev.gold.bea19_000284,0.00909090909090909,0.00909090909090909,0.00909090909090909,0.00909090909090909
C.dev.gold.bea19_000299,0.004545454545454545,0.004545454545454545,0.004545454545454545,0.004545454545454545
C.dev.gold.bea19_000323,0.02490828372215226,0.02490828372215226,0.020362829176697714,0.02490828372215226
C.dev.gold.bea19_000346,0.00909090909090909,0.00909090909090909,0.00909090909090909,0.00909090909090909
C.dev.gold.bea19_000354,0.02919148727194707,0.02919148727194707,0.02727272727272727,0.02727272727272727
C.dev.gold.bea19_000356,0.03533056621079348,0.03533056621079348,0.030785111665338934,0.030785111665338934
C.dev.gold.bea19_000362,0.019261947913942038,0.05158518023717438,0.019261947913942038,0.023807402459396585
C.dev.gold.bea19_000393,0.09558671369962908,0.09149580460871999,0.08596571677956111,0.08596571677956111
C.dev.gold.bea19_000401,0.02442491631986638,0.02442491631986638,0.02442491631986638,0.02442491631986638
C.dev.gold.bea19_000403,0.00909090909090909,0.00909090909090909,0.00909090909090909,0.00909090909090909
C.dev.gold.bea19_000430,0.02032232532030583,0.015776870774851282,0.00909090909090909,0.015776870774851282
C.dev.gold.bea19_000445,0.0512937871887664,0.03636363636363636,0.03636363636363636,0.03636363636363636
C.dev.gold.bea19_000478,0.031818181818181815,0.031818181818181815,0.031818181818181815,0.031818181818181815
C.dev.gold.bea19_000489,0.00909090909090909,0.004545454545454545,0.00909090909090909,0.00909090909090909
C.dev.gold.bea19_000507,0.029409131144311495,0.029409131144311495,0.029409131144311495,0.029409131144311495
C.dev.gold.bea19_000527,0.022727272727272728,0.022727272727272728,0.022727272727272728,0.022727272727272728
C.dev.gold.bea19_000530,0.09393788078526878,0.08484697169435969,0.08484697169435969,0.08484697169435969
C.dev.gold.bea19_000535,0.03421907884662878,0.025128169755719694,0.025128169755719694,0.03459679071969583
C.dev.gold.bea19_000572,0.022727272727272728,0.01818181818181818,0.022727272727272728,0.01818181818181818
C.dev.gold.bea19_000617,0.04990649702405504,0.04090909090909091,0.04090909090909091,0.04090909090909091
C.dev.gold.bea19_000625,0.018690064946133966,0.018690064946133966,0.018690064946133966,0.018690064946133966
C.dev.gold.bea19_000627,0.01818181818181818,0.013636363636363636,0.013636363636363636,0.013636363636363636
C.dev.gold.bea19_000648,0.00909090909090909,0.00909090909090909,0.00909090909090909,0.00909090909090909
C.dev.gold.bea19_000652,0.03633894263116356,0.024499908206417766,0.024499908206417766,0.024499908206417766
C.dev.gold.bea19_000687,0.00909090909090909,0.00909090909090909,0.00909090909090909,0.00909090909090909
C.dev.gold.bea19_000693,0.019240033459759266,0.014694578914304719,0.013636363636363636,0.014694578914304719
C.dev.gold.bea19_000694,0.05718814136233221,0.05186350192294873,0.05186350192294873,0.05186350192294873
C.dev.gold.bea19_000716,0.03575625137800675,0.02727272727272727,0.022727272727272728,0.02727272727272727
C.dev.gold.bea19_000730,0.042855594462418226,0.03831013991696368,0.01818181818181818,0.042855594462418226
C.dev.gold.bea19_000740,0.01818181818181818,0.01818181818181818,0.01818181818181818,0.01818181818181818
C.dev.gold.bea19_000742,0.04280461335776188,0.0506200302214012,0.04607457567594665,0.04607457567594665
C.dev.gold.bea19_000750,0.024773421028705042,0.024773421028705042,0.024773421028705042,0.024773421028705042
C.dev.gold.bea19_000751,0.06593880048447139,0.043827103982938494,0.043827103982938494,0.043827103982938494
C.dev.gold.bea19_000772,0.039880183805437494,0.026243820169073864,0.026243820169073864,0.026243820169073864
C.dev.gold.bea19_000784,0.0319614571951288,0.022727272727272728,0.022727272727272728,0.022727272727272728
C.dev.gold.bea19_000787,0.013636363636363636,0.013636363636363636,0.013636363636363636,0.013636363636363636
C.dev.gold.bea19_000793,0.022727272727272728,0.022727272727272728,0.022727272727272728,0.022727272727272728
C.dev.gold.bea19_000797,0.022727272727272728,0.022727272727272728,0.022727272727272728,0.022727272727272728
C.dev.gold.bea19_000801,0.022585678863252467,0.004545454545454545,0.004545454545454545,0.004545454545454545
C.dev.gold.bea19_000822,0.023540846838808076,0.023540846838808076,0.023540846838808076,0.023540846838808076
C.dev.gold.bea19_000841,0.00909090909090909,0.00909090909090909,0.00909090909090909,0.00909090909090909
C.dev.gold.bea19_000898,0.056144310904540834,0.035890696030725595,0.035890696030725595,0.035890696030725595
C.dev.gold.bea19_000910,0.054051176472908566,0.05869194153232455,0.054073156385198995,0.054073156385198995
C.dev.gold.bea19_000921,0.01818181818181818,0.01818181818181818,0.01818181818181818,0.01818181818181818
C.dev.gold.bea19_000927,0.019790321659515622,0.01552576285509407,0.019790321659515622,0.019790321659515622
C.dev.gold.bea19_000953,0.045454545454545456,0.045454545454545456,0.045454545454545456,0.045454545454545456
C.dev.gold.bea19_000963,0.038566514925928705,0.019275415552745808,0.01818181818181818,0.01818181818181818
C.dev.gold.bea19_000982,0.03791551591634948,0.028824606825440392,0.028824606825440392,0.028824606825440392
C.dev.gold.bea19_001012,0.027023398279467297,0.027023398279467297,0.027023398279467297,0.027023398279467297
C.dev.gold.bea19_001027,0.013636363636363636,0.013636363636363636,0.013636363636363636,0.013636363636363636
C.dev.gold.bea19_001054,0.01818181818181818,0.01818181818181818,0.01818181818181818,0.01818181818181818
A.train.gold.bea19_000008,0.05507449139005562,0.06290604919890491,0.04727794042436827,0.06290604919890491
A.train.gold.bea19_000020,0.04090909090909091,0.03802552823468039,0.042570982780134936,0.042570982780134936
A.train.gold.bea19_000025,0.02682991140937406,0.02475994732295015,0.02475994732295015,0.02475994732295015
A.train.gold.bea19_000035,0.03219589369124887,0.018195725431588018,0.018195725431588018,0.018195725431588018
A.train.gold.bea19_000039,0.06377356523732064,0.05949457906101855,0.03744068493523428,0.05949457906101855
A.train.gold.bea19_000054,0.022024854868215933,0.022024854868215933,0.022024854868215933,0.022024854868215933
A.train.gold.bea19_000056,0.040371740515427246,0.040371740515427246,0.022727272727272728,0.01818181818181818
A.train.gold.bea19_000067,0.013636363636363636,0.013636363636363636,0.013636363636363636,0.013636363636363636
A.train.gold.bea19_000073,0.00909090909090909,0.00909090909090909,0.00909090909090909,0.00909090909090909
A.train.gold.bea19_000074,0.03386433011961413,0.029318875574159586,0.029318875574159586,0.03386433011961413
A.train.gold.bea19_000117,0.052314449022036774,0.02435442095034342,0.01818181818181818,0.05213219872812121
A.train.gold.bea19_000130,0.00909090909090909,0.00909090909090909,0.00909090909090909,0.00909090909090909
A.train.gold.bea19_000134,0.0801971662323778,0.062340945665852826,0.062340945665852826,0.062340945665852826
A.train.gold.bea19_000161,0.06567314941513734,0.06832507841500668,0.047210082300010545,0.047210082300010545
A.train.gold.bea19_000162,0.043049598047578554,0.043049598047578554,0.03636363636363636,0.03636363636363636
A.train.gold.bea19_000178,0.06899360963679212,0.030316937552800148,0.030316937552800148,0.030316937552800148
A.train.gold.bea19_000181,0.034056204389656536,0.03229754460711464,0.034056204389656536,0.03229754460711464
A.train.gold.bea19_000183,0.02065730864084883,0.02065730864084883,0.02065730864084883,0.02065730864084883
A.train.gold.bea19_000184,0.01156639954993974,0.01156639954993974,0.01156639954993974,0.01156639954993974
A.train.gold.bea19_000195,0.03437537556347388,0.03437537556347388,0.03437537556347388,0.03437537556347388
A.train.gold.bea19_000202,0.03149350649350648,0.03149350649350648,0.03149350649350648,0.03149350649350648
A.train.gold.bea19_000220,0.2925348921431189,0.2608817581697747,0.24181847858042554,0.24181847858042554
A.train.gold.bea19_000221,0.10101964636849037,0.07035229458117107,0.07035229458117107,0.07035229458117107
A.train.gold.bea19_000231,0.015263511859434335,0.015263511859434335,0.015263511859434335,0.015263511859434335
A.train.gold.bea19_000238,0.023123629345713034,0.023123629345713034,0.023123629345713034,0.035951615124773496
A.train.gold.bea19_000240,0.00909090909090909,0.00909090909090909,0.00909090909090909,0.00909090909090909
A.train.gold.bea19_000294,0.08703970069323927,0.045454545454545456,0.045454545454545456,0.045454545454545456
A.train.gold.bea19_000346,0.01818181818181818,0.013636363636363636,0.013636363636363636,0.013636363636363636
A.train.gold.bea19_000347,0.031818181818181815,0.02727272727272727,0.02727272727272727,0.02727272727272727
A.train.gold.bea19_000352,0.01818181818181818,0.01818181818181818,0.01818181818181818,0.01818181818181818
A.train.gold.bea19_000367,0.0656552181928542,0.04779807533571133,0.04779807533571133,0.04779807533571133
A.train.gold.bea19_000425,0.016077085970969678,0.016077085970969678,0.016077085970969678,0.016077085970969678
A.train.gold.bea19_000451,0.05704134753731186,0.051184332359717484,0.051184332359717484,0.051184332359717484
A.train.gold.bea19_000457,0.043241428356911166,0.02727272727272727,0.02727272727272727,0.02727272727272727
A.train.gold.bea19_000462,0.00909090909090909,0.00909090909090909,0.00909090909090909,0.00909090909090909
A.train.gold.bea19_000468,0.07630882820836732,0.058782537758918486,0.02727272727272727,0.02727272727272727
A.train.gold.bea19_000490,0.00909090909090909,0.00909090909090909,0.00909090909090909,0.00909090909090909
A.train.gold.bea19_000513,0.042978306121810646,0.02727272727272727,0.031818181818181815,0.02727272727272727
A.train.gold.bea19_000517,0.06291943362237656,0.038874376733958604,0.038874376733958604,0.038874376733958604
A.train.gold.bea19_000531,0.00909090909090909,0.00909090909090909,0.00909090909090909,0.00909090909090909
A.train.gold.bea19_000545,0.024076174209266582,0.013895965632067233,0.013895965632067233,0.013895965632067233
A.train.gold.bea19_000571,0.05416014443390364,0.03636363636363636,0.03636363636363636,0.03636363636363636
A.train.gold.bea19_000574,0.01818181818181818,0.013636363636363636,0.00909090909090909,0.013636363636363636
A.train.gold.bea19_000581,0.004545454545454545,0.004545454545454545,0.004545454545454545,0.004545454545454545
A.train.gold.bea19_000584,0.03771600206142954,0.024212827086323167,0.024212827086323167,0.024212827086323167
A.train.gold.bea19_000617,0.02727272727272727,0.02727272727272727,0.02727272727272727,0.02727272727272727
A.train.gold.bea19_000622,0.016904567332274856,0.016904567332274856,0.016904567332274856,0.016904567332274856
A.train.gold.bea19_000624,0.00909090909090909,0.013636363636363636,0.00909090909090909,0.00909090909090909
A.train.gold.bea19_000635,0.05587067411835169,0.03965013376942338,0.03965013376942338,0.03965013376942338
A.train.gold.bea19_000637,0.025868855128347735,0.025868855128347735,0.025868855128347735,0.025868855128347735
A.train.gold.bea19_000663,0.01818181818181818,0.01818181818181818,0.017152911078164787,0.01818181818181818
A.train.gold.bea19_000679,0.029748217731757905,0.029748217731757905,0.022727272727272728,0.029748217731757905
A.train.gold.bea19_000756,0.01554284524500873,0.01554284524500873,0.01554284524500873,0.01554284524500873
A.train.gold.bea19_000764,0.06708505634224232,0.06708505634224232,0.06708505634224232,0.06708505634224232
A.train.gold.bea19_000771,0.04087416655387345,0.022727272727272728,0.022727272727272728,0.022727272727272728
A.train.gold.bea19_000788,0.0673794264623705,0.06283397191691595,0.06283397191691595,0.06283397191691595
A.train.gold.bea19_000809,0.02727272727272727,0.02727272727272727,0.02727272727272727,0.02727272727272727
A.train.gold.bea19_000810,0.022727272727272728,0.022727272727272728,0.022727272727272728,0.022727272727272728
A.train.gold.bea19_000818,0.01818181818181818,0.01818181818181818,0.01818181818181818,0.01818181818181818
A.train.gold.bea19_000894,0.047916128663806255,0.03882521957289716,0.03882521957289716,0.043298210027445716
A.train.gold.bea19_000898,0.05948358248528026,0.05948358248528026,0.039662824328352955,0.039662824328352955
A.train.gold.bea19_000911,0.07370737546849518,0.04933046498029491,0.03309669874652867,0.03309669874652867
A.train.gold.bea19_000938,0.0652735046097235,0.06493345871829245,0.06493345871829245,0.05468646822778586
A.train.gold.bea19_000973,0.00909090909090909,0.00909090909090909,0.00909090909090909,0.00909090909090909
A.train.gold.bea19_000975,0.00909090909090909,0.00909090909090909,0.00909090909090909,0.00909090909090909
A.train.gold.bea19_000978,0.029724241916976132,0.025178787371521585,0.016087878280612495,0.016087878280612495
A.train.gold.bea19_001014,0.02475994732295015,0.02475994732295015,0.02475994732295015,0.02475994732295015
A.train.gold.bea19_001016,0.022446376986239733,0.022446376986239733,0.00909090909090909,0.022446376986239733
A.train.gold.bea19_001025,0.05746308128527785,0.04382671764891421,0.0529176267398233,0.048372172194368755
A.train.gold.bea19_001032,0.00909090909090909,0.00909090909090909,0.00909090909090909,0.00909090909090909
A.train.gold.bea19_001089,0.013636363636363636,0.013636363636363636,0.013636363636363636,0.013636363636363636
A.train.gold.bea19_001092,0.029760367610875,0.029760367610875,0.01818181818181818,0.01818181818181818
A.train.gold.bea19_001098,0.00909090909090909,0.00909090909090909,0.00909090909090909,0.00909090909090909
A.train.gold.bea19_001100,0.05130908789358694,0.05130908789358694,0.05128299858197234,0.05130908789358694
A.train.gold.bea19_001118,0.030689461137986346,0.030689461137986346,0.030689461137986346,0.030689461137986346
A.train.gold.bea19_001134,0.022727272727272728,0.027650439145794323,0.027650439145794323,0.027650439145794323
A.train.gold.bea19_001144,0.00909090909090909,0.00909090909090909,0.00909090909090909,0.00909090909090909
A.train.gold.bea19_001151,0.03129523090620079,0.03636363636363636,0.03636363636363636,0.03636363636363636
A.train.gold.bea19_001156,0.08352319864205793,0.05149283429709298,0.040381257757323305,0.046947379751638436
A.train.gold.bea19_001177,0.038217370453233056,0.038217370453233056,0.038217370453233056,0.038217370453233056
A.train.gold.bea19_001210,0.0235028824551182,0.016193557381655694,0.016193557381655694,0.016193557381655694
A.train.gold.bea19_001224,0.07036099115237836,0.0550159645045494,0.0550159645045494,0.0550159645045494
A.train.gold.bea19_001293,0.02765043914579433,0.02765043914579433,0.015263511859434328,0.015263511859434328
A.train.gold.bea19_001312,0.03299776945775054,0.028452314912296,0.022727272727272728,0.028452314912296
A.train.gold.bea19_001353,0.04683900104899903,0.04683900104899903,0.04683900104899903,0.04683900104899903
A.train.gold.bea19_001372,0.026405740291394093,0.01910654854583207,0.01910654854583207,0.01910654854583207
A.train.gold.bea19_001374,0.05848543778198079,0.053727688907527556,0.053727688907527556,0.05848543778198079
A.train.gold.bea19_001404,0.06813707270226652,0.06813707270226652,0.06813707270226652,0.06813707270226652
A.train.gold.bea19_001405,0.07048626774774709,0.013636363636363636,0.00909090909090909,0.026731294301395786
A.train.gold.bea19_001417,0.00909090909090909,0.00909090909090909,0.00909090909090909,0.00909090909090909
A.train.gold.bea19_001420,0.023482696473406825,0.023482696473406825,0.00909090909090909,0.013799457747300806
A.train.gold.bea19_001446,0.03547800463692994,0.01818181818181818,0.01818181818181818,0.01818181818181818
A.train.gold.bea19_001454,0.03636363636363636,0.039705524670846024,0.039705524670846024,0.039705524670846024
A.train.gold.bea19_001464,0.028590654419665573,0.03768156351057467,0.028590654419665573,0.028590654419665573
A.train.gold.bea19_001470,0.03503518877357671,0.03503518877357671,0.03503518877357671,0.03503518877357671
A.train.gold.bea19_001504,0.06635504792959354,0.06635504792959354,0.06635504792959354,0.06635504792959354
A.train.gold.bea19_001506,0.03419441666034488,0.00909090909090909,0.00909090909090909,0.00909090909090909
A.train.gold.bea19_001516,0.07658807458102929,0.05479673481100366,0.05479673481100366,0.053038461090103094
A.train.gold.bea19_001523,0.05676389208911457,0.04422621981034885,0.031818181818181815,0.04312752845275093
A.train.gold.bea19_001524,0.09655282416512025,0.05241342136582955,0.04673185357541183,0.04673185357541183
A.train.gold.bea19_001551,0.01818181818181818,0.01818181818181818,0.01818181818181818,0.01818181818181818
A.train.gold.bea19_001563,0.01611185409539427,0.01611185409539427,0.01611185409539427,0.01611185409539427
A.train.gold.bea19_001576,0.10183162601329862,0.0830398426182035,0.08234990390400031,0.0830398426182035
A.train.gold.bea19_001592,0.058011226741923744,0.04043062200956936,0.04043062200956936,0.04043062200956936
A.train.gold.bea19_001595,0.0404421344532679,0.0442790910827208,0.027991212294842006,0.0442790910827208
A.train.gold.bea19_001615,0.03387996004320711,0.03387996004320711,0.02940435420818747,0.03387996004320711
A.train.gold.bea19_001629,0.06791728216567677,0.06375568332404799,0.022918497411607962,0.06791728216567677
A.train.gold.bea19_001635,0.014954290783301937,0.014954290783301937,0.014954290783301937,0.014954290783301937
A.train.gold.bea19_001683,0.02318223846974303,0.02318223846974303,0.013636363636363636,0.02318223846974303
A.train.gold.bea19_001697,0.015263511859434335,0.015263511859434335,0.015263511859434335,0.015263511859434335
A.train.gold.bea19_001721,0.00909090909090909,0.00909090909090909,0.00909090909090909,0.00909090909090909
A.train.gold.bea19_001762,0.06172388449852954,0.022727272727272728,0.022727272727272728,0.022727272727272728
A.train.gold.bea19_001763,0.03760211355366588,0.03305665900821133,0.03305665900821133,0.03305665900821133
A.train.gold.bea19_001780,0.11054033977268655,0.11054033977268655,0.11054033977268655,0.11054033977268655
A.train.gold.bea19_001808,0.029734310481988067,0.02799733349514249,0.02799733349514249,0.02799733349514249
A.train.gold.bea19_001817,0.045220617524736884,0.022727272727272728,0.022727272727272728,0.022727272727272728
A.train.gold.bea19_001821,0.02727272727272727,0.022727272727272728,0.022727272727272728,0.022727272727272728
A.train.gold.bea19_001836,0.031818181818181815,0.02727272727272727,0.02727272727272727,0.03493088440030296
A.train.gold.bea19_001839,0.04090909090909091,0.04090909090909091,0.04090909090909091,0.04090909090909091
A.train.gold.bea19_001864,0.05597820233209769,0.0348951608297578,0.0348951608297578,0.0348951608297578
A.train.gold.bea19_001906,0.02270862798189948,0.029286757123031436,0.013636363636363636,0.013636363636363636
A.train.gold.bea19_001924,0.03027007072312124,0.03027007072312124,0.029162126491457708,0.029162126491457708
A.train.gold.bea19_001943,0.03319384482223279,0.03319384482223279,0.03319384482223279,0.03319384482223279
A.train.gold.bea19_001945,0.022727272727272728,0.02727272727272727,0.02727272727272727,0.02727272727272727
A.train.gold.bea19_001991,0.037534061473584,0.01611185409539427,0.01611185409539427,0.01611185409539427
A.train.gold.bea19_002001,0.05486826020029452,0.051292752598965916,0.044315629090161734,0.051292752598965916
A.train.gold.bea19_002065,0.004545454545454545,0.004545454545454545,0.004545454545454545,0.004545454545454545
A.train.gold.bea19_002077,0.01983678090442854,0.01983678090442854,0.01983678090442854,0.01983678090442854
A.train.gold.bea19_002097,0.07149942527537768,0.037780339752064906,0.07149942527537768,0.037780339752064906
A.train.gold.bea19_002136,0.013636363636363636,0.013636363636363636,0.00909090909090909,0.013636363636363636
A.train.gold.bea19_002165,0.013636363636363636,0.01980896640488888,0.013636363636363636,0.01980896640488888
A.train.gold.bea19_002183,0.017740052943217333,0.017740052943217333,0.017740052943217333,0.017740052943217333
A.train.gold.bea19_002202,0.02790203032481231,0.02790203032481231,0.022727272727272728,0.02790203032481231
A.train.gold.bea19_002212,0.05189352554558523,0.048090884124856334,0.04978001096902718,0.05378888982286205
A.train.gold.bea19_002242,0.06033527651929207,0.05120614612179963,0.04666069157634508,0.05120614612179963
A.train.gold.bea19_002244,0.030343455826995998,0.030343455826995998,0.030343455826995998,0.030343455826995998
A.train.gold.bea19_002276,0.01818181818181818,0.01818181818181818,0.01818181818181818,0.01818181818181818
A.train.gold.bea19_002300,0.06425369674566381,0.06425369674566381,0.056146624255648585,0.056146624255648585
A.train.gold.bea19_002329,0.022948152576558363,0.013855402820238545,0.01840085736569309,0.013855402820238545
A.train.gold.bea19_002337,0.0667298832091104,0.05888814817583722,0.054342693630382674,0.05888814817583722
A.train.gold.bea19_002343,0.01773900231846497,0.01773900231846497,0.00909090909090909,0.00909090909090909
A.train.gold.bea19_002354,0.049375779415558124,0.049375779415558124,0.049375779415558124,0.049375779415558124
A.train.gold.bea19_002360,0.013636363636363636,0.013636363636363636,0.013636363636363636,0.013636363636363636
A.train.gold.bea19_002380,0.047654899715544354,0.013636363636363636,0.013636363636363636,0.013636363636363636
A.train.gold.bea19_002405,0.01910654854583207,0.01910654854583207,0.01910654854583207,0.01910654854583207
A.train.gold.bea19_002406,0.05366596842339072,0.05366596842339072,0.02727272727272727,0.0485427308647712
A.train.gold.bea19_002409,0.00909090909090909,0.00909090909090909,0.00909090909090909,0.00909090909090909
A.train.gold.bea19_002419,0.08971731309403905,0.07402284283741001,0.06818181818181818,0.06818181818181818
A.train.gold.bea19_002442,0.06901182327131587,0.06901182327131587,0.06901182327131587,0.06901182327131587
A.train.gold.bea19_002456,0.037598000465195,0.04214345501064955,0.04214345501064955,0.037598000465195
A.train.gold.bea19_002459,0.004545454545454545,0.004545454545454545,0.0,0.004545454545454545
A.train.gold.bea19_002479,0.03319500821771677,0.019558644581353143,0.02410409912680769,0.019558644581353143
A.train.gold.bea19_002491,0.024634965655878967,0.02008951111042442,0.02008951111042442,0.02008951111042442
A.train.gold.bea19_002498,0.05144842561443765,0.051170178873360825,0.013636363636363636,0.051170178873360825
A.train.gold.bea19_002516,0.08452747412481157,0.031818181818181815,0.031818181818181815,0.07341779768799489
A.train.gold.bea19_002548,0.01818181818181818,0.024867779865760376,0.01818181818181818,0.024867779865760376
A.train.gold.bea19_002561,0.00909090909090909,0.00909090909090909,0.00909090909090909,0.00909090909090909
A.train.gold.bea19_002581,0.05003226731338803,0.040762200122502805,0.022727272727272728,0.040762200122502805
A.train.gold.bea19_002658,0.033263158728173696,0.022727272727272728,0.022727272727272728,0.022727272727272728
A.train.gold.bea19_002661,0.027202878562292365,0.01818181818181818,0.01818181818181818,0.01818181818181818
A.train.gold.bea19_002682,0.013636363636363636,0.013636363636363636,0.013636363636363636,0.013636363636363636
A.train.gold.bea19_002708,0.004545454545454545,0.004545454545454545,0.004545454545454545,0.004545454545454545
A.train.gold.bea19_002725,0.06272962577414443,0.06272962577414443,0.06272962577414443,0.04090909090909091
A.train.gold.bea19_002741,0.025505881628786743,0.025505881628786743,0.025505881628786743,0.025505881628786743
A.train.gold.bea19_002747,0.03636363636363636,0.03636363636363636,0.03636363636363636,0.02727272727272727
A.train.gold.bea19_002758,0.004545454545454545,0.004545454545454545,0.004545454545454545,0.004545454545454545
A.train.gold.bea19_002768,0.04067614808771883,0.04554589441189727,0.04554589441189727,0.04554589441189727
A.train.gold.bea19_002790,0.06185382119786157,0.052544514422566954,0.0517653331604624,0.0517653331604624
A.train.gold.bea19_002804,0.048649071947033204,0.048649071947033204,0.048649071947033204,0.048649071947033204
A.train.gold.bea19_002811,0.00909090909090909,0.00909090909090909,0.00909090909090909,0.00909090909090909
A.train.gold.bea19_002828,0.041937342031880646,0.03284643294097156,0.024607151156339307,0.024607151156339307
A.train.gold.bea19_002847,0.041818181818181824,0.03727272727272728,0.031818181818181815,0.041818181818181824
A.train.gold.bea19_002869,0.031818181818181815,0.031818181818181815,0.031818181818181815,0.031818181818181815
A.train.gold.bea19_002933,0.00909090909090909,0.00909090909090909,0.00909090909090909,0.00909090909090909
A.train.gold.bea19_002969,0.022727272727272728,0.022727272727272728,0.022727272727272728,0.022727272727272728
A.train.gold.bea19_002982,0.12418980660199808,0.117523294299713,0.11240295550890554,0.107857500963451
A.train.gold.bea19_003003,0.00909090909090909,0.00909090909090909,0.00909090909090909,0.00909090909090909
A.train.gold.bea19_003008,0.01818181818181818,0.01818181818181818,0.013636363636363636,0.013636363636363636
A.train.gold.bea19_003026,0.11346669313076123,0.10544173425385678,0.08113043734169688,0.07069280035686844
A.train.gold.bea19_003031,0.09577050302107588,0.04335353419406383,0.04335353419406383,0.03880807964860928
A.train.gold.bea19_003037,0.01818181818181818,0.01818181818181818,0.01818181818181818,0.01818181818181818
A.train.gold.bea19_003045,0.00909090909090909,0.00909090909090909,0.00909090909090909,0.00909090909090909
A.train.gold.bea19_003046,0.013636363636363636,0.013636363636363636,0.00909090909090909,0.013636363636363636
A.train.gold.bea19_003052,0.03960795810500861,0.031818181818181815,0.031818181818181815,0.031818181818181815
A.train.gold.bea19_003063,0.013636363636363636,0.013636363636363636,0.013636363636363636,0.013636363636363636
A.train.gold.bea19_003081,0.04566916321667534,0.040839242198655964,0.040839242198655964,0.040839242198655964
A.train.gold.bea19_003102,0.018937241927952278,0.018937241927952278,0.018937241927952278,0.018937241927952278
A.train.gold.bea19_003116,0.04234917939821198,0.04234917939821198,0.030770629969155167,0.030770629969155167
A.train.gold.bea19_003123,0.01818181818181818,0.01818181818181818,0.01818181818181818,0.01818181818181818
A.train.gold.bea19_003129,0.013636363636363636,0.013636363636363636,0.013636363636363636,0.013636363636363636
A.train.gold.bea19_003134,0.08017471500282435,0.08472016954827889,0.07777572510383444,0.08472016954827889
A.train.gold.bea19_003171,0.07775410848153314,0.05569827147522919,0.05569827147522919,0.05569827147522919
A.train.gold.bea19_003186,0.01552576285509407,0.01552576285509407,0.00909090909090909,0.01552576285509407
A.train.gold.bea19_003188,0.02007121740054863,0.02007121740054863,0.02007121740054863,0.02007121740054863
A.train.gold.bea19_003198,0.02696103690720393,0.06267532262148966,0.06267532262148966,0.06267532262148966
A.train.gold.bea19_003208,0.04027451235854205,0.04027451235854205,0.04027451235854205,0.04027451235854205
A.train.gold.bea19_003232,0.02727272727272727,0.02727272727272727,0.02727272727272727,0.02727272727272727
A.train.gold.bea19_003242,0.00909090909090909,0.00909090909090909,0.00909090909090909,0.00909090909090909
A.train.gold.bea19_003249,0.055039208400373664,0.04197860962566845,0.04197860962566845,0.04197860962566845
A.train.gold.bea19_003252,0.04058441558441558,0.04058441558441558,0.04058441558441558,0.04058441558441558
A.train.gold.bea19_003276,0.20774660329112984,0.20774660329112984,0.20774660329112984,0.2032011487456753
A.train.gold.bea19_003298,0.00909090909090909,0.00909090909090909,0.00909090909090909,0.00909090909090909
A.train.gold.bea19_003337,0.013636363636363636,0.013636363636363636,0.013636363636363636,0.013636363636363636
A.train.gold.bea19_003343,0.03872406125606692,0.03872406125606692,0.03872406125606692,0.03872406125606692
A.train.gold.bea19_003356,0.01818181818181818,0.01818181818181818,0.01818181818181818,0.01818181818181818
A.train.gold.bea19_003364,0.05092097765707925,0.031818181818181815,0.031818181818181815,0.031818181818181815
A.train.gold.bea19_003369,0.00909090909090909,0.00909090909090909,0.00909090909090909,0.00909090909090909
A.train.gold.bea19_003397,0.03629378765320144,0.022727272727272728,0.022727272727272728,0.022727272727272728
A.train.gold.bea19_003505,0.00909090909090909,0.00909090909090909,0.00909090909090909,0.00909090909090909
A.train.gold.bea19_003507,0.011581514132381903,0.01612696867783645,0.01612696867783645,0.01612696867783645
A.train.gold.bea19_003515,0.034578371096315626,0.034578371096315626,0.034578371096315626,0.034578371096315626
A.train.gold.bea19_003525,0.00909090909090909,0.00909090909090909,0.00909090909090909,0.00909090909090909
A.train.gold.bea19_003571,0.06348718089978649,0.06348718089978649,0.06348718089978649,0.06348718089978649
A.train.gold.bea19_003593,0.051193923218496494,0.051193923218496494,0.03841495570468703,0.051193923218496494
A.train.gold.bea19_003599,0.10257746943177472,0.06031795469931655,0.02951321252845976,0.03727272727272728
A.train.gold.bea19_003660,0.004545454545454545,0.01566903823204106,0.004545454545454545,0.004545454545454545
A.train.gold.bea19_003669,0.04090909090909091,0.03636363636363636,0.029096122242550083,0.04523620785429531
A.train.gold.bea19_003686,0.03335416892207943,0.02372041397554214,0.02372041397554214,0.022727272727272728
A.train.gold.bea19_003690,0.016037260664810603,0.016037260664810603,0.016037260664810603,0.016037260664810603
A.train.gold.bea19_003727,0.049719301579361455,0.049719301579361455,0.049719301579361455,0.04164111796515769
A.train.gold.bea19_003763,0.004545454545454545,0.004545454545454545,0.004545454545454545,0.004545454545454545
A.train.gold.bea19_003768,0.04772727272727274,0.04772727272727274,0.04772727272727274,0.04772727272727274
A.train.gold.bea19_003773,0.04889575458630143,0.04889575458630143,0.04889575458630143,0.04889575458630143
A.train.gold.bea19_003782,0.014391787382497735,0.012386927286359987,0.014391787382497735,0.012386927286359987
A.train.gold.bea19_003811,0.015244867114061091,0.02139882513721309,0.02139882513721309,0.02139882513721309
A.train.gold.bea19_003816,0.01818181818181818,0.01818181818181818,0.01818181818181818,0.01818181818181818
A.train.gold.bea19_003841,0.02046496931237618,0.02046496931237618,0.03008658008658007,0.03008658008658007
A.train.gold.bea19_003852,0.02892768999533763,0.02892768999533763,0.02892768999533763,0.02892768999533763
A.train.gold.bea19_003861,0.01841950572333899,0.01841950572333899,0.01841950572333899,0.01841950572333899
A.train.gold.bea19_003862,0.028559467562568087,0.013636363636363636,0.013636363636363636,0.028559467562568087
A.train.gold.bea19_003874,0.14411688427752686,0.12150915056697814,0.12150915056697814,0.12150915056697814
A.train.gold.bea19_003893,0.015291326358973994,0.015291326358973994,0.015291326358973994,0.015291326358973994
A.train.gold.bea19_003908,0.03636363636363636,0.03636363636363636,0.03636363636363636,0.03636363636363636
A.train.gold.bea19_003910,0.045454545454545456,0.04090909090909091,0.045454545454545456,0.04090909090909091
A.train.gold.bea19_003911,0.0388512767017841,0.0388512767017841,0.0388512767017841,0.0388512767017841
A.train.gold.bea19_003912,0.08433569065785394,0.0752591460348154,0.07462295753063844,0.07462295753063844
A.train.gold.bea19_003929,0.019808966404888873,0.019808966404888873,0.019808966404888873,0.019808966404888873
A.train.gold.bea19_003939,0.04510463567623558,0.04510463567623558,0.04510463567623558,0.04510463567623558
A.train.gold.bea19_003978,0.02184164100056629,0.02184164100056629,0.02184164100056629,0.02184164100056629
A.train.gold.bea19_003984,0.013636363636363636,0.013636363636363636,0.013636363636363636,0.013636363636363636
A.train.gold.bea19_004039,0.05445541389829353,0.03636363636363636,0.03636363636363636,0.03636363636363636
A.train.gold.bea19_004047,0.05259064855058254,0.04826839826839828,0.04090909090909091,0.04826839826839828
A.train.gold.bea19_004064,0.022727272727272728,0.022727272727272728,0.022727272727272728,0.022727272727272728
A.train.gold.bea19_004080,0.013636363636363636,0.013636363636363636,0.013636363636363636,0.013636363636363636
A.train.gold.bea19_004094,0.12888064715262768,0.09720185095659846,0.09720185095659846,0.09265639641114391
A.train.gold.bea19_004100,0.04090909090909091,0.04090909090909091,0.04090909090909091,0.04090909090909091
A.train.gold.bea19_004128,0.12016596828578208,0.10285153754112793,0.10285153754112793,0.09494538111653038
A.train.gold.bea19_004131,0.04765742401683779,0.04211293812036039,0.04211293812036039,0.04211293812036039
A.train.gold.bea19_004134,0.04520821207732855,0.03955550848076216,0.03955550848076216,0.03955550848076216
A.train.gold.bea19_004139,0.02727272727272727,0.03392070512429416,0.02727272727272727,0.02727272727272727
A.train.gold.bea19_004147,0.043077246430900246,0.04762270097635479,0.04762270097635479,0.04762270097635479
A.train.gold.bea19_004173,0.04296041025014158,0.03636363636363636,0.03841495570468703,0.03841495570468703
A.train.gold.bea19_004174,0.08237990705582805,0.0619246366050492,0.052833727514140116,0.052833727514140116
A.train.gold.bea19_004184,0.00909090909090909,0.00909090909090909,0.00909090909090909,0.00909090909090909
A.train.gold.bea19_004188,0.022284456863919513,0.01773900231846497,0.01773900231846497,0.01773900231846497
A.train.gold.bea19_004190,0.03099243254162069,0.00909090909090909,0.00909090909090909,0.00909090909090909
A.train.gold.bea19_004193,0.0348951608297578,0.0348951608297578,0.0348951608297578,0.0348951608297578
A.train.gold.bea19_004194,0.015142139497806675,0.015142139497806675,0.015142139497806675,0.016125761345164108
A.train.gold.bea19_004199,0.041958041958041974,0.01818181818181818,0.01818181818181818,0.01818181818181818
A.train.gold.bea19_004237,0.06628680278215796,0.04801173919983752,0.020973503209365814,0.04801173919983752
A.train.gold.bea19_004240,0.004545454545454545,0.004545454545454545,0.004545454545454545,0.004545454545454545
A.train.gold.bea19_004250,0.043691357354472264,0.04482825417406076,0.04482825417406076,0.04482825417406076
A.train.gold.bea19_004261,0.01818181818181818,0.01818181818181818,0.01818181818181818,0.01818181818181818
A.train.gold.bea19_004290,0.013636363636363636,0.013636363636363636,0.013636363636363636,0.013636363636363636
A.train.gold.bea19_004292,0.031818181818181815,0.02943832290339981,0.03476128941057685,0.03476128941057685
A.train.gold.bea19_004340,0.04166721767990619,0.04166721767990619,0.03455327427291603,0.04166721767990619
A.train.gold.bea19_004347,0.013636363636363636,0.022727272727272728,0.01818181818181818,0.013636363636363636
A.train.gold.bea19_004361,0.013636363636363636,0.00909090909090909,0.013636363636363636,0.00909090909090909
A.train.gold.bea19_004363,0.02147783637726909,0.02147783637726909,0.02147783637726909,0.02147783637726909
A.train.gold.bea19_004417,0.01577849306108995,0.01577849306108995,0.01577849306108995,0.01577849306108995
A.train.gold.bea19_004439,0.02459537820067378,0.02459537820067378,0.02459537820067378,0.02459537820067378
A.train.gold.bea19_004446,0.04478922655193987,0.022061953824667146,0.015874166553873432,0.015874166553873432
A.train.gold.bea19_004456,0.00909090909090909,0.00909090909090909,0.00909090909090909,0.00909090909090909
A.train.gold.bea19_004468,0.10282397453087685,0.08323818039484315,0.08323818039484315,0.08323818039484315
A.train.gold.bea19_004477,0.01840234742816842,0.01818181818181818,0.01818181818181818,0.01818181818181818
A.train.gold.bea19_004493,0.044876430537268336,0.01818181818181818,0.01818181818181818,0.01818181818181818
A.train.gold.bea19_004503,0.013636363636363636,0.01818181818181818,0.01818181818181818,0.01818181818181818
A.train.gold.bea19_004508,0.00909090909090909,0.00909090909090909,0.013636363636363636,0.00909090909090909
A.train.gold.bea19_004515,0.053215363433611766,0.04753462125751441,0.04043887147335422,0.04753462125751441
A.train.gold.bea19_004541,0.05158610803789933,0.05158610803789933,0.05158610803789933,0.05158610803789933
A.train.gold.bea19_004557,0.026243820169073864,0.026243820169073864,0.018726951807411612,0.026243820169073864
A.train.gold.bea19_004560,0.00909090909090909,0.00909090909090909,0.00909090909090909,0.00909090909090909
A.train.gold.bea19_004574,0.013636363636363636,0.00909090909090909,0.00909090909090909,0.00909090909090909
A.train.gold.bea19_004619,0.04989522407576343,0.03239874408813523,0.013636363636363636,0.03239874408813523
A.train.gold.bea19_004647,0.01818181818181818,0.01818181818181818,0.01818181818181818,0.01818181818181818
A.train.gold.bea19_004657,0.02752107101861717,0.022727272727272728,0.022727272727272728,0.022727272727272728
A.train.gold.bea19_004659,0.04872159090909091,0.039630681818181815,0.04872159090909091,0.039630681818181815
A.train.gold.bea19_004663,0.016918474582044693,0.016918474582044693,0.016918474582044693,0.016918474582044693
A.train.gold.bea19_004670,0.00909090909090909,0.00909090909090909,0.00909090909090909,0.00909090909090909
A.train.gold.bea19_004684,0.06955662048665041,0.02727272727272727,0.031818181818181815,0.02727272727272727
A.train.gold.bea19_004690,0.04723320158102769,0.04723320158102769,0.04723320158102769,0.04723320158102769
A.train.gold.bea19_004701,0.070470020901819,0.070470020901819,0.06256898582880147,0.070470020901819
A.train.gold.bea19_004705,0.013636363636363636,0.013636363636363636,0.013636363636363636,0.013636363636363636
A.train.gold.bea19_004711,0.00909090909090909,0.00909090909090909,0.00909090909090909,0.00909090909090909
A.train.gold.bea19_004718,0.021081479758828785,0.021081479758828785,0.00909090909090909,0.021081479758828785
A.train.gold.bea19_004736,0.04090909090909091,0.03248000329252278,0.03248000329252278,0.03248000329252278
A.train.gold.bea19_004742,0.04816772345509692,0.043622268909642374,0.043622268909642374,0.043622268909642374
A.train.gold.bea19_004762,0.03274291218219571,0.03274291218219571,0.03274291218219571,0.03274291218219571
A.train.gold.bea19_004770,0.045329934238937324,0.045329934238937324,0.045329934238937324,0.045329934238937324
A.train.gold.bea19_004775,0.03030649447251843,0.026009383672953787,0.013636363636363636,0.026009383672953787
A.train.gold.bea19_004781,0.013636363636363636,0.013636363636363636,0.013636363636363636,0.013636363636363636
A.train.gold.bea19_004812,0.00909090909090909,0.00909090909090909,0.00909090909090909,0.00909090909090909
A.train.gold.bea19_004820,0.013636363636363636,0.013636363636363636,0.013636363636363636,0.013636363636363636
A.train.gold.bea19_004846,0.02727272727272727,0.02727272727272727,0.01818181818181818,0.01818181818181818
A.train.gold.bea19_004894,0.04919132683940626,0.05467075576964705,0.03367508477397604,0.03367508477397604
A.train.gold.bea19_004900,0.038943329450260626,0.038943329450260626,0.027650439145794323,0.027650439145794323
A.train.gold.bea19_004902,0.04070189093117649,0.04456891372783903,0.026467024432344104,0.026467024432344104
A.train.gold.bea19_004907,0.06990464699320796,0.06990464699320796,0.06990464699320796,0.06990464699320796
A.train.gold.bea19_004916,0.04273248587891372,0.03818703133345917,0.03818703133345917,0.03818703133345917
A.train.gold.bea19_004922,0.013636363636363636,0.013636363636363636,0.013636363636363636,0.013636363636363636
A.train.gold.bea19_004929,0.00909090909090909,0.00909090909090909,0.00909090909090909,0.00909090909090909
A.train.gold.bea19_004956,0.0432030816636132,0.038657627118158656,0.038657627118158656,0.038657627118158656
A.train.gold.bea19_004964,0.042557347258941385,0.045454545454545456,0.045454545454545456,0.045454545454545456
A.train.gold.bea19_004970,0.00909090909090909,0.00909090909090909,0.00909090909090909,0.00909090909090909
A.train.gold.bea19_004978,0.05106951871657754,0.05106951871657754,0.02756074517595522,0.02756074517595522
A.train.gold.bea19_004983,0.051823394969822814,0.0453819414831334,0.03818703133345917,0.04727546702871863
A.train.gold.bea19_004985,0.050260080414878915,0.03944061537521236,0.02881121677851528,0.03944061537521236
A.train.gold.bea19_004989,0.04924159654571593,0.04924159654571593,0.04924159654571593,0.04924159654571593
A.train.gold.bea19_004990,0.04853403657599464,0.04853403657599464,0.04853403657599464,0.04853403657599464
A.train.gold.bea19_004992,0.1373840195358724,0.10516033843712887,0.10516033843712887,0.10516033843712887
A.train.gold.bea19_005021,0.022727272727272728,0.022727272727272728,0.022727272727272728,0.022727272727272728
A.train.gold.bea19_005050,0.038142292490118565,0.038142292490118565,0.038142292490118565,0.038142292490118565
A.train.gold.bea19_005058,0.03607023970798882,0.022433876071625187,0.026979330617079734,0.026009383672953787
A.train.gold.bea19_005066,0.00909090909090909,0.00909090909090909,0.00909090909090909,0.00909090909090909
A.train.gold.bea19_005109,0.03682610299030073,0.04227732136110576,0.01818181818181818,0.04227732136110576
A.train.gold.bea19_005121,0.02727272727272727,0.022727272727272728,0.022727272727272728,0.022727272727272728
A.train.gold.bea19_005139,0.022727272727272728,0.022727272727272728,0.022727272727272728,0.022727272727272728
A.train.gold.bea19_005217,0.24479898553881954,0.22186517603528533,0.21515100631977832,0.22186517603528533
A.train.gold.bea19_005222,0.029479471869842018,0.029479471869842018,0.029479471869842018,0.029479471869842018
A.train.gold.bea19_005229,0.46274727788790804,0.4209412174008417,0.42382449758017354,0.20777871084954502
A.train.gold.bea19_005250,0.06483306609766698,0.054343970369283755,0.059549709048329326,0.05030601156933771
A.train.gold.bea19_005274,0.024759947322950136,0.024759947322950136,0.02021449277749559,0.024759947322950136
A.train.gold.bea19_005286,0.02727272727272727,0.026726600411083837,0.01818181818181818,0.01818181818181818
A.train.gold.bea19_005309,0.039880183805437494,0.039880183805437494,0.039880183805437494,0.039880183805437494
A.train.gold.bea19_005322,0.031898164533818336,0.016918474582044693,0.016918474582044693,0.016918474582044693
A.train.gold.bea19_005330,0.00909090909090909,0.00909090909090909,0.00909090909090909,0.00909090909090909
A.train.gold.bea19_005332,0.016428048663911267,0.016428048663911267,0.016428048663911267,0.00909090909090909
A.train.gold.bea19_005341,0.02531841294754724,0.01818181818181818,0.01818181818181818,0.01818181818181818
A.train.gold.bea19_005344,0.00909090909090909,0.00909090909090909,0.00909090909090909,0.00909090909090909
A.train.gold.bea19_005380,0.019289762413481713,0.019289762413481713,0.019289762413481713,0.019289762413481713
A.train.gold.bea19_005392,0.03261313219804553,0.028067677652590984,0.028067677652590984,0.028067677652590984
A.train.gold.bea19_005397,0.0388928654420536,0.0388928654420536,0.0388928654420536,0.0388928654420536
A.train.gold.bea19_005424,0.024335776204970166,0.024335776204970166,0.024335776204970166,0.030844369097252966
A.train.gold.bea19_005427,0.014353580374493687,0.014353580374493687,0.014353580374493687,0.014353580374493687
A.train.gold.bea19_005469,0.013636363636363636,0.013636363636363636,0.013636363636363636,0.013636363636363636
A.train.gold.bea19_005471,0.019592823618644607,0.019592823618644607,0.019592823618644607,0.019592823618644607
A.train.gold.bea19_005486,0.00909090909090909,0.00909090909090909,0.00909090909090909,0.00909090909090909
A.train.gold.bea19_005528,0.038002934465824166,0.02812106950868719,0.01876378309526357,0.02812106950868719
A.train.gold.bea19_005536,0.06541838326952541,0.053516547441801135,0.04721281917544602,0.04721281917544602
A.train.gold.bea19_005546,0.07084966480013034,0.04090909090909091,0.04090909090909091,0.04090909090909091
A.train.gold.bea19_005554,0.028305531889579186,0.023829926054559532,0.025071637688473467,0.025071637688473467
A.train.gold.bea19_005563,0.038142292490118565,0.01818181818181818,0.013636363636363636,0.01818181818181818
A.train.gold.bea19_005585,0.01818181818181818,0.01818181818181818,0.013636363636363636,0.01818181818181818
A.train.gold.bea19_005588,0.03261313219804553,0.03474475913350573,0.028067677652590984,0.028067677652590984
A.train.gold.bea19_005590,0.004545454545454545,0.004545454545454545,0.004545454545454545,0.004545454545454545
A.train.gold.bea19_005593,0.10354702040766942,0.042619293376285915,0.04220466101922817,0.04220466101922817
A.train.gold.bea19_005594,0.03723351625933723,0.028142607168428136,0.03723351625933723,0.032688061713882686
A.train.gold.bea19_005596,0.11658795945264012,0.09744629059271842,0.08380992695635478,0.09744629059271842
A.train.gold.bea19_005601,0.06825966265780259,0.03871420811234802,0.03416875356689348,0.03871420811234802
A.train.gold.bea19_005617,0.01818181818181818,0.01818181818181818,0.01818181818181818,0.01818181818181818
A.train.gold.bea19_005622,0.013636363636363636,0.013636363636363636,0.013636363636363636,0.013636363636363636
A.train.gold.bea19_005629,0.0892553153024562,0.05252122986964234,0.05252122986964234,0.05252122986964234
A.train.gold.bea19_005669,0.00909090909090909,0.013636363636363636,0.00909090909090909,0.00909090909090909
A.train.gold.bea19_005695,0.018899034919948248,0.018899034919948248,0.018899034919948248,0.018899034919948248
A.train.gold.bea19_005698,0.05011051983732197,0.04456891372783901,0.04456891372783901,0.04456891372783901
A.train.gold.bea19_005707,0.08563720704010684,0.060185040096005275,0.04769522548273005,0.04769522548273005
A.train.gold.bea19_005719,0.046524064171122995,0.046524064171122995,0.046524064171122995,0.046524064171122995
A.train.gold.bea19_005728,0.04741326757227065,0.04741326757227065,0.04741326757227065,0.04741326757227065
A.train.gold.bea19_005751,0.022727272727272728,0.022727272727272728,0.022727272727272728,0.022727272727272728
A.train.gold.bea19_005786,0.06818181818181818,0.06818181818181818,0.06818181818181818,0.06818181818181818
A.train.gold.bea19_005790,0.09999090969325554,0.0739993199811709,0.0739993199811709,0.06945386543571636
A.train.gold.bea19_005791,0.01818181818181818,0.01818181818181818,0.01818181818181818,0.01818181818181818
A.train.gold.bea19_005803,0.03885630406269794,0.055031733087617184,0.055031733087617184,0.055031733087617184
A.train.gold.bea19_005827,0.046077441515853655,0.04153198697039911,0.04153198697039911,0.04153198697039911
A.train.gold.bea19_005832,0.04116161616161616,0.03661616161616162,0.01818181818181818,0.03661616161616162
A.train.gold.bea19_005844,0.013636363636363636,0.013636363636363636,0.013636363636363636,0.013636363636363636
A.train.gold.bea19_005859,0.10376104095656159,0.08060869525515457,0.09921558641110705,0.06271461776212989
A.train.gold.bea19_005867,0.013767489134193504,0.013767489134193504,0.013767489134193504,0.013767489134193504
A.train.gold.bea19_005919,0.013636363636363636,0.013636363636363636,0.013636363636363636,0.013636363636363636
A.train.gold.bea19_005921,0.06396405411213352,0.045454545454545456,0.045454545454545456,0.045454545454545456
A.train.gold.bea19_005944,0.015263511859434328,0.015263511859434328,0.015263511859434328,0.015263511859434328
A.train.gold.bea19_005983,0.021841641000566306,0.021841641000566306,0.021841641000566306,0.021841641000566306
A.train.gold.bea19_005990,0.03099243254162069,0.00909090909090909,0.00909090909090909,0.00909090909090909
A.train.gold.bea19_005999,0.06309911804613724,0.0494627544097736,0.0494627544097736,0.0494627544097736
A.train.gold.bea19_006002,0.013636363636363636,0.013636363636363636,0.013636363636363636,0.013636363636363636
A.train.gold.bea19_006015,0.022727272727272728,0.022727272727272728,0.022727272727272728,0.022727272727272728
A.train.gold.bea19_006019,0.01818181818181818,0.013636363636363636,0.01818181818181818,0.013636363636363636
A.train.gold.bea19_006050,0.03132416921431226,0.03132416921431226,0.03132416921431226,0.03132416921431226
A.train.gold.bea19_006058,0.013636363636363636,0.013636363636363636,0.013636363636363636,0.013636363636363636
A.train.gold.bea19_006061,0.023868660583382762,0.019323206037928215,0.023868660583382762,0.023868660583382762
A.train.gold.bea19_006064,0.02580554448092959,0.02580554448092959,0.02580554448092959,0.02580554448092959
A.train.gold.bea19_006068,0.023104984600339776,0.023104984600339776,0.023104984600339776,0.023104984600339776
A.train.gold.bea19_006077,0.05454545454545454,0.05,0.04090909090909091,0.05
A.train.gold.bea19_006092,0.10252907740710013,0.07503037957946163,0.07503037957946163,0.07122147854305189
A.train.gold.bea19_006108,0.060454616715785364,0.05,0.05,0.05
A.train.gold.bea19_006110,0.01818181818181818,0.01818181818181818,0.01818181818181818,0.013636363636363636
A.train.gold.bea19_006112,0.051905600648673327,0.051905600648673327,0.03636363636363636,0.051905600648673327
A.train.gold.bea19_006116,0.00909090909090909,0.00909090909090909,0.00909090909090909,0.00909090909090909
A.train.gold.bea19_006144,0.08628784919271407,0.09605504620102762,0.05869594220175524,0.065134922292795
A.train.gold.bea19_006176,0.049883699269197494,0.049883699269197494,0.07003308805640696,0.07003308805640696
A.train.gold.bea19_006227,0.02951751345700656,0.02951751345700656,0.02951751345700656,0.02951751345700656
A.train.gold.bea19_006230,0.02727272727272727,0.022727272727272728,0.022727272727272728,0.022727272727272728
A.train.gold.bea19_006256,0.037543224003205096,0.037543224003205096,0.023906860366841455,0.023906860366841455
A.train.gold.bea19_006292,0.08532838435514259,0.049395333550575404,0.049395333550575404,0.049395333550575404
A.train.gold.bea19_006293,0.07531841294754725,0.055841024655591806,0.055841024655591806,0.055841024655591806
A.train.gold.bea19_006295,0.03034970628430326,0.03034970628430326,0.022727272727272728,0.022727272727272728
A.train.gold.bea19_006309,0.00909090909090909,0.00909090909090909,0.00909090909090909,0.00909090909090909
A.train.gold.bea19_006319,0.04952153110047845,0.04952153110047845,0.031818181818181815,0.031818181818181815
A.train.gold.bea19_006326,0.022727272727272728,0.01818181818181818,0.00909090909090909,0.01818181818181818
A.train.gold.bea19_006331,0.031818181818181815,0.022727272727272728,0.022727272727272728,0.022727272727272728
A.train.gold.bea19_006362,0.033084004340073345,0.033084004340073345,0.033084004340073345,0.033084004340073345
A.train.gold.bea19_006383,0.022964960268793536,0.022964960268793536,0.022964960268793536,0.022964960268793536
A.train.gold.bea19_006405,0.09782772964886018,0.09328227510340563,0.08873682055795108,0.04944050912654104
A.train.gold.bea19_006419,0.02184164100056629,0.02184164100056629,0.013636363636363636,0.02184164100056629
A.train.gold.bea19_006420,0.031818181818181815,0.022727272727272728,0.022727272727272728,0.022727272727272728
A.train.gold.bea19_006456,0.06299889290985806,0.07439350051231626,0.07439350051231626,0.07439350051231626
A.train.gold.bea19_006482,0.00909090909090909,0.00909090909090909,0.00909090909090909,0.00909090909090909
A.train.gold.bea19_006495,0.00909090909090909,0.00909090909090909,0.00909090909090909,0.00909090909090909
A.train.gold.bea19_006516,0.03314340139107898,0.012395700206571932,0.012395700206571932,0.012395700206571932
A.train.gold.bea19_006517,0.06495609778218153,0.04090909090909091,0.045454545454545456,0.045454545454545456
A.train.gold.bea19_006531,0.05703213856982801,0.03909872881837058,0.03909872881837058,0.03909872881837058
A.train.gold.bea19_006553,0.00909090909090909,0.00909090909090909,0.00909090909090909,0.00909090909090909
A.train.gold.bea19_006556,0.013636363636363636,0.013636363636363636,0.013636363636363636,0.013636363636363636
A.train.gold.bea19_006567,0.022727272727272728,0.022727272727272728,0.022727272727272728,0.022727272727272728
A.train.gold.bea19_006605,0.03917748917748916,0.03917748917748916,0.03917748917748916,0.03917748917748916
A.train.gold.bea19_006629,0.04069232113551935,0.04069232113551935,0.04069232113551935,0.07124608334820688
A.train.gold.bea19_006643,0.022727272727272728,0.013636363636363636,0.01818181818181818,0.013636363636363636
A.train.gold.bea19_006649,0.08161314247275317,0.06764038521048668,0.06403179111149235,0.0525974025974026
A.train.gold.bea19_006650,0.02422329545251356,0.02422329545251356,0.022727272727272728,0.01818181818181818
A.train.gold.bea19_006662,0.01818181818181818,0.013636363636363636,0.01818181818181818,0.01818181818181818
A.train.gold.bea19_006680,0.01818181818181818,0.01818181818181818,0.01818181818181818,0.01818181818181818
A.train.gold.bea19_006718,0.03831523694242813,0.031516541489887265,0.022727272727272728,0.02644055949705911
A.train.gold.bea19_006734,0.046970505015024484,0.046970505015024484,0.046970505015024484,0.046970505015024484
A.train.gold.bea19_006744,0.06856437411253234,0.05992310181528261,0.05992310181528261,0.05992310181528261
A.train.gold.bea19_006770,0.12622374886730925,0.09440727813649624,0.09440727813649624,0.09440727813649624
A.train.gold.bea19_006780,0.01818181818181818,0.01818181818181818,0.01818181818181818,0.01818181818181818
A.train.gold.bea19_006798,0.027338290021642207,0.027338290021642207,0.027338290021642207,0.027338290021642207
A.train.gold.bea19_006814,0.12262754490545374,0.12262754490545374,0.11818938408692023,0.13412487619386965
A.train.gold.bea19_006816,0.0891108598924212,0.06144934010021935,0.06144934010021935,0.056903885554764805
A.train.gold.bea19_006825,0.02727272727272727,0.022727272727272728,0.022727272727272728,0.022727272727272728
A.train.gold.bea19_006833,0.0265143238184432,0.0265143238184432,0.0265143238184432,0.0265143238184432
A.train.gold.bea19_006835,0.01818181818181818,0.01818181818181818,0.01818181818181818,0.01818181818181818
A.train.gold.bea19_006842,0.023104984600339776,0.023104984600339776,0.023104984600339776,0.023104984600339776
A.train.gold.bea19_006858,0.013636363636363636,0.013636363636363636,0.013636363636363636,0.013636363636363636
A.train.gold.bea19_006861,0.01818181818181818,0.01818181818181818,0.01818181818181818,0.01818181818181818
A.train.gold.bea19_006887,0.01846628465438298,0.01846628465438298,0.01846628465438298,0.01846628465438298
A.train.gold.bea19_006889,0.04417018474932434,0.04417018474932434,0.04417018474932434,0.04417018474932434
A.train.gold.bea19_006900,0.02301173919983753,0.01846628465438298,0.02301173919983753,0.01846628465438298
A.train.gold.bea19_006908,0.022727272727272728,0.022727272727272728,0.01818181818181818,0.022727272727272728
A.train.gold.bea19_006920,0.022284456863919513,0.022284456863919513,0.022284456863919513,0.022284456863919513
A.train.gold.bea19_006936,0.09941866732473977,0.08638632707272136,0.07161073352117539,0.07161073352117539
A.train.gold.bea19_006953,0.031818181818181815,0.0443181818181818,0.0443181818181818,0.0443181818181818
A.train.gold.bea19_006956,0.02274117997704258,0.02274117997704258,0.02274117997704258,0.02274117997704258
A.train.gold.bea19_006957,0.05911901202333835,0.05911901202333835,0.05911901202333835,0.05911901202333835
A.train.gold.bea19_007043,0.019192080540098334,0.019192080540098334,0.019192080540098334,0.019192080540098334
A.train.gold.bea19_007047,0.01818181818181818,0.01818181818181818,0.01818181818181818,0.01818181818181818
A.train.gold.bea19_007058,0.022727272727272728,0.022727272727272728,0.022727272727272728,0.022727272727272728
A.train.gold.bea19_007073,0.02727272727272727,0.02727272727272727,0.02727272727272727,0.02727272727272727
A.train.gold.bea19_007094,0.14104964712953133,0.1137419684277977,0.05454545454545454,0.10465105933688862
A.train.gold.bea19_007106,0.06196963840070932,0.05356880514693628,0.05356880514693628,0.05356880514693628
A.train.gold.bea19_007125,0.013636363636363636,0.00909090909090909,0.00909090909090909,0.00909090909090909
A.train.gold.bea19_007127,0.0165323438825528,0.011986889337098254,0.0165323438825528,0.0165323438825528
A.train.gold.bea19_007164,0.018312943679648048,0.018312943679648048,0.018312943679648048,0.022727272727272728
A.train.gold.bea19_007196,0.04344805623927796,0.0275252525252525,0.0275252525252525,0.0275252525252525
A.train.gold.bea19_007203,0.01818181818181818,0.01818181818181818,0.01818181818181818,0.01818181818181818
A.train.gold.bea19_007234,0.029989174982088248,0.0254437204366337,0.0254437204366337,0.0254437204366337
A.train.gold.bea19_007249,0.00909090909090909,0.00909090909090909,0.00909090909090909,0.00909090909090909
A.train.gold.bea19_007252,0.013636363636363636,0.013636363636363636,0.013636363636363636,0.013636363636363636
A.train.gold.bea19_007256,0.01773900231846494,0.01773900231846494,0.01773900231846494,0.01773900231846494
A.train.gold.bea19_007264,0.04497488615360008,0.03824369933532887,0.03824369933532887,0.03824369933532887
A.train.gold.bea19_007265,0.013636363636363636,0.00909090909090909,0.00909090909090909,0.00909090909090909
A.train.gold.bea19_007266,0.013636363636363636,0.00909090909090909,0.00909090909090909,0.00909090909090909
A.train.gold.bea19_007290,0.00909090909090909,0.00909090909090909,0.00909090909090909,0.00909090909090909
A.train.gold.bea19_007294,0.00909090909090909,0.00909090909090909,0.00909090909090909,0.00909090909090909
A.train.gold.bea19_007321,0.032372097718020174,0.032372097718020174,0.032372097718020174,0.032372097718020174
A.train.gold.bea19_007325,0.04791124164844595,0.04791124164844595,0.0433657871029914,0.0433657871029914
A.train.gold.bea19_007331,0.00909090909090909,0.00909090909090909,0.00909090909090909,0.00909090909090909
A.train.gold.bea19_007335,0.022820518127774976,0.022820518127774976,0.022820518127774976,0.022820518127774976
A.train.gold.bea19_007356,0.022219350412329912,0.022219350412329912,0.022219350412329912,0.022219350412329912
A.train.gold.bea19_007363,0.004545454545454545,0.004545454545454545,0.004545454545454545,0.004545454545454545
A.train.gold.bea19_007382,0.036745734696809376,0.022727272727272728,0.022727272727272728,0.022727272727272728
A.train.gold.bea19_007414,0.00909090909090909,0.00909090909090909,0.00909090909090909,0.00909090909090909
A.train.gold.bea19_007475,0.00909090909090909,0.00909090909090909,0.00909090909090909,0.00909090909090909
A.train.gold.bea19_007521,0.013636363636363636,0.013636363636363636,0.013636363636363636,0.013636363636363636
A.train.gold.bea19_007528,0.00909090909090909,0.00909090909090909,0.00909090909090909,0.00909090909090909
A.train.gold.bea19_007545,0.00909090909090909,0.00909090909090909,0.00909090909090909,0.00909090909090909
A.train.gold.bea19_007564,0.00909090909090909,0.016857788401230863,0.00909090909090909,0.00909090909090909
A.train.gold.bea19_007573,0.03725592606338449,0.03725592606338449,0.03245500771327631,0.03725592606338449
A.train.gold.bea19_007581,0.013636363636363636,0.013636363636363636,0.00909090909090909,0.00909090909090909
A.train.gold.bea19_007603,0.022727272727272728,0.013636363636363636,0.013636363636363636,0.013636363636363636
A.train.gold.bea19_007629,0.00909090909090909,0.00909090909090909,0.00909090909090909,0.00909090909090909
A.train.gold.bea19_007639,0.03419710613379846,0.03419710613379846,0.025412094613151404,0.025412094613151404
A.train.gold.bea19_007693,0.014353580374493703,0.014353580374493703,0.014353580374493703,0.014353580374493703
A.train.gold.bea19_007703,0.06646563953860732,0.034224425100483506,0.034224425100483506,0.034224425100483506
A.train.gold.bea19_007747,0.026780701140957704,0.01715291107816477,0.01715291107816477,0.01715291107816477
A.train.gold.bea19_007763,0.032412717842425054,0.03540481855373182,0.032412717842425054,0.032412717842425054
A.train.gold.bea19_007768,0.03419291133093888,0.03419291133093888,0.01818181818181818,0.022727272727272728
A.train.gold.bea19_007776,0.040628475258123214,0.040628475258123214,0.00909090909090909,0.040628475258123214
A.train.gold.bea19_007783,0.004545454545454545,0.004545454545454545,0.004545454545454545,0.004545454545454545
A.train.gold.bea19_007793,0.02727272727272727,0.013636363636363636,0.013636363636363636,0.013636363636363636
A.train.gold.bea19_007798,0.03881131232312731,0.032652616804371926,0.032652616804371926,0.032652616804371926
A.train.gold.bea19_007815,0.01818181818181818,0.01818181818181818,0.01818181818181818,0.01818181818181818
A.train.gold.bea19_007818,0.022727272727272728,0.022727272727272728,0.01818181818181818,0.01818181818181818
A.train.gold.bea19_007819,0.022727272727272728,0.022727272727272728,0.01818181818181818,0.022727272727272728
A.train.gold.bea19_007834,0.027925705761920473,0.02523355781079371,0.027925705761920473,0.027925705761920473
A.train.gold.bea19_007849,0.12630208699042741,0.11721117789951832,0.1155774926315959,0.11103203808614136
A.train.gold.bea19_007871,0.07245014534711038,0.057239449816444764,0.057239449816444764,0.057239449816444764
A.train.gold.bea19_007872,0.00909090909090909,0.00909090909090909,0.00909090909090909,0.00909090909090909
A.train.gold.bea19_007900,0.04890261194715527,0.03636363636363636,0.02727272727272727,0.03636363636363636
A.train.gold.bea19_007914,0.08028460164137961,0.07698274948138335,0.0724372949359288,0.0724372949359288
A.train.gold.bea19_007930,0.04090909090909091,0.04090909090909091,0.04090909090909091,0.04090909090909091
A.train.gold.bea19_007932,0.021341081754532365,0.021341081754532365,0.01818181818181818,0.021341081754532365
A.train.gold.bea19_007937,0.061643203626891026,0.061643203626891026,0.061643203626891026,0.061643203626891026
A.train.gold.bea19_007945,0.08735729955495097,0.042439655475675624,0.01818181818181818,0.01818181818181818
A.train.gold.bea19_007956,0.033174138670740726,0.033174138670740726,0.033174138670740726,0.031818181818181815
A.train.gold.bea19_007957,0.07069884891861018,0.06319354777301041,0.05659677388650521,0.06114222843195976
A.train.gold.bea19_007980,0.013636363636363636,0.013636363636363636,0.013636363636363636,0.013636363636363636
A.train.gold.bea19_007987,0.03267867393325886,0.01904231029689522,0.02727272727272727,0.03267867393325886
A.train.gold.bea19_007991,0.06851026510618759,0.06851026510618759,0.06851026510618759,0.06296037983643532
A.train.gold.bea19_007998,0.061503447571095195,0.013636363636363636,0.013636363636363636,0.00909090909090909
A.train.gold.bea19_008002,0.026023290922723638,0.026023290922723638,0.026023290922723638,0.026023290922723638
A.train.gold.bea19_008010,0.06619479891026556,0.06400078312007276,0.05725423899036443,0.05725423899036443
A.train.gold.bea19_008028,0.0638888888888889,0.047853535353535356,0.047853535353535356,0.047853535353535356
A.train.gold.bea19_008035,0.02944446839602134,0.02944446839602134,0.02944446839602134,0.02944446839602134
A.train.gold.bea19_008063,0.08276899447658224,0.072773306964748,0.05909741763668474,0.05909741763668474
A.train.gold.bea19_008080,0.013636363636363636,0.013636363636363636,0.013636363636363636,0.013636363636363636
A.train.gold.bea19_008084,0.022727272727272728,0.01818181818181818,0.022727272727272728,0.022727272727272728
A.train.gold.bea19_008113,0.03475308743654092,0.05266434639556415,0.04826038396844973,0.04826038396844973
A.train.gold.bea19_008114,0.00909090909090909,0.00909090909090909,0.00909090909090909,0.00909090909090909
A.train.gold.bea19_008135,0.00909090909090909,0.00909090909090909,0.00909090909090909,0.00909090909090909
A.train.gold.bea19_008189,0.01818181818181818,0.01818181818181818,0.01818181818181818,0.01818181818181818
A.train.gold.bea19_008196,0.05902106038047417,0.05902106038047417,0.05902106038047417,0.05902106038047417
A.train.gold.bea19_008247,0.05559204575571868,0.041818181818181796,0.041818181818181796,0.041818181818181796
A.train.gold.bea19_008251,0.01818181818181818,0.01818181818181818,0.01818181818181818,0.01818181818181818
A.train.gold.bea19_008253,0.015291326358973994,0.015291326358973994,0.015291326358973994,0.015291326358973994
A.train.gold.bea19_008269,0.06963572432170259,0.05221130221130223,0.05221130221130223,0.05221130221130223
A.train.gold.bea19_008271,0.05097522497695212,0.07165619921621909,0.05097522497695212,0.07165619921621909
A.train.gold.bea19_008293,0.056658125866207526,0.05211267132075298,0.05211267132075298,0.05211267132075298
A.train.gold.bea19_008298,0.004545454545454545,0.004545454545454545,0.004545454545454545,0.02095600927385987
A.train.gold.bea19_008315,0.004545454545454545,0.004545454545454545,0.004545454545454545,0.004545454545454545
A.train.gold.bea19_008320,0.03977272727272728,0.03977272727272728,0.03977272727272728,0.03977272727272728
A.train.gold.bea19_008322,0.05289297074496221,0.05289297074496221,0.03742271972566878,0.05289297074496221
A.train.gold.bea19_008323,0.05025252525252526,0.05025252525252526,0.033323843766289434,0.033323843766289434
A.train.gold.bea19_008354,0.013636363636363636,0.013636363636363636,0.013636363636363636,0.013636363636363636
A.train.gold.bea19_008411,0.04497992468151879,0.04497992468151879,0.04497992468151879,0.04497992468151879
A.train.gold.bea19_008416,0.027650439145794323,0.027650439145794323,0.027650439145794323,0.027650439145794323
A.train.gold.bea19_008451,0.004545454545454545,0.004545454545454545,0.004545454545454545,0.004545454545454545
A.train.gold.bea19_008470,0.07657605791558834,0.07657605791558834,0.07657605791558834,0.07657605791558834
A.train.gold.bea19_008472,0.09309338181998636,0.08341182130327565,0.0763608456699693,0.0763608456699693
A.train.gold.bea19_008478,0.04151974560353002,0.05131532837146558,0.031818181818181815,0.05131532837146558
A.train.gold.bea19_008503,0.00909090909090909,0.00909090909090909,0.00909090909090909,0.00909090909090909
A.train.gold.bea19_008509,0.022727272727272728,0.022727272727272728,0.022727272727272728,0.022727272727272728
A.train.gold.bea19_008516,0.022433876071625187,0.022433876071625187,0.022433876071625187,0.022433876071625187
A.train.gold.bea19_008528,0.00909090909090909,0.00909090909090909,0.00909090909090909,0.00909090909090909
A.train.gold.bea19_008531,0.08903673404728393,0.031818181818181815,0.031818181818181815,0.052133990158840564
A.train.gold.bea19_008536,0.060586222004570756,0.05604076745911621,0.05604076745911621,0.05604076745911621
A.train.gold.bea19_008551,0.013636363636363636,0.00909090909090909,0.00909090909090909,0.00909090909090909
A.train.gold.bea19_008564,0.12322140721557333,0.07878820295957921,0.06095571095571096,0.07878820295957921
A.train.gold.bea19_008566,0.1100577609135932,0.07530047039440987,0.05133058551851935,0.05133058551851935
A.train.gold.bea19_008596,0.004545454545454545,0.004545454545454545,0.004545454545454545,0.004545454545454545
A.train.gold.bea19_008598,0.055589011446677994,0.055589011446677994,0.055589011446677994,0.055589011446677994
A.train.gold.bea19_008601,0.035885167464114846,0.03612939828902019,0.03612939828902019,0.040430622009569386
A.train.gold.bea19_008625,0.03706786336925415,0.03706786336925415,0.03706786336925415,0.03706786336925415
A.train.gold.bea19_008630,0.028276494764751282,0.028276494764751282,0.028276494764751282,0.028276494764751282
A.train.gold.bea19_008645,0.022727272727272728,0.022727272727272728,0.022727272727272728,0.022727272727272728
A.train.gold.bea19_008658,0.05430971336785237,0.050627386961951584,0.04090909090909091,0.050627386961951584
A.train.gold.bea19_008670,0.00909090909090909,0.00909090909090909,0.00909090909090909,0.00909090909090909
A.train.gold.bea19_008674,0.031818181818181815,0.01846628465438298,0.02301173919983753,0.01846628465438298
A.train.gold.bea19_008684,0.03977272727272725,0.03977272727272725,0.03977272727272725,0.03977272727272725
A.train.gold.bea19_008688,0.316840136115467,0.14417182467282047,0.14417182467282047,0.13962637012736592
A.train.gold.bea19_008689,0.029748217731757905,0.04597470628430325,0.029748217731757905,0.04597470628430325
A.train.gold.bea19_008706,0.01753275697656581,0.01753275697656581,0.01753275697656581,0.01753275697656581
A.train.gold.bea19_008708,0.045691523829535806,0.02146392912749924,0.01632118552224231,0.016918474582044693
A.train.gold.bea19_008724,0.03862953312977213,0.0465840785843176,0.030652392410627533,0.0465840785843176
A.train.gold.bea19_008753,0.05306080957604812,0.05306080957604812,0.027202878562292365,0.05306080957604812
A.train.gold.bea19_008771,0.025518299010860664,0.025518299010860664,0.025518299010860664,0.025518299010860664
A.train.gold.bea19_008772,0.09892458355243863,0.058007411100694815,0.058007411100694815,0.058007411100694815
A.train.gold.bea19_008776,0.013636363636363636,0.013636363636363636,0.013636363636363636,0.013636363636363636
A.train.gold.bea19_008792,0.01818181818181818,0.021243399881149,0.01818181818181818,0.01818181818181818
A.train.gold.bea19_008794,0.033342727916739937,0.033342727916739937,0.033342727916739937,0.033342727916739937
A.train.gold.bea19_008799,0.01818181818181818,0.01818181818181818,0.01818181818181818,0.01818181818181818
A.train.gold.bea19_008800,0.031818181818181815,0.031818181818181815,0.031818181818181815,0.031818181818181815
A.train.gold.bea19_008802,0.04909730598555748,0.04305998282842971,0.03636363636363636,0.04305998282842971
A.train.gold.bea19_008826,0.00909090909090909,0.013636363636363636,0.00909090909090909,0.00909090909090909
A.train.gold.bea19_008833,0.031818181818181815,0.031818181818181815,0.031818181818181815,0.031818181818181815
A.train.gold.bea19_008840,0.013636363636363636,0.00909090909090909,0.00909090909090909,0.013636363636363636
A.train.gold.bea19_008844,0.014060534754343603,0.014060534754343603,0.00909090909090909,0.00909090909090909
A.train.gold.bea19_008846,0.00909090909090909,0.013636363636363636,0.00909090909090909,0.013636363636363636
A.train.gold.bea19_008862,0.15977247000782074,0.12942907760128175,0.1377626139545624,0.1332171594091079
A.train.gold.bea19_008925,0.15062968476448,0.09465563106972251,0.09465563106972251,0.09465563106972251
A.train.gold.bea19_008927,0.019836780904428555,0.04816772345509692,0.019836780904428555,0.019836780904428555
A.train.gold.bea19_008929,0.019016253168008278,0.019016253168008278,0.019016253168008278,0.019016253168008278
A.train.gold.bea19_008975,0.004545454545454545,0.004545454545454545,0.004545454545454545,0.004545454545454545
A.train.gold.bea19_008986,0.00909090909090909,0.00909090909090909,0.00909090909090909,0.00909090909090909
A.train.gold.bea19_009021,0.01737344032451501,0.014091329378833952,0.014091329378833952,0.014091329378833952
A.train.gold.bea19_009041,0.023837810698067296,0.023837810698067296,0.023837810698067296,0.023837810698067296
A.train.gold.bea19_009046,0.013636363636363636,0.013636363636363636,0.013636363636363636,0.013636363636363636
A.train.gold.bea19_009048,0.07174706967022805,0.05222192517299985,0.030789274714528407,0.030789274714528407
A.train.gold.bea19_009065,0.02462772602762286,0.00909090909090909,0.00909090909090909,0.00909090909090909
A.train.gold.bea19_009068,0.043276013120753555,0.030627302309314323,0.01818181818181818,0.022727272727272728
A.train.gold.bea19_009078,0.04561802392024124,0.01818181818181818,0.00909090909090909,0.04561802392024124
A.train.gold.bea19_009082,0.025349651136940567,0.01855953005488523,0.01855953005488523,0.01855953005488523
A.train.gold.bea19_009119,0.04424516371697297,0.013636363636363636,0.03574445851183831,0.03574445851183831
A.train.gold.bea19_009162,0.03214073579272992,0.013636363636363636,0.013636363636363636,0.013636363636363636
A.train.gold.bea19_009166,0.00909090909090909,0.00909090909090909,0.00909090909090909,0.00909090909090909
A.train.gold.bea19_009169,0.033707703402648864,0.02095697149299165,0.016411516947537105,0.02095697149299165
A.train.gold.bea19_009172,0.013799457747300806,0.013799457747300806,0.013799457747300806,0.013799457747300806
A.train.gold.bea19_009179,0.019289762413481713,0.019289762413481713,0.019289762413481713,0.019289762413481713
A.train.gold.bea19_009201,0.01818181818181818,0.01818181818181818,0.01818181818181818,0.01818181818181818
A.train.gold.bea19_009235,0.0603032968758522,0.03431196598708825,0.029766511441633708,0.029766511441633708
A.train.gold.bea19_009241,0.05809073789419271,0.05361513205917308,0.05361513205917308,0.05361513205917308
A.train.gold.bea19_009243,0.013636363636363636,0.013636363636363636,0.013636363636363636,0.013636363636363636
A.train.gold.bea19_009250,0.035963467060107224,0.02232710342374359,0.01818181818181818,0.02232710342374359
A.train.gold.bea19_009251,0.04447015601413192,0.04447015601413192,0.04318725056852833,0.04447015601413192
A.train.gold.bea19_009272,0.024808506314234546,0.024808506314234546,0.024808506314234546,0.024808506314234546
A.train.gold.bea19_009286,0.014000168259660849,0.00784147274090544,0.012386927286359987,0.00784147274090544
A.train.gold.bea19_009292,0.025596342711697504,0.025596342711697504,0.025596342711697504,0.025596342711697504
A.train.gold.bea19_009296,0.01818181818181818,0.01818181818181818,0.01818181818181818,0.01818181818181818
A.train.gold.bea19_009300,0.016097946845624447,0.016097946845624447,0.016097946845624447,0.016097946845624447
A.train.gold.bea19_009309,0.00909090909090909,0.013636363636363636,0.00909090909090909,0.00909090909090909
A.train.gold.bea19_009312,0.013636363636363636,0.013636363636363636,0.00909090909090909,0.013636363636363636
A.train.gold.bea19_009314,0.00909090909090909,0.00909090909090909,0.00909090909090909,0.00909090909090909
A.train.gold.bea19_009321,0.01844142017752178,0.01844142017752178,0.01844142017752178,0.01844142017752178
A.train.gold.bea19_009322,0.0403309954343402,0.023235519491588513,0.023235519491588513,0.0403309954343402
A.train.gold.bea19_009327,0.02891273096886817,0.02891273096886817,0.02891273096886817,0.02891273096886817
A.train.gold.bea19_009333,0.11959777718776496,0.0931269086679549,0.07731353759075801,0.07258290857357362
A.train.gold.bea19_009346,0.04236782414358523,0.05388127435571619,0.049335819810261645,0.05388127435571619
A.train.gold.bea19_009348,0.047746709613939675,0.023652003091286615,0.023652003091286615,0.023652003091286615
A.train.gold.bea19_009422,0.04842875535388476,0.031818181818181815,0.031818181818181815,0.031818181818181815
A.train.gold.bea19_009444,0.08062509087625132,0.03841495570468701,0.031818181818181815,0.031818181818181815
A.train.gold.bea19_009454,0.06780926833935588,0.06326381379390134,0.03636363636363636,0.06326381379390134
A.train.gold.bea19_009458,0.018605989299798148,0.013636363636363636,0.013636363636363636,0.013636363636363636
A.train.gold.bea19_009464,0.057145872293951724,0.04805496320304263,0.04805496320304263,0.04805496320304263
A.train.gold.bea19_009479,0.035519624640559314,0.035519624640559314,0.035519624640559314,0.035519624640559314
A.train.gold.bea19_009482,0.022727272727272728,0.02727272727272727,0.018605989299798148,0.022727272727272728
A.train.gold.bea19_009491,0.004545454545454545,0.004545454545454545,0.004545454545454545,0.004545454545454545
A.train.gold.bea19_009507,0.00909090909090909,0.00909090909090909,0.00909090909090909,0.00909090909090909
A.train.gold.bea19_009525,0.043208219379676685,0.043208219379676685,0.043208219379676685,0.043208219379676685
A.train.gold.bea19_009530,0.00909090909090909,0.00909090909090909,0.00909090909090909,0.00909090909090909
A.train.gold.bea19_009553,0.05426226681741403,0.04971681227195948,0.02727272727272727,0.02727272727272727
A.train.gold.bea19_009556,0.026136363636363645,0.026136363636363645,0.026136363636363645,0.026136363636363645
A.train.gold.bea19_009605,0.04847005511272034,0.021077798428007347,0.013636363636363636,0.03288770053475936
A.train.gold.bea19_009610,0.02257142124618947,0.02257142124618947,0.013636363636363636,0.01620257173091211
A.train.gold.bea19_009646,0.013636363636363636,0.00909090909090909,0.00909090909090909,0.013636363636363636
A.train.gold.bea19_009657,0.01818181818181818,0.01818181818181818,0.01818181818181818,0.01818181818181818
A.train.gold.bea19_009660,0.013636363636363636,0.013636363636363636,0.013636363636363636,0.013636363636363636
A.train.gold.bea19_009694,0.03726071589846503,0.03271526135301049,0.03271526135301049,0.03271526135301049
A.train.gold.bea19_009699,0.013636363636363636,0.013636363636363636,0.013636363636363636,0.013636363636363636
A.train.gold.bea19_009703,0.014353580374493703,0.014353580374493703,0.014353580374493703,0.014353580374493703
A.train.gold.bea19_009708,0.05925630635548797,0.05471085181003342,0.025528770975157922,0.037157558853945824
A.train.gold.bea19_009709,0.14227994770910207,0.13773449316364755,0.13773449316364755,0.13773449316364755
A.train.gold.bea19_009716,0.00909090909090909,0.00909090909090909,0.00909090909090909,0.00909090909090909
A.train.gold.bea19_009757,0.02471590909090909,0.02471590909090909,0.00909090909090909,0.02471590909090909
A.train.gold.bea19_009767,0.004545454545454545,0.004545454545454545,0.004545454545454545,0.004545454545454545
A.train.gold.bea19_009783,0.00909090909090909,0.00909090909090909,0.00909090909090909,0.00909090909090909
A.train.gold.bea19_009792,0.00909090909090909,0.00909090909090909,0.00909090909090909,0.00909090909090909
A.train.gold.bea19_009799,0.07045454545454545,0.05227272727272726,0.01818181818181818,0.05227272727272726
A.train.gold.bea19_009801,0.019790321659515636,0.019790321659515636,0.019790321659515636,0.019790321659515636
A.train.gold.bea19_009875,0.0443875090067504,0.0443875090067504,0.0443875090067504,0.0443875090067504
A.train.gold.bea19_009921,0.06730419202370383,0.06070560848365203,0.05616015393819749,0.05616015393819749
A.train.gold.bea19_009950,0.02781353325673149,0.013636363636363636,0.0187226241658224,0.013636363636363636
A.train.gold.bea19_009957,0.01818181818181818,0.01818181818181818,0.01818181818181818,0.01818181818181818
A.train.gold.bea19_009967,0.013636363636363636,0.013636363636363636,0.00909090909090909,0.013636363636363636
A.train.gold.bea19_009979,0.00909090909090909,0.00909090909090909,0.00909090909090909,0.00909090909090909
A.train.gold.bea19_010006,0.061666678735907116,0.07518652076161897,0.0341133344598681,0.022727272727272728
A.train.gold.bea19_010014,0.05172098423015406,0.05172098423015406,0.04089044616371766,0.05172098423015406
A.train.gold.bea19_010017,0.06748930677617869,0.055018955261889095,0.05047350071643455,0.05047350071643455
A.train.gold.bea19_010065,0.03636363636363636,0.031818181818181815,0.031818181818181815,0.031818181818181815
A.train.gold.bea19_010068,0.04197860962566845,0.04197860962566845,0.04197860962566845,0.04197860962566845
A.train.gold.bea19_010072,0.04255036295228632,0.031818181818181815,0.031818181818181815,0.031818181818181815
A.train.gold.bea19_010078,0.034162546779382554,0.029617092233928007,0.034162546779382554,0.034162546779382554
A.train.gold.bea19_010092,0.03636363636363636,0.03321197731723951,0.03321197731723951,0.03321197731723951
A.train.gold.bea19_010099,0.04153602521337423,0.04153602521337423,0.00909090909090909,0.010882626436256159
A.train.gold.bea19_010102,0.02247768890752752,0.02247768890752752,0.02247768890752752,0.02247768890752752
A.train.gold.bea19_010115,0.05417548448764287,0.05417548448764287,0.02639219928003395,0.03548310837094304
A.train.gold.bea19_010121,0.08804857307039135,0.07171503471725793,0.07171503471725793,0.07171503471725793
A.train.gold.bea19_010128,0.03636363636363636,0.03636363636363636,0.03636363636363636,0.03636363636363636
A.train.gold.bea19_010152,0.0292400892346386,0.0292400892346386,0.0292400892346386,0.0292400892346386
A.train.gold.bea19_010185,0.013636363636363636,0.013636363636363636,0.01818181818181818,0.013636363636363636
A.train.gold.bea19_010190,0.05422077922077924,0.048480462024742495,0.048480462024742495,0.048480462024742495
A.train.gold.bea19_010196,0.05811864579843674,0.07577465714144081,0.04922108158090246,0.07577465714144081
A.train.gold.bea19_010197,0.05,0.04090909090909091,0.05,0.05
A.train.gold.bea19_010203,0.004545454545454545,0.004545454545454545,0.004545454545454545,0.004545454545454545
A.train.gold.bea19_010211,0.036883797193394165,0.03233834264793962,0.036883797193394165,0.03233834264793962
A.train.gold.bea19_010217,0.013636363636363636,0.013636363636363636,0.00909090909090909,0.013636363636363636
A.train.gold.bea19_010264,0.03398154479086032,0.022536145296261308,0.022536145296261308,0.022536145296261308
A.train.gold.bea19_010286,0.060095761167801506,0.05272524004647337,0.07226909967370289,0.06772364512824836
A.train.gold.bea19_010302,0.00909090909090909,0.00909090909090909,0.00909090909090909,0.00909090909090909
A.train.gold.bea19_010323,0.07151342990599818,0.061060175658317735,0.05651472111286319,0.05651472111286319
A.train.gold.bea19_010326,0.04898167132396981,0.04898167132396981,0.03508522727272727,0.03508522727272727
A.train.gold.bea19_010332,0.0714115416055984,0.05532690953252147,0.05532690953252147,0.05078145498706693
A.train.gold.bea19_010346,0.028193685585196818,0.028193685585196818,0.028193685585196818,0.028193685585196818
A.train.gold.bea19_010359,0.03137536595482861,0.03137536595482861,0.03137536595482861,0.03137536595482861
A.train.gold.bea19_010365,0.042855594462418226,0.042855594462418226,0.022727272727272728,0.042855594462418226
A.train.gold.bea19_010370,0.05284512202771529,0.03636363636363636,0.03636363636363636,0.03636363636363636
A.train.gold.bea19_010406,0.01818181818181818,0.01818181818181818,0.01818181818181818,0.01818181818181818
A.train.gold.bea19_010435,0.00909090909090909,0.00909090909090909,0.00909090909090909,0.00909090909090909
A.train.gold.bea19_010449,0.03215417194193936,0.030508378973495412,0.030508378973495412,0.030508378973495412
A.train.gold.bea19_010461,0.03179304220655242,0.03179304220655242,0.01818181818181818,0.03179304220655242
A.train.gold.bea19_010470,0.01818181818181818,0.01818181818181818,0.01818181818181818,0.01818181818181818
B.train.gold.bea19_000012,0.0459299588704543,0.0459299588704543,0.022727272727272728,0.022727272727272728
B.train.gold.bea19_000024,0.00937537556347389,0.00937537556347389,0.00937537556347389,0.00937537556347389
B.train.gold.bea19_000048,0.01980896640488888,0.01980896640488888,0.01980896640488888,0.01980896640488888
B.train.gold.bea19_000060,0.0369763995932354,0.0369763995932354,0.0369763995932354,0.0369763995932354
B.train.gold.bea19_000075,0.03306468776510561,0.019283775259674535,0.019283775259674535,0.019283775259674535
B.train.gold.bea19_000087,0.026009383672953787,0.03939393939393939,0.03939393939393939,0.03939393939393939
B.train.gold.bea19_000099,0.00909090909090909,0.00909090909090909,0.00909090909090909,0.00909090909090909
B.train.gold.bea19_000108,0.004545454545454545,0.004545454545454545,0.004545454545454545,0.004545454545454545
B.train.gold.bea19_000114,0.013636363636363636,0.00909090909090909,0.00909090909090909,0.00909090909090909
B.train.gold.bea19_000115,0.04742271036909736,0.05090909090909092,0.022727272727272728,0.022727272727272728
B.train.gold.bea19_000138,0.013636363636363636,0.013636363636363636,0.013636363636363636,0.013636363636363636
B.train.gold.bea19_000150,0.08198858891989684,0.056833658629674835,0.056833658629674835,0.056833658629674835
B.train.gold.bea19_000163,0.029930007096512463,0.01818181818181818,0.022727272727272728,0.01818181818181818
B.train.gold.bea19_000167,0.00909090909090909,0.00909090909090909,0.00909090909090909,0.00909090909090909
B.train.gold.bea19_000174,0.045454545454545456,0.02727272727272727,0.022727272727272728,0.02727272727272727
B.train.gold.bea19_000176,0.035088442749858624,0.035088442749858624,0.030349706284303286,0.030349706284303286
B.train.gold.bea19_000180,0.03747460501359401,0.03747460501359401,0.03747460501359401,0.03747460501359401
B.train.gold.bea19_000185,0.024607151156339307,0.024607151156339307,0.024607151156339307,0.024607151156339307
B.train.gold.bea19_000202,0.04090909090909091,0.04090909090909091,0.04090909090909091,0.04090909090909091
B.train.gold.bea19_000206,0.03863636363636362,0.03863636363636362,0.032461743099442934,0.032461743099442934
B.train.gold.bea19_000222,0.062167888102485074,0.062167888102485074,0.062167888102485074,0.062167888102485074
B.train.gold.bea19_000254,0.06552475785099574,0.042888006825673224,0.042888006825673224,0.042888006825673224
B.train.gold.bea19_000268,0.0161203042014852,0.030281512638676934,0.00909090909090909,0.00909090909090909
B.train.gold.bea19_000273,0.06233105205069382,0.04389670861635038,0.04389670861635038,0.04389670861635038
B.train.gold.bea19_000292,0.050561725237646266,0.050561725237646266,0.050561725237646266,0.050561725237646266
B.train.gold.bea19_000298,0.004545454545454545,0.004545454545454545,0.004545454545454545,0.004545454545454545
B.train.gold.bea19_000301,0.018573437304655067,0.018573437304655067,0.018573437304655067,0.018573437304655067
B.train.gold.bea19_000320,0.026011699989680153,0.019823090225013593,0.013636363636363636,0.019823090225013593
B.train.gold.bea19_000326,0.031818181818181815,0.031818181818181815,0.031818181818181815,0.031818181818181815
B.train.gold.bea19_000340,0.03297522117366516,0.03297522117366516,0.03297522117366516,0.03297522117366516
B.train.gold.bea19_000345,0.022727272727272728,0.022727272727272728,0.022727272727272728,0.022727272727272728
B.train.gold.bea19_000350,0.04189493344622409,0.03734947890076954,0.01818181818181818,0.03734947890076954
B.train.gold.bea19_000356,0.030355627848357998,0.01818181818181818,0.01818181818181818,0.01818181818181818
B.train.gold.bea19_000389,0.00909090909090909,0.00909090909090909,0.00909090909090909,0.00909090909090909
B.train.gold.bea19_000399,0.03865842894593352,0.013636363636363636,0.013636363636363636,0.013636363636363636
B.train.gold.bea19_000410,0.04712423601486663,0.04712423601486663,0.04712423601486663,0.04712423601486663
B.train.gold.bea19_000449,0.06978773617535385,0.06978773617535385,0.06978773617535385,0.06978773617535385
B.train.gold.bea19_000473,0.024354420950343413,0.019808966404888866,0.019808966404888866,0.019808966404888866
B.train.gold.bea19_000490,0.07595733083291877,0.04090909090909091,0.04090909090909091,0.04090909090909091
B.train.gold.bea19_000492,0.024965075644782554,0.029510530190237097,0.029510530190237097,0.029510530190237097
B.train.gold.bea19_000497,0.00909090909090909,0.00909090909090909,0.00909090909090909,0.00909090909090909
B.train.gold.bea19_000565,0.05039775969461117,0.05039775969461117,0.05039775969461117,0.05039775969461117
B.train.gold.bea19_000569,0.04234923982525152,0.04234923982525152,0.04234923982525152,0.04234923982525152
B.train.gold.bea19_000580,0.04500267053417112,0.031818181818181815,0.031818181818181815,0.031818181818181815
B.train.gold.bea19_000593,0.03838416108019668,0.03838416108019668,0.033838706534742136,0.03838416108019668
B.train.gold.bea19_000612,0.00909090909090909,0.00909090909090909,0.00909090909090909,0.00909090909090909
B.train.gold.bea19_000622,0.013636363636363636,0.013636363636363636,0.013636363636363636,0.013636363636363636
B.train.gold.bea19_000647,0.018163173436444937,0.018163173436444937,0.018163173436444937,0.018163173436444937
B.train.gold.bea19_000668,0.00909090909090909,0.011123583686586499,0.004545454545454545,0.00909090909090909
B.train.gold.bea19_000692,0.021398825137213077,0.00909090909090909,0.00909090909090909,0.00909090909090909
B.train.gold.bea19_000696,0.09018137366480598,0.05842230996602519,0.01818181818181818,0.05162299724874005
B.train.gold.bea19_000699,0.048876928752994306,0.048876928752994306,0.048876928752994306,0.048876928752994306
B.train.gold.bea19_000716,0.00909090909090909,0.00909090909090909,0.00909090909090909,0.00909090909090909
B.train.gold.bea19_000724,0.043303996412960025,0.0233199849306631,0.027865439476117648,0.0233199849306631
B.train.gold.bea19_000749,0.03779429114466683,0.02413827816409914,0.022727272727272728,0.01818181818181818
B.train.gold.bea19_000753,0.1008799916445725,0.08546497175782744,0.08546497175782744,0.08546497175782744
B.train.gold.bea19_000768,0.06673052554096696,0.06673052554096696,0.06673052554096696,0.06673052554096696
B.train.gold.bea19_000793,0.02727272727272727,0.02727272727272727,0.02727272727272727,0.02727272727272727
B.train.gold.bea19_000798,0.03861535375546135,0.02416319987828086,0.02416319987828086,0.02416319987828086
B.train.gold.bea19_000815,0.022727272727272728,0.02727272727272727,0.02727272727272727,0.022727272727272728
B.train.gold.bea19_000816,0.05945399818545875,0.05036308909454966,0.05036308909454966,0.05036308909454966
B.train.gold.bea19_000818,0.04617401959084421,0.04617401959084421,0.04617401959084421,0.039440615375212346
B.train.gold.bea19_000821,0.057823915273761795,0.046373165485065974,0.046373165485065974,0.046373165485065974
B.train.gold.bea19_000826,0.05177701822305383,0.05177701822305383,0.05177701822305383,0.05177701822305383
B.train.gold.bea19_000835,0.022257053291536037,0.022257053291536037,0.022257053291536037,0.022257053291536037
B.train.gold.bea19_000837,0.03848259793121555,0.03508151136682174,0.03508151136682174,0.03508151136682174
B.train.gold.bea19_000888,0.01666501127325001,0.01666501127325001,0.00909090909090909,0.00909090909090909
B.train.gold.bea19_000891,0.0843842222568861,0.045321775612173446,0.03818518084644436,0.03818518084644436
B.train.gold.bea19_000922,0.027202878562292365,0.027202878562292365,0.027202878562292365,0.027202878562292365
B.train.gold.bea19_000958,0.05645925911192791,0.047368350021018815,0.047368350021018815,0.05191380456647336
B.train.gold.bea19_000969,0.013636363636363636,0.00909090909090909,0.00909090909090909,0.00909090909090909
B.train.gold.bea19_000987,0.04900101908060043,0.04860921423524051,0.04860921423524051,0.04860921423524051
B.train.gold.bea19_000991,0.00909090909090909,0.00909090909090909,0.00909090909090909,0.00909090909090909
B.train.gold.bea19_001020,0.024858899662732928,0.00909090909090909,0.013636363636363636,0.013636363636363636
B.train.gold.bea19_001021,0.045454545454545456,0.045454545454545456,0.045454545454545456,0.045454545454545456
B.train.gold.bea19_001047,0.03870800132483713,0.036584165609986584,0.036584165609986584,0.036584165609986584
B.train.gold.bea19_001049,0.07258567886325244,0.05454545454545452,0.03105123040689757,0.05909090909090907
B.train.gold.bea19_001050,0.10066655036423597,0.07727272727272727,0.07727272727272727,0.07727272727272727
B.train.gold.bea19_001066,0.00909090909090909,0.00909090909090909,0.00909090909090909,0.00909090909090909
B.train.gold.bea19_001073,0.02727272727272727,0.02727272727272727,0.02727272727272727,0.02727272727272727
B.train.gold.bea19_001086,0.07360682357997266,0.06590909090909089,0.06590909090909089,0.06590909090909089
B.train.gold.bea19_001110,0.03835227272727273,0.03835227272727273,0.03835227272727273,0.047072982031338195
B.train.gold.bea19_001143,0.03883120748228866,0.04051982822919588,0.04051982822919588,0.04051982822919588
B.train.gold.bea19_001153,0.018636783924288483,0.018636783924288483,0.018636783924288483,0.018636783924288483
B.train.gold.bea19_001154,0.05061276322959903,0.05087830721919438,0.043237098209555916,0.043237098209555916
B.train.gold.bea19_001184,0.04952153110047845,0.05313450849384758,0.05313450849384758,0.05313450849384758
B.train.gold.bea19_001204,0.051368435865289434,0.051368435865289434,0.028965838462692045,0.051368435865289434
B.train.gold.bea19_001224,0.037926202091726424,0.033380747546271884,0.033380747546271884,0.033380747546271884
B.train.gold.bea19_001226,0.004545454545454545,0.004545454545454545,0.004545454545454545,0.004545454545454545
B.train.gold.bea19_001227,0.03199530754427634,0.025986944428657947,0.025986944428657947,0.025986944428657947
B.train.gold.bea19_001241,0.029162126491457722,0.013636363636363636,0.013636363636363636,0.013636363636363636
B.train.gold.bea19_001247,0.00909090909090909,0.00909090909090909,0.00909090909090909,0.00909090909090909
B.train.gold.bea19_001266,0.02727272727272727,0.02727272727272727,0.02727272727272727,0.02727272727272727
B.train.gold.bea19_001291,0.024784662453277293,0.024784662453277293,0.024784662453277293,0.036641324793569796
B.train.gold.bea19_001295,0.004545454545454545,0.004545454545454545,0.004545454545454545,0.004545454545454545
B.train.gold.bea19_001307,0.017870127816294837,0.017870127816294837,0.00909090909090909,0.017870127816294837
B.train.gold.bea19_001376,0.013636363636363636,0.013636363636363636,0.013636363636363636,0.013636363636363636
B.train.gold.bea19_001393,0.06818181818181818,0.05909090909090909,0.045454545454545456,0.045454545454545456
B.train.gold.bea19_001397,0.00909090909090909,0.00909090909090909,0.00909090909090909,0.00909090909090909
B.train.gold.bea19_001419,0.03137536595482862,0.03137536595482862,0.022727272727272728,0.022727272727272728
B.train.gold.bea19_001439,0.031818181818181815,0.031818181818181815,0.031818181818181815,0.031818181818181815
B.train.gold.bea19_001440,0.05661878045794135,0.052073325912486805,0.04527706414287926,0.052073325912486805
B.train.gold.bea19_001444,0.00909090909090909,0.00909090909090909,0.00909090909090909,0.00909090909090909
B.train.gold.bea19_001462,0.013636363636363636,0.013636363636363636,0.013636363636363636,0.013636363636363636
B.train.gold.bea19_001479,0.03810497042692255,0.02727272727272727,0.02727272727272727,0.02727272727272727
B.train.gold.bea19_001496,0.013636363636363636,0.01818181818181818,0.01818181818181818,0.013636363636363636
B.train.gold.bea19_001502,0.013636363636363636,0.013636363636363636,0.013636363636363636,0.013636363636363636
B.train.gold.bea19_001503,0.12410004290296248,0.00909090909090909,0.12410004290296248,0.12410004290296248
B.train.gold.bea19_001510,0.05966409377063469,0.03947834735627268,0.04090909090909091,0.03947834735627268
B.train.gold.bea19_001526,0.02081111430866048,0.02081111430866048,0.02081111430866048,0.02081111430866048
B.train.gold.bea19_001528,0.00909090909090909,0.013636363636363636,0.00909090909090909,0.00909090909090909
B.train.gold.bea19_001552,0.02765043914579435,0.02765043914579435,0.02765043914579435,0.02765043914579435
B.train.gold.bea19_001562,0.07234017307358184,0.02727272727272727,0.02727272727272727,0.02727272727272727
B.train.gold.bea19_001590,0.038162741501596806,0.0561252009926946,0.030540307944566244,0.038162741501596806
B.train.gold.bea19_001595,0.08467942446719189,0.01527951885557565,0.01527951885557565,0.01527951885557565
B.train.gold.bea19_001611,0.03649164006769686,0.03649164006769686,0.030303030303030297,0.03649164006769686
B.train.gold.bea19_001614,0.028552001785149023,0.028552001785149023,0.028552001785149023,0.028552001785149023
B.train.gold.bea19_001633,0.0246359034697338,0.0246359034697338,0.0246359034697338,0.0246359034697338
B.train.gold.bea19_001663,0.022657424016837804,0.022657424016837804,0.01818181818181818,0.022657424016837804
B.train.gold.bea19_001672,0.0523989898989899,0.0523989898989899,0.053766536126357005,0.04922108158090246
B.train.gold.bea19_001689,0.03282844417646197,0.03282844417646197,0.03282844417646197,0.03282844417646197
B.train.gold.bea19_001692,0.054028430145398425,0.0607334109883103,0.0607334109883103,0.0607334109883103
B.train.gold.bea19_001696,0.00909090909090909,0.00909090909090909,0.00909090909090909,0.00909090909090909
B.train.gold.bea19_001713,0.004545454545454545,0.004545454545454545,0.004545454545454545,0.004545454545454545
B.train.gold.bea19_001716,0.02410502542775389,0.02410502542775389,0.019559570882299343,0.019559570882299343
B.train.gold.bea19_001737,0.00909090909090909,0.00909090909090909,0.00909090909090909,0.00909090909090909
B.train.gold.bea19_001743,0.03944403204668038,0.03703908463971352,0.02448759202658102,0.02448759202658102
B.train.gold.bea19_001769,0.07243653044698713,0.07243653044698713,0.07243653044698713,0.07243653044698713
B.train.gold.bea19_001776,0.058699649969746436,0.06324510451520099,0.058699649969746436,0.058699649969746436
B.train.gold.bea19_001779,0.00909090909090909,0.00909090909090909,0.00909090909090909,0.00909090909090909
B.train.gold.bea19_001788,0.019016253168008278,0.019016253168008278,0.019016253168008278,0.019016253168008278
B.train.gold.bea19_001789,0.02796732576554986,0.02796732576554986,0.02308588109633776,0.02796732576554986
B.train.gold.bea19_001802,0.01818181818181818,0.01818181818181818,0.01818181818181818,0.01818181818181818
B.train.gold.bea19_001817,0.01818181818181818,0.01818181818181818,0.01818181818181818,0.01818181818181818
B.train.gold.bea19_001840,0.01818181818181818,0.01818181818181818,0.01818181818181818,0.01818181818181818
B.train.gold.bea19_001844,0.01818181818181818,0.02580425173884871,0.01818181818181818,0.01818181818181818
B.train.gold.bea19_001847,0.03871090020081271,0.03871090020081271,0.03871090020081271,0.03871090020081271
B.train.gold.bea19_001870,0.08983846205612799,0.04887503293339094,0.08983846205612799,0.08983846205612799
B.train.gold.bea19_001879,0.00909090909090909,0.00909090909090909,0.00909090909090909,0.00909090909090909
B.train.gold.bea19_001882,0.046400024481205476,0.05094547902666002,0.05094547902666002,0.05094547902666002
B.train.gold.bea19_001888,0.08334614606448491,0.06331076602107047,0.045454545454545456,0.045454545454545456
B.train.gold.bea19_001909,0.01705375419344219,0.00909090909090909,0.00909090909090909,0.00909090909090909
B.train.gold.bea19_001924,0.07605450497220702,0.06624814514313865,0.06560563020377226,0.06624814514313865
B.train.gold.bea19_001933,0.02196032131598848,0.05,0.05,0.05
B.train.gold.bea19_001954,0.06621181699222076,0.05221161515967275,0.0567570697051273,0.05221161515967275
B.train.gold.bea19_002004,0.058064516129032254,0.058064516129032254,0.043240947036143826,0.058064516129032254
B.train.gold.bea19_002013,0.04043062200956936,0.03588516746411482,0.022727272727272728,0.03588516746411482
B.train.gold.bea19_002019,0.013636363636363636,0.013636363636363636,0.013636363636363636,0.013636363636363636
B.train.gold.bea19_002028,0.00909090909090909,0.00909090909090909,0.00909090909090909,0.00909090909090909
B.train.gold.bea19_002033,0.05099593756849288,0.04881538406329813,0.04881538406329813,0.04881538406329813
B.train.gold.bea19_002047,0.03935125407089584,0.016371456091097854,0.020916910636552398,0.016371456091097854
B.train.gold.bea19_002050,0.028477917728428247,0.028477917728428247,0.028477917728428247,0.028477917728428247
B.train.gold.bea19_002065,0.022727272727272728,0.022727272727272728,0.022727272727272728,0.022727272727272728
B.train.gold.bea19_002070,0.02257187335916277,0.02257187335916277,0.02257187335916277,0.02257187335916277
B.train.gold.bea19_002080,0.013636363636363636,0.013636363636363636,0.013636363636363636,0.013636363636363636
B.train.gold.bea19_002085,0.031818181818181815,0.031818181818181815,0.031818181818181815,0.031818181818181815
B.train.gold.bea19_002109,0.00909090909090909,0.00909090909090909,0.00909090909090909,0.00909090909090909
B.train.gold.bea19_002163,0.029085872300807964,0.029085872300807964,0.02727272727272727,0.029085872300807964
B.train.gold.bea19_002181,0.13025745624605958,0.10436581250054405,0.06011656876143441,0.10436581250054405
B.train.gold.bea19_002192,0.004545454545454545,0.004545454545454545,0.004545454545454545,0.004545454545454545
B.train.gold.bea19_002199,0.01818181818181818,0.01818181818181818,0.01818181818181818,0.01818181818181818
B.train.gold.bea19_002216,0.01818181818181818,0.00909090909090909,0.013636363636363636,0.013636363636363636
B.train.gold.bea19_002218,0.03603896103896106,0.03603896103896106,0.03603896103896106,0.03603896103896106
B.train.gold.bea19_002235,0.01818181818181818,0.01818181818181818,0.01818181818181818,0.01818181818181818
B.train.gold.bea19_002242,0.046449808753642,0.04190435420818746,0.04190435420818746,0.04190435420818746
B.train.gold.bea19_002245,0.05850843573519997,0.037855966086668566,0.037855966086668566,0.037855966086668566
B.train.gold.bea19_002250,0.032922498210002774,0.032922498210002774,0.032922498210002774,0.032922498210002774
B.train.gold.bea19_002264,0.031818181818181815,0.031818181818181815,0.02727272727272727,0.02727272727272727
B.train.gold.bea19_002285,0.00909090909090909,0.00909090909090909,0.00909090909090909,0.00909090909090909
B.train.gold.bea19_002297,0.04782392080941125,0.02727272727272727,0.022727272727272728,0.02727272727272727
B.train.gold.bea19_002309,0.055804724974354895,0.055804724974354895,0.0474238120219541,0.0474238120219541
B.train.gold.bea19_002313,0.00909090909090909,0.00909090909090909,0.00909090909090909,0.00909090909090909
B.train.gold.bea19_002314,0.05783853205572029,0.033869501159232464,0.02727272727272727,0.02727272727272727
B.train.gold.bea19_002352,0.00909090909090909,0.00909090909090909,0.00909090909090909,0.00909090909090909
B.train.gold.bea19_002387,0.004545454545454545,0.004545454545454545,0.004545454545454545,0.004545454545454545
B.train.gold.bea19_002445,0.05417783260786253,0.049632378062407986,0.05417783260786253,0.035996014426044345
B.train.gold.bea19_002465,0.07652481566688688,0.06456802176239354,0.06456802176239354,0.06456802176239354
B.train.gold.bea19_002468,0.04125259487872677,0.04125259487872677,0.04125259487872677,0.04125259487872677
B.train.gold.bea19_002486,0.02225635472228296,0.02225635472228296,0.02225635472228296,0.02225635472228296
B.train.gold.bea19_002488,0.00909090909090909,0.00909090909090909,0.00909090909090909,0.00909090909090909
B.train.gold.bea19_002501,0.03488853643772461,0.03488853643772461,0.02727272727272727,0.02727272727272727
B.train.gold.bea19_002511,0.00909090909090909,0.00909090909090909,0.00909090909090909,0.00909090909090909
B.train.gold.bea19_002545,0.00909090909090909,0.00909090909090909,0.00909090909090909,0.00909090909090909
B.train.gold.bea19_002547,0.07703999757544258,0.026009383672953787,0.026009383672953787,0.026009383672953787
B.train.gold.bea19_002554,0.02727272727272727,0.04558271521026514,0.04558271521026514,0.04558271521026514
B.train.gold.bea19_002562,0.00909090909090909,0.00909090909090909,0.00909090909090909,0.00909090909090909
B.train.gold.bea19_002565,0.031818181818181815,0.031818181818181815,0.03558891653063004,0.031818181818181815
B.train.gold.bea19_002568,0.06657025048585499,0.051325757575757566,0.051325757575757566,0.051325757575757566
B.train.gold.bea19_002583,0.042754052476255626,0.00909090909090909,0.00909090909090909,0.00909090909090909
B.train.gold.bea19_002585,0.040774260316086976,0.03168335122517788,0.020912089129145925,0.020912089129145925
B.train.gold.bea19_002605,0.021243399881149,0.013636363636363636,0.00909090909090909,0.016697945335694454
B.train.gold.bea19_002608,0.021919659004572312,0.014001161495710839,0.00909090909090909,0.014001161495710839
B.train.gold.bea19_002640,0.00909090909090909,0.00909090909090909,0.00909090909090909,0.00909090909090909
B.train.gold.bea19_002647,0.047641785060352465,0.047641785060352465,0.047641785060352465,0.047641785060352465
B.train.gold.bea19_002659,0.032876397096122896,0.028330942550668356,0.023785488005213812,0.028330942550668356
B.train.gold.bea19_002665,0.020643401391078977,0.016097946845624433,0.020643401391078977,0.020643401391078977
B.train.gold.bea19_002670,0.05340787686295028,0.05340787686295028,0.05340787686295028,0.05340787686295028
B.train.gold.bea19_002680,0.04829620567240233,0.04829620567240233,0.04829620567240233,0.04829620567240233
B.train.gold.bea19_002681,0.01818181818181818,0.01818181818181818,0.01818181818181818,0.01818181818181818
B.train.gold.bea19_002689,0.031014830182647474,0.01818181818181818,0.013636363636363636,0.013636363636363636
B.train.gold.bea19_002696,0.0659206823953585,0.051310292784968875,0.05420296277682046,0.05420296277682046
B.train.gold.bea19_002705,0.045925502728114735,0.03592082050028315,0.03592082050028315,0.03592082050028315
B.train.gold.bea19_002707,0.01773900231846497,0.01773900231846497,0.01773900231846497,0.01773900231846497
B.train.gold.bea19_002713,0.022727272727272728,0.022727272727272728,0.02727272727272727,0.022727272727272728
B.train.gold.bea19_002729,0.01818181818181818,0.01818181818181818,0.013636363636363636,0.01818181818181818
B.train.gold.bea19_002730,0.0291662528183125,0.02007534372740341,0.0291662528183125,0.02007534372740341
B.train.gold.bea19_002767,0.00909090909090909,0.00909090909090909,0.00909090909090909,0.00909090909090909
B.train.gold.bea19_002772,0.016918474582044693,0.016918474582044693,0.016918474582044693,0.016918474582044693
B.train.gold.bea19_002776,0.013636363636363636,0.016532343882552814,0.016532343882552814,0.016532343882552814
B.train.gold.bea19_002794,0.045454545454545456,0.04090909090909091,0.04090909090909091,0.045454545454545456
B.train.gold.bea19_002796,0.1343017281612999,0.12280938042870794,0.11318829914082454,0.12280938042870794
B.train.gold.bea19_002798,0.10520638820513298,0.06451422360595582,0.0525974025974026,0.0525974025974026
B.train.gold.bea19_002814,0.010034284200296239,0.010034284200296239,0.004545454545454545,0.010034284200296239
B.train.gold.bea19_002820,0.03002172697723134,0.03002172697723134,0.03002172697723134,0.03002172697723134
B.train.gold.bea19_002831,0.03667974476092575,0.022727272727272728,0.01818181818181818,0.022727272727272728
B.train.gold.bea19_002841,0.036344991618263114,0.036344991618263114,0.036344991618263114,0.036344991618263114
B.train.gold.bea19_002842,0.03769422188215571,0.022727272727272728,0.022727272727272728,0.022727272727272728
B.train.gold.bea19_002859,0.023760591841750254,0.018642953305765347,0.018642953305765347,0.018642953305765347
B.train.gold.bea19_002860,0.022727272727272728,0.022727272727272728,0.022727272727272728,0.022727272727272728
B.train.gold.bea19_002865,0.020772958402092694,0.020772958402092694,0.020726145059398533,0.020726145059398533
B.train.gold.bea19_002869,0.00909090909090909,0.00909090909090909,0.00909090909090909,0.00909090909090909
B.train.gold.bea19_002883,0.044828254174060785,0.03359683794466405,0.03814229249011859,0.03814229249011859
B.train.gold.bea19_002887,0.031818181818181815,0.031818181818181815,0.02727272727272727,0.031818181818181815
B.train.gold.bea19_002892,0.03341411787674476,0.03341411787674476,0.03341411787674476,0.03341411787674476
B.train.gold.bea19_002899,0.013636363636363636,0.013636363636363636,0.013636363636363636,0.013636363636363636
B.train.gold.bea19_002925,0.07136875196602847,0.05474493150035337,0.05474493150035337,0.05474493150035337
B.train.gold.bea19_003005,0.044274720262721085,0.022727272727272728,0.01818181818181818,0.022727272727272728
B.train.gold.bea19_003006,0.06972717281181073,0.06452569169960473,0.059542226739007956,0.07014139981430312
B.train.gold.bea19_003007,0.025071637688473494,0.020526183143018947,0.020526183143018947,0.020526183143018947
B.train.gold.bea19_003013,0.00909090909090909,0.00909090909090909,0.00909090909090909,0.00909090909090909
B.train.gold.bea19_003030,0.036874640313890365,0.03079634464508724,0.036874640313890365,0.03079634464508724
B.train.gold.bea19_003037,0.00909090909090909,0.00909090909090909,0.00909090909090909,0.00909090909090909
B.train.gold.bea19_003038,0.03218202001436619,0.03218202001436619,0.03218202001436619,0.03218202001436619
B.train.gold.bea19_003054,0.00909090909090909,0.00909090909090909,0.00909090909090909,0.00909090909090909
B.train.gold.bea19_003069,0.05242999711002705,0.04372294372294373,0.04372294372294373,0.04372294372294373
B.train.gold.bea19_003070,0.04462879617798433,0.04462879617798433,0.022727272727272728,0.022727272727272728
B.train.gold.bea19_003075,0.004545454545454545,0.004545454545454545,0.004545454545454545,0.004545454545454545
B.train.gold.bea19_003078,0.02727272727272727,0.02727272727272727,0.02727272727272727,0.02727272727272727
B.train.gold.bea19_003079,0.01818181818181818,0.01818181818181818,0.022727272727272728,0.01818181818181818
B.train.gold.bea19_003082,0.01818181818181818,0.013636363636363636,0.00909090909090909,0.00909090909090909
B.train.gold.bea19_003115,0.03636363636363636,0.03636363636363636,0.03636363636363636,0.03636363636363636
B.train.gold.bea19_003145,0.05339162873148219,0.05339162873148219,0.05339162873148219,0.05339162873148219
B.train.gold.bea19_003148,0.061950814164266586,0.04504740507335749,0.04504740507335749,0.04504740507335749
B.train.gold.bea19_003150,0.00909090909090909,0.00909090909090909,0.00909090909090909,0.00909090909090909
B.train.gold.bea19_003166,0.00909090909090909,0.00909090909090909,0.00909090909090909,0.00909090909090909
B.train.gold.bea19_003184,0.01818181818181818,0.01818181818181818,0.019808966404888873,0.019808966404888873
B.train.gold.bea19_003197,0.07559740086314469,0.05314882435656891,0.05314882435656891,0.05314882435656891
B.train.gold.bea19_003201,0.05659677388650521,0.05659677388650521,0.05454545454545454,0.05659677388650521
B.train.gold.bea19_003208,0.021841641000566306,0.021841641000566306,0.00909090909090909,0.021841641000566306
B.train.gold.bea19_003224,0.02938778297183026,0.02938778297183026,0.02938778297183026,0.02938778297183026
B.train.gold.bea19_003247,0.019289762413481713,0.019289762413481713,0.00909090909090909,0.00909090909090909
B.train.gold.bea19_003267,0.06523596010138619,0.04548639601112182,0.0348289797697009,0.0348289797697009
B.train.gold.bea19_003291,0.01818181818181818,0.019280093928853097,0.01818181818181818,0.01818181818181818
B.train.gold.bea19_003295,0.06320930373232758,0.058663849186873035,0.04957294009596395,0.058663849186873035
B.train.gold.bea19_003305,0.03215877476129998,0.03215877476129998,0.027613320215845436,0.027613320215845436
B.train.gold.bea19_003309,0.00909090909090909,0.00909090909090909,0.00909090909090909,0.00909090909090909
B.train.gold.bea19_003319,0.011265075804926639,0.011265075804926639,0.013636363636363636,0.011265075804926639
B.train.gold.bea19_003361,0.0783980341464599,0.0783980341464599,0.0783980341464599,0.0783980341464599
B.train.gold.bea19_003366,0.01818181818181818,0.01818181818181818,0.01818181818181818,0.01818181818181818
B.train.gold.bea19_003379,0.01818181818181818,0.01818181818181818,0.01818181818181818,0.01818181818181818
B.train.gold.bea19_003396,0.00909090909090909,0.00909090909090909,0.00909090909090909,0.00909090909090909
B.train.gold.bea19_003429,0.03458184739271913,0.013636363636363636,0.013636363636363636,0.013636363636363636
B.train.gold.bea19_003450,0.016385363340867706,0.016385363340867706,0.016385363340867706,0.016385363340867706
B.train.gold.bea19_003451,0.013636363636363636,0.016932381831814544,0.00909090909090909,0.013636363636363636
B.train.gold.bea19_003458,0.06420956967429185,0.00909090909090909,0.00909090909090909,0.00909090909090909
B.train.gold.bea19_003477,0.03795957242219927,0.019940091902718764,0.019940091902718764,0.019940091902718764
B.train.gold.bea19_003488,0.06292742910571725,0.045454545454545456,0.04090909090909091,0.05
B.train.gold.bea19_003512,0.031818181818181815,0.03636363636363636,0.031818181818181815,0.031818181818181815
B.train.gold.bea19_003535,0.05371787577462991,0.05371787577462991,0.04273248587891372,0.04273248587891372
B.train.gold.bea19_003540,0.043330874383280725,0.048757286062270595,0.034088023502936486,0.034088023502936486
B.train.gold.bea19_003551,0.060786188388761306,0.01818181818181818,0.01625394762171909,0.01625394762171909
B.train.gold.bea19_003576,0.019833592552798648,0.019833592552798648,0.019833592552798648,0.019833592552798648
B.train.gold.bea19_003582,0.00909090909090909,0.00909090909090909,0.00909090909090909,0.00909090909090909
B.train.gold.bea19_003596,0.04594914236315088,0.04594914236315088,0.040770256369854534,0.04594914236315088
B.train.gold.bea19_003611,0.01818181818181818,0.01818181818181818,0.01818181818181818,0.01818181818181818
B.train.gold.bea19_003651,0.04115371717487191,0.02619159596275071,0.02619159596275071,0.02619159596275071
B.train.gold.bea19_003652,0.04776710086042778,0.031818181818181815,0.031818181818181815,0.02727272727272727
B.train.gold.bea19_003662,0.013636363636363636,0.013636363636363636,0.013636363636363636,0.013636363636363636
B.train.gold.bea19_003666,0.02727272727272727,0.013636363636363636,0.013636363636363636,0.013636363636363636
B.train.gold.bea19_003670,0.14338118345009587,0.12992643307410068,0.12992643307410068,0.12992643307410068
B.train.gold.bea19_003702,0.04769234837205525,0.038601439281146156,0.02727272727272727,0.02727272727272727
B.train.gold.bea19_003733,0.026432181319311746,0.026432181319311746,0.026432181319311746,0.026432181319311746
B.train.gold.bea19_003741,0.00909090909090909,0.00909090909090909,0.00909090909090909,0.00909090909090909
B.train.gold.bea19_003764,0.05518300648019524,0.05518300648019524,0.05063755193474069,0.05518300648019524
B.train.gold.bea19_003778,0.00909090909090909,0.00909090909090909,0.00909090909090909,0.00909090909090909
B.train.gold.bea19_003783,0.013636363636363636,0.019366150541535655,0.00909090909090909,0.013636363636363636
B.train.gold.bea19_003784,0.00909090909090909,0.00909090909090909,0.00909090909090909,0.00909090909090909
B.train.gold.bea19_003789,0.00909090909090909,0.00909090909090909,0.00909090909090909,0.00909090909090909
B.train.gold.bea19_003807,0.03443576580353727,0.03443576580353727,0.03443576580353727,0.03443576580353727
B.train.gold.bea19_003812,0.04296041025014158,0.031818181818181815,0.031818181818181815,0.031818181818181815
B.train.gold.bea19_003813,0.042601175571050386,0.01818181818181818,0.01818181818181818,0.01818181818181818
B.train.gold.bea19_003838,0.013636363636363636,0.013636363636363636,0.013636363636363636,0.013636363636363636
B.train.gold.bea19_003841,0.02765124633168017,0.01856033724077108,0.01818181818181818,0.01856033724077108
B.train.gold.bea19_003845,0.051671411851250466,0.00909090909090909,0.00909090909090909,0.00909090909090909
B.train.gold.bea19_003873,0.01818181818181818,0.01818181818181818,0.01818181818181818,0.01818181818181818
B.train.gold.bea19_003876,0.013636363636363636,0.013636363636363636,0.013636363636363636,0.013636363636363636
B.train.gold.bea19_003880,0.026032063842935597,0.026032063842935597,0.026032063842935597,0.026032063842935597
B.train.gold.bea19_003922,0.00909090909090909,0.00909090909090909,0.00909090909090909,0.00909090909090909
B.train.gold.bea19_003925,0.09983555713299065,0.06241997202401285,0.046397183775493504,0.05592130119434776
B.train.gold.bea19_003941,0.19090909090909092,0.05748871909177598,0.047421276008307034,0.05
B.train.gold.bea19_003954,0.06125830515474026,0.04350313720933925,0.04350313720933925,0.042812046704442816
B.train.gold.bea19_003970,0.04456387656411559,0.04001842201866104,0.04456387656411559,0.04001842201866104
B.train.gold.bea19_003989,0.05726639351383212,0.046478799951003125,0.046478799951003125,0.046478799951003125
B.train.gold.bea19_004046,0.026009383672953787,0.01818181818181818,0.01818181818181818,0.01818181818181818
B.train.gold.bea19_004050,0.023575614963232662,0.044408948296566005,0.014247018330802764,0.014247018330802764
B.train.gold.bea19_004086,0.04438367435702013,0.031818181818181815,0.031818181818181815,0.02727272727272727
B.train.gold.bea19_004121,0.04253623913216159,0.04253623913216159,0.03763246838675485,0.04253623913216159
B.train.gold.bea19_004139,0.05175200397663743,0.05175200397663743,0.02727272727272727,0.02727272727272727
B.train.gold.bea19_004200,0.00909090909090909,0.00909090909090909,0.00909090909090909,0.00909090909090909
B.train.gold.bea19_004220,0.00909090909090909,0.00909090909090909,0.00909090909090909,0.00909090909090909
B.train.gold.bea19_004247,0.01818181818181818,0.01818181818181818,0.01818181818181818,0.01818181818181818
B.train.gold.bea19_004308,0.013636363636363636,0.013636363636363636,0.00909090909090909,0.00909090909090909
B.train.gold.bea19_004318,0.01818181818181818,0.00909090909090909,0.00909090909090909,0.00909090909090909
B.train.gold.bea19_004324,0.01818181818181818,0.01818181818181818,0.01818181818181818,0.01818181818181818
B.train.gold.bea19_004345,0.00909090909090909,0.00909090909090909,0.00909090909090909,0.00909090909090909
B.train.gold.bea19_004368,0.01818181818181818,0.01818181818181818,0.01818181818181818,0.01818181818181818
B.train.gold.bea19_004370,0.013636363636363636,0.013636363636363636,0.013636363636363636,0.013636363636363636
B.train.gold.bea19_004371,0.01818181818181818,0.01818181818181818,0.01818181818181818,0.01818181818181818
B.train.gold.bea19_004375,0.05847173123911102,0.04938082214820193,0.04938082214820193,0.04938082214820193
B.train.gold.bea19_004378,0.0448476240439082,0.04030216949845365,0.03378744838559046,0.04030216949845365
B.train.gold.bea19_004391,0.02727272727272727,0.03057751838839014,0.02727272727272727,0.02727272727272727
B.train.gold.bea19_004416,0.004545454545454545,0.004545454545454545,0.004545454545454545,0.004545454545454545
B.train.gold.bea19_004436,0.06578633414396345,0.00909090909090909,0.00909090909090909,0.00909090909090909
B.train.gold.bea19_004478,0.026337385744869102,0.026337385744869102,0.026337385744869102,0.026337385744869102
B.train.gold.bea19_004502,0.038748629345713034,0.038748629345713034,0.038748629345713034,0.038748629345713034
B.train.gold.bea19_004518,0.038004908406831774,0.038004908406831774,0.038004908406831774,0.038004908406831774
B.train.gold.bea19_004526,0.0239879785778143,0.0239879785778143,0.01818181818181818,0.01818181818181818
B.train.gold.bea19_004557,0.09429806546659221,0.06935400066241855,0.05,0.05
B.train.gold.bea19_004561,0.013636363636363636,0.013636363636363636,0.013636363636363636,0.013636363636363636
B.train.gold.bea19_004585,0.07457478858530497,0.05639297040348679,0.051847515858032246,0.05639297040348679
B.train.gold.bea19_004590,0.00909090909090909,0.00909090909090909,0.00909090909090909,0.00909090909090909
B.train.gold.bea19_004613,0.02603816174622753,0.02603816174622753,0.02603816174622753,0.02603816174622753
B.train.gold.bea19_004620,0.00909090909090909,0.00909090909090909,0.00909090909090909,0.00909090909090909
B.train.gold.bea19_004646,0.004545454545454545,0.004545454545454545,0.004545454545454545,0.004545454545454545
B.train.gold.bea19_004661,0.03636363636363636,0.03636363636363636,0.031818181818181815,0.031818181818181815
B.train.gold.bea19_004665,0.02139882513721307,0.004545454545454545,0.004545454545454545,0.004545454545454545
B.train.gold.bea19_004680,0.02184164100056629,0.013636363636363636,0.013636363636363636,0.02184164100056629
B.train.gold.bea19_004688,0.027637525132074476,0.023092070586619932,0.023092070586619932,0.023092070586619932
B.train.gold.bea19_004706,0.05533607961086621,0.013636363636363636,0.013636363636363636,0.013636363636363636
B.train.gold.bea19_004722,0.017870127816294837,0.00909090909090909,0.00909090909090909,0.017870127816294837
B.train.gold.bea19_004724,0.07738651264426863,0.06694484376468013,0.07177968244040218,0.06268877334949309
B.train.gold.bea19_004729,0.033055610140237314,0.03167848439731199,0.013874051177884443,0.013874051177884443
B.train.gold.bea19_004737,0.013636363636363636,0.013636363636363636,0.00909090909090909,0.00909090909090909
B.train.gold.bea19_004746,0.023936231234899984,0.013193547773010425,0.00909090909090909,0.013193547773010425
B.train.gold.bea19_004749,0.01818181818181818,0.013636363636363636,0.013636363636363636,0.013636363636363636
B.train.gold.bea19_004750,0.02066945851996592,0.02066945851996592,0.02066945851996592,0.02066945851996592
B.train.gold.bea19_004752,0.031818181818181815,0.031818181818181815,0.03636363636363636,0.03636363636363636
B.train.gold.bea19_004770,0.022727272727272728,0.022727272727272728,0.022727272727272728,0.022727272727272728
B.train.gold.bea19_004809,0.01907937068619446,0.014533916140739914,0.00909090909090909,0.014533916140739914
B.train.gold.bea19_004822,0.03636363636363636,0.03636363636363636,0.022727272727272728,0.031818181818181815
B.train.gold.bea19_004837,0.015142139497806675,0.015142139497806675,0.015142139497806675,0.015142139497806675
B.train.gold.bea19_004860,0.00909090909090909,0.00909090909090909,0.00909090909090909,0.00909090909090909
B.train.gold.bea19_004863,0.01818181818181818,0.01818181818181818,0.00909090909090909,0.01818181818181818
B.train.gold.bea19_004869,0.004545454545454545,0.004545454545454545,0.004545454545454545,0.004545454545454545
B.train.gold.bea19_004880,0.00909090909090909,0.00909090909090909,0.00909090909090909,0.00909090909090909
B.train.gold.bea19_004895,0.01818181818181818,0.01818181818181818,0.01818181818181818,0.01818181818181818
B.train.gold.bea19_004901,0.018517808305575718,0.018517808305575718,0.018517808305575718,0.018517808305575718
B.train.gold.bea19_004907,0.10598253503654803,0.06584766584766583,0.05,0.05
B.train.gold.bea19_004910,0.022727272727272728,0.022727272727272728,0.022727272727272728,0.022727272727272728
B.train.gold.bea19_004914,0.01818181818181818,0.01818181818181818,0.01818181818181818,0.01818181818181818
B.train.gold.bea19_004917,0.00909090909090909,0.00909090909090909,0.00909090909090909,0.00909090909090909
B.train.gold.bea19_004920,0.02727272727272727,0.02727272727272727,0.02727272727272727,0.02727272727272727
B.train.gold.bea19_004928,0.025501463819314396,0.025501463819314396,0.025501463819314396,0.025501463819314396
B.train.gold.bea19_004955,0.03942598216487969,0.03942598216487969,0.03942598216487969,0.03942598216487969
B.train.gold.bea19_004962,0.00909090909090909,0.00909090909090909,0.00909090909090909,0.00909090909090909
B.train.gold.bea19_004968,0.04090909090909091,0.042667364629991475,0.03357645553908238,0.042667364629991475
B.train.gold.bea19_004969,0.025981611200817264,0.00909090909090909,0.00909090909090909,0.00909090909090909
B.train.gold.bea19_004971,0.041429251738848726,0.032668085797652825,0.032668085797652825,0.03688379719339418
B.train.gold.bea19_005002,0.022727272727272728,0.022727272727272728,0.022727272727272728,0.022727272727272728
B.train.gold.bea19_005022,0.12116617508403368,0.10704143159211814,0.11916209187800679,0.11916209187800679
B.train.gold.bea19_005023,0.03336430798751823,0.02881885344206369,0.023457631555020828,0.023457631555020828
B.train.gold.bea19_005036,0.01818181818181818,0.01818181818181818,0.01818181818181818,0.01818181818181818
B.train.gold.bea19_005044,0.01818181818181818,0.01818181818181818,0.01818181818181818,0.01818181818181818
B.train.gold.bea19_005056,0.02731640091674131,0.02731640091674131,0.02731640091674131,0.02731640091674131
B.train.gold.bea19_005057,0.013636363636363636,0.00909090909090909,0.00909090909090909,0.00909090909090909
B.train.gold.bea19_005060,0.0427296352439041,0.03818418069844955,0.0427296352439041,0.03818418069844955
B.train.gold.bea19_005069,0.12842399576659733,0.10844989307469119,0.07810716225891738,0.07810716225891738
B.train.gold.bea19_005071,0.05778634561467704,0.03079178885630498,0.03079178885630498,0.01818181818181818
B.train.gold.bea19_005078,0.024596214152351397,0.022284456863919513,0.013636363636363636,0.024596214152351397
B.train.gold.bea19_005092,0.013636363636363636,0.00909090909090909,0.00909090909090909,0.00909090909090909
B.train.gold.bea19_005100,0.004676580043284413,0.004676580043284413,0.004545454545454545,0.004676580043284413
B.train.gold.bea19_005108,0.039921392722931326,0.033276140958300414,0.033276140958300414,0.033276140958300414
B.train.gold.bea19_005133,0.046548676459641634,0.02727272727272727,0.02727272727272727,0.02727272727272727
B.train.gold.bea19_005135,0.028095436538523196,0.028095436538523196,0.028095436538523196,0.028095436538523196
B.train.gold.bea19_005161,0.019642091459626754,0.0241875460050813,0.01818181818181818,0.0241875460050813
B.train.gold.bea19_005169,0.03236151328094144,0.03236151328094144,0.03236151328094144,0.03236151328094144
B.train.gold.bea19_005195,0.04896144923207437,0.04896144923207437,0.04896144923207437,0.04896144923207437
B.train.gold.bea19_005223,0.022727272727272728,0.022727272727272728,0.01818181818181818,0.022727272727272728
B.train.gold.bea19_005227,0.026136363636363645,0.026136363636363645,0.00909090909090909,0.026136363636363645
B.train.gold.bea19_005251,0.00909090909090909,0.00909090909090909,0.00909090909090909,0.00909090909090909
B.train.gold.bea19_005256,0.00909090909090909,0.00909090909090909,0.00909090909090909,0.00909090909090909
B.train.gold.bea19_005259,0.031818181818181815,0.02727272727272727,0.031818181818181815,0.02727272727272727
B.train.gold.bea19_005275,0.00909090909090909,0.00909090909090909,0.00909090909090909,0.00909090909090909
B.train.gold.bea19_005304,0.01818181818181818,0.01818181818181818,0.01818181818181818,0.01818181818181818
B.train.gold.bea19_005334,0.00909090909090909,0.00909090909090909,0.00909090909090909,0.00909090909090909
B.train.gold.bea19_005360,0.05943375248610151,0.03921266508556976,0.03921266508556976,0.03921266508556976
B.train.gold.bea19_005361,0.02727272727272727,0.02727272727272727,0.02727272727272727,0.02727272727272727
B.train.gold.bea19_005375,0.02304675754361113,0.014714251906986126,0.00909090909090909,0.00909090909090909
B.train.gold.bea19_005378,0.031632662127546445,0.028342245989304814,0.013636363636363636,0.013636363636363636
B.train.gold.bea19_005379,0.01818181818181818,0.01818181818181818,0.01818181818181818,0.01818181818181818
B.train.gold.bea19_005386,0.01818181818181818,0.01818181818181818,0.01818181818181818,0.01818181818181818
B.train.gold.bea19_005394,0.049375779415558124,0.049375779415558124,0.049375779415558124,0.049375779415558124
B.train.gold.bea19_005403,0.00909090909090909,0.00909090909090909,0.00909090909090909,0.00909090909090909
B.train.gold.bea19_005404,0.004545454545454545,0.004545454545454545,0.004545454545454545,0.004545454545454545
B.train.gold.bea19_005407,0.07285847783056151,0.06831302328510698,0.05494430850860351,0.06831302328510698
B.train.gold.bea19_005411,0.04884683192729175,0.039755922836382664,0.039755922836382664,0.039755922836382664
B.train.gold.bea19_005423,0.031818181818181815,0.02727272727272727,0.02727272727272727,0.031818181818181815
B.train.gold.bea19_005438,0.0,0.07486837871774651,0.004545454545454545,0.004545454545454545
B.train.gold.bea19_005454,0.06156885746384044,0.06156885746384044,0.058371268889670716,0.06156885746384044
B.train.gold.bea19_005483,0.013636363636363636,0.013636363636363636,0.013636363636363636,0.013636363636363636
B.train.gold.bea19_005505,0.023118891850109614,0.027636531896024486,0.023118891850109614,0.023118891850109614
B.train.gold.bea19_005513,0.05634055955420709,0.045454545454545456,0.05,0.045454545454545456
B.train.gold.bea19_005527,0.01818181818181818,0.013636363636363636,0.013636363636363636,0.013636363636363636
B.train.gold.bea19_005598,0.08568607060696617,0.06031838787946258,0.06031838787946258,0.06031838787946258
B.train.gold.bea19_005600,0.00909090909090909,0.00909090909090909,0.00909090909090909,0.00909090909090909
B.train.gold.bea19_005616,0.042482280293152,0.03793682574769746,0.03793682574769746,0.03793682574769746
B.train.gold.bea19_005630,0.031818181818181815,0.031818181818181815,0.031818181818181815,0.031818181818181815
B.train.gold.bea19_005645,0.013636363636363636,0.013636363636363636,0.013636363636363636,0.013636363636363636
B.train.gold.bea19_005675,0.022727272727272728,0.022727272727272728,0.022727272727272728,0.022727272727272728
B.train.gold.bea19_005691,0.034861781262946624,0.034861781262946624,0.03718103021793456,0.03718103021793456
B.train.gold.bea19_005728,0.00909090909090909,0.00909090909090909,0.00909090909090909,0.00909090909090909
B.train.gold.bea19_005731,0.004545454545454545,0.004545454545454545,0.004545454545454545,0.004545454545454545
B.train.gold.bea19_005745,0.04808966404888878,0.02727272727272727,0.02727272727272727,0.02727272727272727
B.train.gold.bea19_005746,0.00909090909090909,0.00909090909090909,0.00909090909090909,0.00909090909090909
B.train.gold.bea19_005749,0.013636363636363636,0.013636363636363636,0.013636363636363636,0.013636363636363636
B.train.gold.bea19_005752,0.00909090909090909,0.00909090909090909,0.00909090909090909,0.00909090909090909
B.train.gold.bea19_005796,0.01818181818181818,0.01818181818181818,0.01818181818181818,0.03149000712420753
B.train.gold.bea19_005820,0.00909090909090909,0.00909090909090909,0.00909090909090909,0.00909090909090909
B.train.gold.bea19_005838,0.00909090909090909,0.00909090909090909,0.00909090909090909,0.00909090909090909
B.train.gold.bea19_005849,0.00909090909090909,0.00909090909090909,0.00909090909090909,0.00909090909090909
B.train.gold.bea19_005867,0.022727272727272728,0.022727272727272728,0.022727272727272728,0.022727272727272728
B.train.gold.bea19_005877,0.013636363636363636,0.00909090909090909,0.00909090909090909,0.013636363636363636
B.train.gold.bea19_005878,0.026514323818443188,0.022727272727272728,0.022727272727272728,0.022727272727272728
B.train.gold.bea19_005881,0.046524064171122995,0.03704106924378013,0.03704106924378013,0.03704106924378013
B.train.gold.bea19_005884,0.00909090909090909,0.00909090909090909,0.00909090909090909,0.00909090909090909
B.train.gold.bea19_005904,0.022727272727272728,0.022727272727272728,0.022727272727272728,0.022727272727272728
B.train.gold.bea19_005927,0.0,0.0,0.0,0.0
B.train.gold.bea19_005961,0.031818181818181815,0.03636363636363636,0.03636363636363636,0.031818181818181815
B.train.gold.bea19_005963,0.038396310959313784,0.01818181818181818,0.01818181818181818,0.01818181818181818
B.train.gold.bea19_005974,0.00909090909090909,0.013636363636363636,0.00909090909090909,0.00909090909090909
B.train.gold.bea19_005993,0.018456448158042284,0.018456448158042284,0.018456448158042284,0.018456448158042284
B.train.gold.bea19_006011,0.022727272727272728,0.022727272727272728,0.022727272727272728,0.022727272727272728
B.train.gold.bea19_006016,0.02066945851996592,0.02066945851996592,0.02066945851996592,0.02066945851996592
B.train.gold.bea19_006021,0.05667848439731202,0.029510530190237097,0.029510530190237097,0.029510530190237097
B.train.gold.bea19_006067,0.00909090909090909,0.00909090909090909,0.00909090909090909,0.00909090909090909
B.train.gold.bea19_006091,0.06229219876571894,0.05320128967480985,0.05320128967480985,0.0577467442202644
B.train.gold.bea19_006098,0.01818181818181818,0.01818181818181818,0.01818181818181818,0.01818181818181818
B.train.gold.bea19_006100,0.00909090909090909,0.00909090909090909,0.00909090909090909,0.00909090909090909
B.train.gold.bea19_006115,0.00909090909090909,0.00909090909090909,0.00909090909090909,0.00909090909090909
B.train.gold.bea19_006137,0.03636363636363636,0.03636363636363636,0.03636363636363636,0.03636363636363636
B.train.gold.bea19_006142,0.02010057818103798,0.02361712562283913,0.02010057818103798,0.02010057818103798
B.train.gold.bea19_006144,0.004545454545454545,0.004545454545454545,0.004545454545454545,0.004545454545454545
B.train.gold.bea19_006155,0.060431614283217173,0.05588615973776263,0.05588615973776263,0.07113894637261797
B.train.gold.bea19_006207,0.03636363636363636,0.031818181818181815,0.02727272727272727,0.031818181818181815
B.train.gold.bea19_006227,0.00909090909090909,0.00909090909090909,0.00909090909090909,0.00909090909090909
B.train.gold.bea19_006236,0.03624919177753216,0.03624919177753216,0.03624919177753216,0.03624919177753216
B.train.gold.bea19_006241,0.02624382016907389,0.01994009190271878,0.01994009190271878,0.01994009190271878
B.train.gold.bea19_006297,0.01818181818181818,0.01818181818181818,0.01818181818181818,0.01818181818181818
B.train.gold.bea19_006302,0.037513100245479235,0.037513100245479235,0.037513100245479235,0.037513100245479235
B.train.gold.bea19_006349,0.05194181231353987,0.0608695652173913,0.05632411067193675,0.0608695652173913
B.train.gold.bea19_006356,0.13846406286038143,0.07785017539135601,0.07272727272727272,0.07785017539135601
B.train.gold.bea19_006365,0.00909090909090909,0.00909090909090909,0.00909090909090909,0.00909090909090909
B.train.gold.bea19_006384,0.02066945851996592,0.013636363636363636,0.00909090909090909,0.013636363636363636
B.train.gold.bea19_006389,0.00909090909090909,0.00909090909090909,0.00909090909090909,0.00909090909090909
B.train.gold.bea19_006396,0.023604304744226385,0.013902740958878182,0.013902740958878182,0.013902740958878182
B.train.gold.bea19_006401,0.03825266164764085,0.031818181818181815,0.031818181818181815,0.031818181818181815
B.train.gold.bea19_006418,0.01818181818181818,0.01818181818181818,0.01818181818181818,0.01818181818181818
B.train.gold.bea19_006435,0.020386606902608767,0.020386606902608767,0.020386606902608767,0.020386606902608767
B.train.gold.bea19_006451,0.004545454545454545,0.004545454545454545,0.004545454545454545,0.004545454545454545
B.train.gold.bea19_006461,0.02930194627806416,0.02930194627806416,0.02930194627806416,0.02930194627806416
B.train.gold.bea19_006464,0.004545454545454545,0.004545454545454545,0.004545454545454545,0.004545454545454545
B.train.gold.bea19_006499,0.022727272727272728,0.022727272727272728,0.022727272727272728,0.022727272727272728
B.train.gold.bea19_006500,0.00909090909090909,0.00909090909090909,0.00909090909090909,0.00909090909090909
B.train.gold.bea19_006506,0.04231570988581137,0.042405021112847864,0.031818181818181815,0.049497470180808266
B.train.gold.bea19_006509,0.02727272727272727,0.02727272727272727,0.02727272727272727,0.02727272727272727
B.train.gold.bea19_006518,0.05301774316320007,0.048472288617745524,0.048472288617745524,0.048472288617745524
B.train.gold.bea19_006538,0.03544071514618345,0.02924029787811855,0.00909090909090909,0.00909090909090909
B.train.gold.bea19_006547,0.013636363636363636,0.013636363636363636,0.013636363636363636,0.013636363636363636
B.train.gold.bea19_006580,0.07032942505656513,0.07032942505656513,0.07032942505656513,0.07032942505656513
B.train.gold.bea19_006586,0.00909090909090909,0.00909090909090909,0.00909090909090909,0.00909090909090909
B.train.gold.bea19_006609,0.05759054520410658,0.05759054520410658,0.02727272727272727,0.05759054520410658
B.train.gold.bea19_006617,0.06472778014416493,0.06472778014416493,0.0510914165078013,0.06472778014416493
B.train.gold.bea19_006661,0.034714162064370994,0.034714162064370994,0.03016870751891645,0.034714162064370994
B.train.gold.bea19_006713,0.013636363636363636,0.013636363636363636,0.013636363636363636,0.013636363636363636
B.train.gold.bea19_006714,0.01818181818181818,0.01818181818181818,0.01818181818181818,0.01818181818181818
B.train.gold.bea19_006716,0.022727272727272728,0.022727272727272728,0.022727272727272728,0.022727272727272728
B.train.gold.bea19_006718,0.031152893091898688,0.031152893091898688,0.026607438546444144,0.026607438546444144
B.train.gold.bea19_006725,0.03636363636363636,0.03636363636363636,0.03636363636363636,0.03636363636363636
B.train.gold.bea19_006729,0.00909090909090909,0.00909090909090909,0.00909090909090909,0.00909090909090909
B.train.gold.bea19_006730,0.01156639954993974,0.01156639954993974,0.01156639954993974,0.01156639954993974
B.train.gold.bea19_006756,0.08569412465295541,0.03249016206569691,0.03249016206569691,0.03249016206569691
B.train.gold.bea19_006780,0.05970367232050814,0.050083724610838376,0.050083724610838376,0.050083724610838376
B.train.gold.bea19_006787,0.028712876188887876,0.028712876188887876,0.028712876188887876,0.028712876188887876
B.train.gold.bea19_006821,0.07306148449385864,0.06216239459485863,0.06216239459485863,0.06216239459485863
B.train.gold.bea19_006828,0.013636363636363636,0.00909090909090909,0.00909090909090909,0.00909090909090909
B.train.gold.bea19_006836,0.04028942039714854,0.00909090909090909,0.00909090909090909,0.00909090909090909
B.train.gold.bea19_006837,0.022727272727272728,0.03248502434963341,0.03248502434963341,0.022727272727272728
B.train.gold.bea19_006840,0.00909090909090909,0.00909090909090909,0.00909090909090909,0.00909090909090909
B.train.gold.bea19_006843,0.020071217400548617,0.020071217400548617,0.020071217400548617,0.020071217400548617
B.train.gold.bea19_006873,0.08354649551899322,0.0849944856420878,0.0849944856420878,0.0849944856420878
B.train.gold.bea19_006881,0.040462477477741336,0.04710123345860256,0.044976076555023906,0.03636363636363636
B.train.gold.bea19_006901,0.04090909090909091,0.04090909090909091,0.04090909090909091,0.04090909090909091
B.train.gold.bea19_006913,0.03653198653198654,0.031986531986532,0.031986531986532,0.031986531986532
B.train.gold.bea19_006919,0.04221443083605002,0.04221443083605002,0.02857806719968638,0.04221443083605002
B.train.gold.bea19_006926,0.08917188330216083,0.08607365857229246,0.06818181818181818,0.08607365857229246
B.train.gold.bea19_006930,0.01818181818181818,0.01818181818181818,0.01818181818181818,0.01818181818181818
B.train.gold.bea19_006960,0.06534769406781382,0.013636363636363636,0.013636363636363636,0.013636363636363636
B.train.gold.bea19_006963,0.06752390677152655,0.0429008360472639,0.0429008360472639,0.0429008360472639
B.train.gold.bea19_006972,0.06172982057155331,0.03137536595482861,0.01818181818181818,0.01818181818181818
B.train.gold.bea19_006993,0.05252204973610971,0.05252204973610971,0.05252204973610971,0.05252204973610971
B.train.gold.bea19_007000,0.029014440425383578,0.013636363636363636,0.013636363636363636,0.013636363636363636
B.train.gold.bea19_007013,0.00909090909090909,0.00909090909090909,0.00909090909090909,0.00909090909090909
B.train.gold.bea19_007019,0.013636363636363636,0.013636363636363636,0.013636363636363636,0.013636363636363636
B.train.gold.bea19_007035,0.049270073202622215,0.049270073202622215,0.048733192230738374,0.049270073202622215
B.train.gold.bea19_007038,0.043042073478879346,0.043042073478879346,0.038825219572897175,0.04337067411835172
B.train.gold.bea19_007045,0.022727272727272728,0.022727272727272728,0.022727272727272728,0.022727272727272728
B.train.gold.bea19_007079,0.027202878562292365,0.01818181818181818,0.01818181818181818,0.01818181818181818
B.train.gold.bea19_007082,0.03274291218219572,0.022727272727272728,0.01818181818181818,0.022727272727272728
B.train.gold.bea19_007111,0.022727272727272728,0.022727272727272728,0.022727272727272728,0.022727272727272728
B.train.gold.bea19_007112,0.06404014750119802,0.056675717980786924,0.056675717980786924,0.056675717980786924
B.train.gold.bea19_007127,0.0608695652173913,0.03636363636363636,0.02727272727272727,0.05316903895842196
B.train.gold.bea19_007135,0.03093255009147538,0.03093255009147538,0.03093255009147538,0.03093255009147538
B.train.gold.bea19_007139,0.07036821123472428,0.02727272727272727,0.02727272727272727,0.06240050345744648
B.train.gold.bea19_007160,0.013636363636363636,0.013636363636363636,0.013636363636363636,0.013636363636363636
B.train.gold.bea19_007166,0.026510197491588408,0.01818181818181818,0.01818181818181818,0.01818181818181818
B.train.gold.bea19_007194,0.00909090909090909,0.00909090909090909,0.00909090909090909,0.00909090909090909
B.train.gold.bea19_007198,0.04516730972344694,0.04516730972344694,0.04516730972344694,0.04516730972344694
B.train.gold.bea19_007217,0.04741256938231872,0.04286711483686417,0.04286711483686417,0.04286711483686417
B.train.gold.bea19_007250,0.03636363636363636,0.03636363636363636,0.03636363636363636,0.03636363636363636
B.train.gold.bea19_007252,0.00909090909090909,0.00909090909090909,0.00909090909090909,0.00909090909090909
B.train.gold.bea19_007254,0.01818181818181818,0.01818181818181818,0.013636363636363636,0.01818181818181818
B.train.gold.bea19_007260,0.05199174513817299,0.02215299822710976,0.022727272727272728,0.022727272727272728
B.train.gold.bea19_007292,0.02065730864084883,0.02065730864084883,0.02065730864084883,0.02065730864084883
B.train.gold.bea19_007323,0.05643266035183562,0.05643266035183562,0.05643266035183562,0.05643266035183562
B.train.gold.bea19_007324,0.01818181818181818,0.01818181818181818,0.01818181818181818,0.01818181818181818
B.train.gold.bea19_007332,0.01818181818181818,0.01818181818181818,0.01933138241711107,0.01818181818181818
B.train.gold.bea19_007333,0.05106951871657754,0.05106951871657754,0.035659686686268496,0.05106951871657754
B.train.gold.bea19_007349,0.061515884799556345,0.061515884799556345,0.061515884799556345,0.061515884799556345
B.train.gold.bea19_007350,0.06354367894801931,0.06397306397306397,0.03636363636363636,0.06390066094589686
B.train.gold.bea19_007369,0.08421717171717172,0.08421717171717172,0.07577354316385372,0.08421717171717172
B.train.gold.bea19_007378,0.018312943679648048,0.018312943679648048,0.018312943679648048,0.018312943679648048
B.train.gold.bea19_007389,0.020916910636552412,0.020916910636552412,0.020916910636552412,0.020916910636552412
B.train.gold.bea19_007392,0.01818181818181818,0.01818181818181818,0.01818181818181818,0.01818181818181818
B.train.gold.bea19_007395,0.055534090019425435,0.049165240504148076,0.04090909090909091,0.049165240504148076
B.train.gold.bea19_007397,0.02727272727272727,0.02727272727272727,0.02727272727272727,0.02727272727272727
B.train.gold.bea19_007402,0.05287835747649956,0.04268791982301844,0.04636363636363637,0.042624802304832246
B.train.gold.bea19_007421,0.031818181818181815,0.031818181818181815,0.031818181818181815,0.031818181818181815
B.train.gold.bea19_007432,0.04090909090909091,0.03636363636363636,0.03636363636363636,0.03636363636363636
B.train.gold.bea19_007441,0.06056997063297344,0.06056997063297344,0.06056997063297344,0.06056997063297344
B.train.gold.bea19_007465,0.07989295739489131,0.07636962594211752,0.07636962594211752,0.07636962594211752
B.train.gold.bea19_007467,0.018111969471383275,0.018111969471383275,0.018111969471383275,0.018111969471383275
B.train.gold.bea19_007469,0.02993167884530586,0.02993167884530586,0.01818181818181818,0.01818181818181818
B.train.gold.bea19_007473,0.042817050472157024,0.04090909090909091,0.03636363636363636,0.04090909090909091
B.train.gold.bea19_007475,0.031818181818181815,0.031818181818181815,0.031818181818181815,0.031818181818181815
B.train.gold.bea19_007500,0.02727272727272727,0.02727272727272727,0.02727272727272727,0.02727272727272727
B.train.gold.bea19_007592,0.01818181818181818,0.00909090909090909,0.00909090909090909,0.00909090909090909
B.train.gold.bea19_007605,0.04671968375178924,0.04671968375178924,0.04671968375178924,0.04671968375178924
B.train.gold.bea19_007620,0.025965450240236873,0.04538469674411055,0.04538469674411055,0.04538469674411055
B.train.gold.bea19_007646,0.04708546141694188,0.04708546141694188,0.028256349120084703,0.04708546141694188
B.train.gold.bea19_007678,0.013636363636363636,0.013636363636363636,0.013636363636363636,0.013636363636363636
B.train.gold.bea19_007692,0.02727272727272727,0.031818181818181815,0.02727272727272727,0.02727272727272727
B.train.gold.bea19_007700,0.034994752684392456,0.029734310481988054,0.022727272727272728,0.022727272727272728
B.train.gold.bea19_007735,0.14814155460377673,0.10275754064687759,0.09865917999113988,0.09865917999113988
B.train.gold.bea19_007743,0.01693238183181453,0.004545454545454545,0.004545454545454545,0.01693238183181453
B.train.gold.bea19_007747,0.05312942360545726,0.05378787878787879,0.048583969060002716,0.05378787878787879
B.train.gold.bea19_007748,0.07986025010935952,0.06881271121739785,0.0571329773820868,0.05970149207826242
B.train.gold.bea19_007763,0.0689196845152446,0.05428419290959835,0.05428419290959835,0.05428419290959835
B.train.gold.bea19_007769,0.050886646807578435,0.050886646807578435,0.050886646807578435,0.050886646807578435
B.train.gold.bea19_007794,0.022727272727272728,0.013636363636363636,0.013636363636363636,0.013636363636363636
B.train.gold.bea19_007804,0.0046807341568520415,0.00909090909090909,0.00909090909090909,0.00909090909090909
B.train.gold.bea19_007808,0.00909090909090909,0.00909090909090909,0.00909090909090909,0.00909090909090909
B.train.gold.bea19_007821,0.00909090909090909,0.00909090909090909,0.00909090909090909,0.00909090909090909
B.train.gold.bea19_007822,0.03636363636363637,0.03636363636363637,0.00909090909090909,0.00909090909090909
B.train.gold.bea19_007823,0.00909090909090909,0.00909090909090909,0.00909090909090909,0.00909090909090909
B.train.gold.bea19_007840,0.04301699988798344,0.03636363636363636,0.03636363636363636,0.03636363636363636
B.train.gold.bea19_007860,0.03589341692789967,0.03134796238244513,0.03134796238244513,0.03134796238244513
B.train.gold.bea19_007870,0.013636363636363636,0.013636363636363636,0.013636363636363636,0.013636363636363636
B.train.gold.bea19_007877,0.09924159654571592,0.08112144356200807,0.04090909090909091,0.07130897041034351
B.train.gold.bea19_007896,0.03450200549290927,0.03450200549290927,0.03450200549290927,0.03450200549290927
B.train.gold.bea19_007899,0.00909090909090909,0.00909090909090909,0.00909090909090909,0.00909090909090909
B.train.gold.bea19_007900,0.004545454545454545,0.004545454545454545,0.004545454545454545,0.004545454545454545
B.train.gold.bea19_007901,0.01818181818181818,0.01818181818181818,0.01818181818181818,0.01818181818181818
B.train.gold.bea19_007930,0.04289772727272727,0.03455957027382285,0.04558898203852875,0.04558898203852875
B.train.gold.bea19_007942,0.05227272727272726,0.018913845237884953,0.027650439145794323,0.027650439145794323
B.train.gold.bea19_007955,0.01818181818181818,0.01818181818181818,0.01818181818181818,0.01818181818181818
B.train.gold.bea19_007970,0.02727272727272727,0.022727272727272728,0.02727272727272727,0.022727272727272728
B.train.gold.bea19_007981,0.06043540471580338,0.05588995017034883,0.042552212991456055,0.05588995017034883
B.train.gold.bea19_007985,0.049149842065808094,0.049149842065808094,0.049149842065808094,0.049149842065808094
B.train.gold.bea19_008012,0.0877747940319538,0.050665691826611424,0.061912769567876134,0.050665691826611424
B.train.gold.bea19_008036,0.029153571287288977,0.013636363636363636,0.013636363636363636,0.019146766125377232
B.train.gold.bea19_008037,0.049375779415558124,0.049375779415558124,0.049375779415558124,0.049375779415558124
B.train.gold.bea19_008049,0.03008626052945878,0.03008626052945878,0.03008626052945878,0.03008626052945878
B.train.gold.bea19_008067,0.04400417666317973,0.04400417666317973,0.04400417666317973,0.04854963120863428
B.train.gold.bea19_008122,0.034104816340678926,0.034104816340678926,0.004545454545454545,0.004545454545454545
B.train.gold.bea19_008128,0.029748217731757905,0.029748217731757905,0.029748217731757905,0.029748217731757905
B.train.gold.bea19_008151,0.029786054862052772,0.029786054862052772,0.029786054862052772,0.029786054862052772
B.train.gold.bea19_008161,0.03000781972746149,0.020916910636552398,0.020916910636552398,0.025462365182006945
B.train.gold.bea19_008169,0.043722943722943705,0.036060261320783854,0.036060261320783854,0.036060261320783854
B.train.gold.bea19_008175,0.04811354887386112,0.04811354887386112,0.04811354887386112,0.03306468776510563
B.train.gold.bea19_008206,0.00909090909090909,0.00909090909090909,0.00909090909090909,0.00909090909090909
B.train.gold.bea19_008216,0.031818181818181815,0.031818181818181815,0.031818181818181815,0.031818181818181815
B.train.gold.bea19_008226,0.07727272727272727,0.07391375157303916,0.05909090909090909,0.06818181818181818
B.train.gold.bea19_008236,0.07127453413360495,0.07127453413360495,0.07127453413360495,0.07127453413360495
B.train.gold.bea19_008265,0.00909090909090909,0.00909090909090909,0.00909090909090909,0.00909090909090909
B.train.gold.bea19_008308,0.039921531620021045,0.039921531620021045,0.03636363636363636,0.039921531620021045
B.train.gold.bea19_008317,0.04487458987185763,0.04487458987185763,0.04487458987185763,0.04487458987185763
B.train.gold.bea19_008321,0.05502172697723133,0.05502172697723133,0.022727272727272728,0.022727272727272728
B.train.gold.bea19_008333,0.03895376127981808,0.01818181818181818,0.01818181818181818,0.01818181818181818
B.train.gold.bea19_008334,0.013636363636363636,0.013636363636363636,0.013636363636363636,0.013636363636363636
B.train.gold.bea19_008339,0.0566864137677193,0.0566864137677193,0.0566864137677193,0.0566864137677193
B.train.gold.bea19_008349,0.03453462952754279,0.03453462952754279,0.03453462952754279,0.03453462952754279
B.train.gold.bea19_008365,0.05,0.057322167003818134,0.05,0.05
B.train.gold.bea19_008369,0.02435442095034342,0.02435442095034342,0.00909090909090909,0.013636363636363636
B.train.gold.bea19_008387,0.023228206410158745,0.02777366095561329,0.023228206410158745,0.023228206410158745
B.train.gold.bea19_008390,0.057359307359307374,0.04104021640692081,0.02727272727272727,0.057359307359307374
B.train.gold.bea19_008391,0.03694707860398038,0.022770946371286765,0.022770946371286765,0.022770946371286765
B.train.gold.bea19_008392,0.02364135726893959,0.01642738991995157,0.01642738991995157,0.01642738991995157
B.train.gold.bea19_008407,0.05470381154102752,0.025318412947547254,0.035885167464114846,0.035885167464114846
B.train.gold.bea19_008422,0.06643688505917766,0.01818181818181818,0.028629316273002976,0.028629316273002976
B.train.gold.bea19_008440,0.03768885593653355,0.033143401391079005,0.013636363636363636,0.03768885593653355
B.train.gold.bea19_008449,0.022727272727272728,0.022727272727272728,0.01818181818181818,0.022727272727272728
B.train.gold.bea19_008464,0.04116161616161616,0.022727272727272728,0.022727272727272728,0.022727272727272728
B.train.gold.bea19_008474,0.06847703490315152,0.06011566916435748,0.06011566916435748,0.06011566916435748
B.train.gold.bea19_008488,0.01818181818181818,0.01818181818181818,0.01818181818181818,0.01818181818181818
B.train.gold.bea19_008513,0.05847459829042124,0.051194051290232474,0.031138229918621647,0.051194051290232474
B.train.gold.bea19_008596,0.056099354066525206,0.056099354066525206,0.04442815249266861,0.048286854066525206
B.train.gold.bea19_008597,0.05256367109910868,0.021464079028679178,0.01992162748622762,0.021464079028679178
B.train.gold.bea19_008598,0.07405396891869365,0.03158307210031348,0.03158307210031348,0.03158307210031348
B.train.gold.bea19_008642,0.01818181818181818,0.02354291000223547,0.01818181818181818,0.01818181818181818
B.train.gold.bea19_008644,0.048142387877675274,0.048142387877675274,0.01818181818181818,0.01818181818181818
B.train.gold.bea19_008709,0.022727272727272728,0.022727272727272728,0.022727272727272728,0.022727272727272728
B.train.gold.bea19_008719,0.031818181818181815,0.02727272727272727,0.02727272727272727,0.02727272727272727
B.train.gold.bea19_008724,0.018646211247661883,0.018646211247661883,0.01410075670220734,0.01410075670220734
B.train.gold.bea19_008745,0.013636363636363636,0.013636363636363636,0.013636363636363636,0.013636363636363636
B.train.gold.bea19_008758,0.02915260570179385,0.024607151156339307,0.024607151156339307,0.024607151156339307
B.train.gold.bea19_008796,0.013636363636363636,0.018792472876257307,0.013636363636363636,0.013636363636363636
B.train.gold.bea19_008806,0.022727272727272728,0.022727272727272728,0.022727272727272728,0.022727272727272728
B.train.gold.bea19_008809,0.044533009769427555,0.044533009769427555,0.044533009769427555,0.044533009769427555
B.train.gold.bea19_008850,0.01818181818181818,0.013636363636363636,0.00909090909090909,0.013636363636363636
B.train.gold.bea19_008867,0.059018892383141626,0.059018892383141626,0.059018892383141626,0.059018892383141626
B.train.gold.bea19_008920,0.029528042375245526,0.029528042375245526,0.019280093928853097,0.019280093928853097
B.train.gold.bea19_008930,0.03419757274304921,0.03419757274304921,0.03419757274304921,0.03419757274304921
B.train.gold.bea19_008932,0.00909090909090909,0.00909090909090909,0.00909090909090909,0.00909090909090909
B.train.gold.bea19_008945,0.017310093704881582,0.017310093704881582,0.004545454545454545,0.004545454545454545
B.train.gold.bea19_008993,0.065645086476834,0.05151723206953263,0.05151723206953263,0.05151723206953263
B.train.gold.bea19_009012,0.052510740370322245,0.04341983127941315,0.0433083197092192,0.04341983127941315
B.train.gold.bea19_009021,0.00909090909090909,0.00909090909090909,0.00909090909090909,0.00909090909090909
B.train.gold.bea19_009028,0.03610345814869406,0.03610345814869406,0.03610345814869406,0.03610345814869406
B.train.gold.bea19_009038,0.00909090909090909,0.00909090909090909,0.00909090909090909,0.00909090909090909
B.train.gold.bea19_009052,0.013636363636363636,0.013636363636363636,0.013636363636363636,0.013636363636363636
B.train.gold.bea19_009080,0.04614540149395096,0.04296944699526799,0.04614540149395096,0.04614540149395096
B.train.gold.bea19_009097,0.04090909090909091,0.031818181818181815,0.03636363636363636,0.031818181818181815
B.train.gold.bea19_009106,0.024550667697095553,0.024550667697095553,0.024550667697095553,0.024550667697095553
B.train.gold.bea19_009117,0.022727272727272728,0.022727272727272728,0.022727272727272728,0.022727272727272728
B.train.gold.bea19_009133,0.00909090909090909,0.00909090909090909,0.00909090909090909,0.00909090909090909
B.train.gold.bea19_009134,0.04826839826839828,0.04372294372294373,0.04372294372294373,0.04372294372294373
B.train.gold.bea19_009140,0.056958875911284096,0.04727280037804551,0.041647293106279806,0.04727280037804551
B.train.gold.bea19_009145,0.022727272727272728,0.022727272727272728,0.01818181818181818,0.022727272727272728
B.train.gold.bea19_009153,0.06333809647607269,0.05198863636363636,0.02848961162758784,0.02848961162758784
B.train.gold.bea19_009156,0.01841950572333899,0.01841950572333899,0.01841950572333899,0.01841950572333899
B.train.gold.bea19_009175,0.025495808806453447,0.025495808806453447,0.025495808806453447,0.025495808806453447
B.train.gold.bea19_009187,0.05909090909090909,0.05909090909090909,0.05909090909090909,0.05909090909090909
B.train.gold.bea19_009206,0.022727272727272728,0.022727272727272728,0.022727272727272728,0.022727272727272728
B.train.gold.bea19_009219,0.03368907289248172,0.03368907289248172,0.03368907289248172,0.03368907289248172
B.train.gold.bea19_009222,0.01818181818181818,0.01818181818181818,0.01818181818181818,0.01818181818181818
B.train.gold.bea19_009242,0.06480771103692913,0.031818181818181815,0.02727272727272727,0.06026225649147459
B.train.gold.bea19_009243,0.023785488005213812,0.02333792742171184,0.01818181818181818,0.02333792742171184
B.train.gold.bea19_009260,0.01818181818181818,0.01818181818181818,0.01818181818181818,0.01818181818181818
B.train.gold.bea19_009291,0.048863636363636345,0.0443181818181818,0.0443181818181818,0.0443181818181818
B.train.gold.bea19_009293,0.013636363636363636,0.013636363636363636,0.013636363636363636,0.013636363636363636
B.train.gold.bea19_009309,0.07082452373509669,0.04072063210229028,0.03948984049765987,0.030398931406750783
B.train.gold.bea19_009311,0.057466350511692535,0.057466350511692535,0.057466350511692535,0.057466350511692535
B.train.gold.bea19_009313,0.046474330317070496,0.031818181818181815,0.02727272727272727,0.02727272727272727
B.train.gold.bea19_009314,0.0979877303171451,0.07882483370288249,0.064837135933564,0.064837135933564
B.train.gold.bea19_009319,0.013636363636363636,0.00909090909090909,0.00909090909090909,0.00909090909090909
B.train.gold.bea19_009323,0.01818181818181818,0.01818181818181818,0.01818181818181818,0.01818181818181818
B.train.gold.bea19_009355,0.014377880132727897,0.03343117655489587,0.00909090909090909,0.03343117655489587
B.train.gold.bea19_009362,0.041958041958041974,0.041958041958041974,0.041958041958041974,0.041958041958041974
B.train.gold.bea19_009371,0.029291387371847177,0.029291387371847177,0.029291387371847177,0.029291387371847177
B.train.gold.bea19_009404,0.033051073169183716,0.029261363636363634,0.029261363636363634,0.029261363636363634
B.train.gold.bea19_009407,0.016077085970969678,0.016077085970969678,0.016077085970969678,0.016077085970969678
B.train.gold.bea19_009430,0.030303030303030325,0.030303030303030325,0.030303030303030325,0.030303030303030325
B.train.gold.bea19_009476,0.06742316641852159,0.034279765027442614,0.034279765027442614,0.034279765027442614
B.train.gold.bea19_009479,0.00909090909090909,0.00909090909090909,0.00909090909090909,0.00909090909090909
B.train.gold.bea19_009487,0.038565617577193574,0.038565617577193574,0.02727272727272727,0.038565617577193574
B.train.gold.bea19_009499,0.013636363636363636,0.013636363636363636,0.013636363636363636,0.013636363636363636
B.train.gold.bea19_009513,0.013636363636363636,0.013636363636363636,0.013636363636363636,0.013636363636363636
B.train.gold.bea19_009524,0.019071671077384583,0.019071671077384583,0.019071671077384583,0.019071671077384583
B.train.gold.bea19_009577,0.00909090909090909,0.00909090909090909,0.00909090909090909,0.00909090909090909
B.train.gold.bea19_009602,0.02776916138748423,0.02776916138748423,0.00909090909090909,0.00909090909090909
B.train.gold.bea19_009607,0.13637977899491016,0.12855755202597643,0.11459926904043005,0.12855755202597643
B.train.gold.bea19_009630,0.039363399365960366,0.039363399365960366,0.04355770101203111,0.04355770101203111
B.train.gold.bea19_009647,0.11621258165094975,0.07132867132867132,0.04020979020979022,0.0579867483245276
B.train.gold.bea19_009695,0.06069530976356979,0.024867387505373564,0.01994863309767607,0.024867387505373564
B.train.gold.bea19_009714,0.00909090909090909,0.00909090909090909,0.00909090909090909,0.00909090909090909
B.train.gold.bea19_009720,0.01818181818181818,0.01818181818181818,0.01818181818181818,0.0631937422303811
B.train.gold.bea19_009746,0.051801372678295765,0.03953987276268254,0.031818181818181815,0.037951754563159454
B.train.gold.bea19_009754,0.013636363636363636,0.013636363636363636,0.013636363636363636,0.013636363636363636
B.train.gold.bea19_009779,0.013636363636363636,0.00909090909090909,0.013636363636363636,0.013636363636363636
B.train.gold.bea19_009784,0.038595169536883064,0.03636363636363636,0.00909090909090909,0.03636363636363636
B.train.gold.bea19_009798,0.0628813028843688,0.0435034884925872,0.03379915232964673,0.03379915232964673
B.train.gold.bea19_009821,0.050575730339221636,0.00909090909090909,0.00909090909090909,0.00909090909090909
B.train.gold.bea19_009822,0.04172913067183504,0.04172913067183504,0.03909872881837058,0.04172913067183504
B.train.gold.bea19_009832,0.0300865800865801,0.0300865800865801,0.0300865800865801,0.0300865800865801
B.train.gold.bea19_009846,0.06114222843195976,0.06286423502558557,0.06286423502558557,0.06286423502558557
B.train.gold.bea19_009858,0.04852574068751905,0.03328087357345797,0.022727272727272728,0.022727272727272728
B.train.gold.bea19_009881,0.10623292144812503,0.0741951648534236,0.0741951648534236,0.0741951648534236
B.train.gold.bea19_009886,0.00909090909090909,0.00909090909090909,0.00909090909090909,0.00909090909090909
B.train.gold.bea19_009887,0.004545454545454545,0.004545454545454545,0.004545454545454545,0.004545454545454545
B.train.gold.bea19_009920,0.1495428102785018,0.07674074705911299,0.1083829397708078,0.05909090909090909
B.train.gold.bea19_009938,0.041914864115513525,0.04646031866096807,0.03331446496570526,0.03331446496570526
B.train.gold.bea19_009940,0.07191223022689804,0.038142292490118565,0.02727272727272727,0.02727272727272727
B.train.gold.bea19_009953,0.0387499812270812,0.0387499812270812,0.0387499812270812,0.0387499812270812
B.train.gold.bea19_009964,0.04311676645660218,0.04311676645660218,0.03857131191114764,0.04311676645660218
B.train.gold.bea19_009977,0.13529045516000493,0.01898889464387087,0.0417161673711436,0.01898889464387087
B.train.gold.bea19_009998,0.14954131076112206,0.08382763749921102,0.06961742903043637,0.06961742903043637
B.train.gold.bea19_010005,0.01818181818181818,0.01818181818181818,0.01818181818181818,0.01818181818181818
B.train.gold.bea19_010027,0.05220869928816194,0.05220869928816194,0.05220869928816194,0.052073419676764446
B.train.gold.bea19_010036,0.05640318045436827,0.05640318045436827,0.00909090909090909,0.013636363636363636
B.train.gold.bea19_010049,0.0445442279079635,0.0445442279079635,0.0445442279079635,0.0445442279079635
B.train.gold.bea19_010072,0.06922213984133381,0.06202062996915517,0.06202062996915517,0.06202062996915517
B.train.gold.bea19_010113,0.01474430786802717,0.01474430786802717,0.01474430786802717,0.01474430786802717
B.train.gold.bea19_010134,0.004545454545454545,0.004545454545454545,0.004545454545454545,0.004545454545454545
B.train.gold.bea19_010145,0.037990246583846636,0.037990246583846636,0.037990246583846636,0.037990246583846636
B.train.gold.bea19_010163,0.039259517471533396,0.03327391400991825,0.03327391400991825,0.03327391400991825
B.train.gold.bea19_010165,0.00909090909090909,0.00909090909090909,0.00909090909090909,0.00909090909090909
B.train.gold.bea19_010213,0.013636363636363636,0.013636363636363636,0.00909090909090909,0.013636363636363636
B.train.gold.bea19_010215,0.06932322976682277,0.06477777522136823,0.06477777522136823,0.06477777522136823
B.train.gold.bea19_010217,0.03530345059095516,0.030757996045500613,0.013636363636363636,0.030757996045500613
B.train.gold.bea19_010239,0.062418944665148274,0.062418944665148274,0.062418944665148274,0.062418944665148274
B.train.gold.bea19_010240,0.027307864752032115,0.027307864752032115,0.027307864752032115,0.027307864752032115
B.train.gold.bea19_010245,0.02727272727272727,0.022727272727272728,0.02727272727272727,0.022727272727272728
B.train.gold.bea19_010250,0.06168888865955589,0.040909090909090916,0.013636363636363636,0.0379126648833321
B.train.gold.bea19_010295,0.01818181818181818,0.013636363636363636,0.013636363636363636,0.013636363636363636
B.train.gold.bea19_010297,0.026122559912460035,0.021915974004974807,0.02442491631986638,0.026122559912460035
B.train.gold.bea19_010303,0.004545454545454545,0.004545454545454545,0.004545454545454545,0.004545454545454545
B.train.gold.bea19_010304,0.004545454545454545,0.004545454545454545,0.004545454545454545,0.004545454545454545
B.train.gold.bea19_010305,0.1706139715264567,0.12338946018044308,0.11437635221824638,0.11437635221824638
B.train.gold.bea19_010306,0.06522173239811466,0.05871352774079111,0.05871352774079111,0.05961538461538461
B.train.gold.bea19_010311,0.01818181818181818,0.01818181818181818,0.01818181818181818,0.01818181818181818
B.train.gold.bea19_010337,0.046779765027442625,0.0404573858843567,0.14233972291990257,0.0404573858843567
B.train.gold.bea19_010342,0.013636363636363636,0.013636363636363636,0.013636363636363636,0.013636363636363636
B.train.gold.bea19_010376,0.019538407182093903,0.019538407182093903,0.00909090909090909,0.00909090909090909
B.train.gold.bea19_010408,0.01818181818181818,0.032425569792537,0.032425569792537,0.032425569792537
B.train.gold.bea19_010409,0.03834652698180635,0.03834652698180635,0.031818181818181815,0.03834652698180635
B.train.gold.bea19_010422,0.02727272727272727,0.03661616161616162,0.03661616161616162,0.03661616161616162
B.train.gold.bea19_010433,0.03866244712994759,0.03866244712994759,0.031818181818181815,0.03866244712994759
B.train.gold.bea19_010468,0.01855953005488523,0.01855953005488523,0.01855953005488523,0.01855953005488523
B.train.gold.bea19_010492,0.013636363636363636,0.013636363636363636,0.013636363636363636,0.013636363636363636
B.train.gold.bea19_010510,0.013636363636363636,0.013636363636363636,0.013636363636363636,0.013636363636363636
B.train.gold.bea19_010513,0.051646821769221134,0.031818181818181815,0.02727272727272727,0.031818181818181815
B.train.gold.bea19_010527,0.01818181818181818,0.013636363636363636,0.013636363636363636,0.013636363636363636
B.train.gold.bea19_010531,0.048838955059101644,0.05087244788206817,0.05087244788206817,0.05087244788206817
B.train.gold.bea19_010557,0.013636363636363636,0.00909090909090909,0.013636363636363636,0.013636363636363636
B.train.gold.bea19_010573,0.03819752374656615,0.03365206920111161,0.01818181818181818,0.03365206920111161
B.train.gold.bea19_010584,0.01818181818181818,0.01818181818181818,0.01818181818181818,0.01818181818181818
B.train.gold.bea19_010605,0.0327016615334466,0.0327016615334466,0.026515151515151512,0.026515151515151512
B.train.gold.bea19_010606,0.02844237849625915,0.023896923950804602,0.017983923177982957,0.017983923177982957
B.train.gold.bea19_010622,0.03660169074434751,0.02504919844417764,0.02504919844417764,0.02504919844417764
B.train.gold.bea19_010634,0.01818181818181818,0.01818181818181818,0.01818181818181818,0.01818181818181818
B.train.gold.bea19_010652,0.10796080825884356,0.0614675465476553,0.0614675465476553,0.0614675465476553
B.train.gold.bea19_010680,0.054737630547598684,0.04670434612804953,0.04215889158259498,0.04670434612804953
B.train.gold.bea19_010713,0.020643401391078977,0.01818181818181818,0.016097946845624433,0.01818181818181818
B.train.gold.bea19_010723,0.01818181818181818,0.013636363636363636,0.013636363636363636,0.013636363636363636
B.train.gold.bea19_010769,0.05404512153430801,0.058120356644025865,0.04983766233766233,0.04983766233766233
B.train.gold.bea19_010771,0.03217714230355921,0.02763168775810467,0.023275036896656102,0.02521121329239429
B.train.gold.bea19_010778,0.05502823478746452,0.05048278024200998,0.05048278024200998,0.05048278024200998
B.train.gold.bea19_010785,0.02946199092131638,0.02946199092131638,0.022727272727272728,0.03330373617723226
B.train.gold.bea19_010788,0.02340765817755082,0.013636363636363636,0.013636363636363636,0.013636363636363636
B.train.gold.bea19_010812,0.01552576285509407,0.01552576285509407,0.01552576285509407,0.01552576285509407
B.train.gold.bea19_010827,0.04882347635783793,0.04882347635783793,0.019824973401030194,0.0264495617870751
B.train.gold.bea19_010834,0.06750209622493067,0.05695887591128407,0.047867966820374974,0.05215991190501267
B.train.gold.bea19_010836,0.013636363636363636,0.013636363636363636,0.013636363636363636,0.013636363636363636
B.train.gold.bea19_010856,0.09142716716903945,0.06801985445420647,0.06801985445420647,0.06801985445420647
B.train.gold.bea19_010857,0.03404769748752461,0.01742341472753411,0.01742341472753411,0.01742341472753411
B.train.gold.bea19_010881,0.027062590534841398,0.027062590534841398,0.018545622805115392,0.027062590534841398
B.train.gold.bea19_010901,0.012607456532710226,0.012607456532710226,0.012607456532710226,0.012607456532710226
B.train.gold.bea19_010907,0.08932586631938029,0.06938577441666151,0.06938577441666151,0.05763366494198616
B.train.gold.bea19_010932,0.01818181818181818,0.013636363636363636,0.013636363636363636,0.013636363636363636
B.train.gold.bea19_010939,0.004545454545454545,0.004545454545454545,0.004545454545454545,0.004545454545454545
B.train.gold.bea19_010946,0.06182629398921802,0.05235767302524187,0.05235767302524187,0.05235767302524187
B.train.gold.bea19_010952,0.032309143768469224,0.032309143768469224,0.032309143768469224,0.032309143768469224
B.train.gold.bea19_010955,0.016124003974511376,0.00909090909090909,0.00909090909090909,0.00909090909090909
B.train.gold.bea19_010958,0.0511386988112782,0.0511386988112782,0.0511386988112782,0.0511386988112782
B.train.gold.bea19_010988,0.035605232909352275,0.050531430330295724,0.04599036224494716,0.04599036224494716
B.train.gold.bea19_010994,0.022727272727272728,0.02727272727272727,0.01818181818181818,0.02727272727272727
B.train.gold.bea19_011011,0.01818181818181818,0.01818181818181818,0.01818181818181818,0.01818181818181818
B.train.gold.bea19_011026,0.0807892747145284,0.0807892747145284,0.07727272727272727,0.07727272727272727
B.train.gold.bea19_011049,0.031925496561268196,0.031925496561268196,0.024644949561079432,0.031925496561268196
B.train.gold.bea19_011056,0.03419481927492805,0.03419481927492805,0.01818181818181818,0.03419481927492805
B.train.gold.bea19_011061,0.02720287856229235,0.016411516947537105,0.016411516947537105,0.016411516947537105
B.train.gold.bea19_011093,0.04510463567623558,0.04510463567623558,0.04510463567623558,0.04510463567623558
B.train.gold.bea19_011095,0.013636363636363636,0.013636363636363636,0.00909090909090909,0.013636363636363636
B.train.gold.bea19_011110,0.05351654744180112,0.06203686236143521,0.031055912170294093,0.031055912170294093
B.train.gold.bea19_011160,0.013636363636363636,0.013636363636363636,0.01818181818181818,0.022727272727272728
B.train.gold.bea19_011165,0.05699883532548922,0.024620798272857958,0.02007534372740341,0.02007534372740341
B.train.gold.bea19_011179,0.044159923185744174,0.039614468640289634,0.044159923185744174,0.039614468640289634
B.train.gold.bea19_011186,0.044393743902257976,0.044393743902257976,0.044393743902257976,0.044393743902257976
B.train.gold.bea19_011208,0.00909090909090909,0.004545454545454545,0.004545454545454545,0.00909090909090909
B.train.gold.bea19_011214,0.00909090909090909,0.00909090909090909,0.00909090909090909,0.00909090909090909
B.train.gold.bea19_011246,0.00909090909090909,0.00909090909090909,0.00909090909090909,0.00909090909090909
B.train.gold.bea19_011263,0.0616659486736742,0.04843764184618471,0.04843764184618471,0.04843764184618471
B.train.gold.bea19_011273,0.01818181818181818,0.01818181818181818,0.01818181818181818,0.01818181818181818
B.train.gold.bea19_011280,0.022727272727272728,0.022727272727272728,0.022727272727272728,0.022727272727272728
B.train.gold.bea19_011287,0.05147990228116102,0.015687682977414318,0.02932404661377795,0.015687682977414318
B.train.gold.bea19_011301,0.022727272727272728,0.022727272727272728,0.022727272727272728,0.022727272727272728
B.train.gold.bea19_011302,0.039606980930266496,0.016532343882552814,0.00909090909090909,0.016532343882552814
B.train.gold.bea19_011319,0.01818181818181818,0.022727272727272728,0.01818181818181818,0.01818181818181818
B.train.gold.bea19_011320,0.045790292177667065,0.03522727272727271,0.01818181818181818,0.03522727272727271
B.train.gold.bea19_011332,0.0448632326741044,0.0448632326741044,0.02727272727272727,0.02727272727272727
B.train.gold.bea19_011344,0.022727272727272728,0.01818181818181818,0.01818181818181818,0.01818181818181818
B.train.gold.bea19_011360,0.04721281917544602,0.05175827372090057,0.05175827372090057,0.05175827372090057
B.train.gold.bea19_011366,0.01818181818181818,0.01818181818181818,0.01818181818181818,0.01818181818181818
B.train.gold.bea19_011388,0.01818181818181818,0.01818181818181818,0.01818181818181818,0.01818181818181818
B.train.gold.bea19_011402,0.01818181818181818,0.040584415584415605,0.01818181818181818,0.01818181818181818
B.train.gold.bea19_011409,0.019790321659515636,0.019790321659515636,0.019790321659515636,0.019790321659515636
B.train.gold.bea19_011413,0.0853350140651061,0.06871491320539604,0.06871491320539604,0.05788251397190943
B.train.gold.bea19_011427,0.042056270056451246,0.02841990642008761,0.022727272727272728,0.022727272727272728
B.train.gold.bea19_011429,0.08164442292372796,0.07016780105703457,0.05280684517315145,0.05280684517315145
B.train.gold.bea19_011453,0.02112442426243622,0.02112442426243622,0.017296186455111745,0.017296186455111745
B.train.gold.bea19_011471,0.07964494980287258,0.044179431046303,0.044179431046303,0.044179431046303
B.train.gold.bea19_011479,0.03192209200220076,0.028873049791396155,0.028873049791396155,0.028873049791396155
B.train.gold.bea19_011527,0.01818181818181818,0.01818181818181818,0.01818181818181818,0.01818181818181818
B.train.gold.bea19_011606,0.03590217575490989,0.03590217575490989,0.03590217575490989,0.03590217575490989
B.train.gold.bea19_011616,0.03707555988058984,0.03707555988058984,0.03707555988058984,0.03707555988058984
B.train.gold.bea19_011629,0.03422856828692629,0.03422856828692629,0.03422856828692629,0.03422856828692629
B.train.gold.bea19_011663,0.05653889150658248,0.033869501159232464,0.02727272727272727,0.02727272727272727
B.train.gold.bea19_011672,0.0851047161306778,0.0851047161306778,0.0851047161306778,0.0851047161306778
B.train.gold.bea19_011673,0.04824980230483225,0.039158893213923164,0.04824980230483225,0.04824980230483225
B.train.gold.bea19_011700,0.01818181818181818,0.01818181818181818,0.01818181818181818,0.01818181818181818
B.train.gold.bea19_011703,0.01818181818181818,0.01818181818181818,0.01818181818181818,0.01818181818181818
B.train.gold.bea19_011711,0.06769771200997218,0.05230957226743245,0.06769771200997218,0.022727272727272728
B.train.gold.bea19_011714,0.06944593122602506,0.06644385026737967,0.05454545454545454,0.05454545454545454
B.train.gold.bea19_011729,0.004545454545454545,0.004545454545454545,0.004545454545454545,0.004545454545454545
B.train.gold.bea19_011733,0.0385290800976491,0.02727272727272727,0.02727272727272727,0.02727272727272727
B.train.gold.bea19_011750,0.02727272727272727,0.022727272727272728,0.02727272727272727,0.022727272727272728
B.train.gold.bea19_011751,0.03764099296049882,0.03309553841504427,0.028550083869589727,0.028550083869589727
B.train.gold.bea19_011766,0.05828612841213403,0.031375365954828593,0.01818181818181818,0.02475994732295015
B.train.gold.bea19_011774,0.00909090909090909,0.00909090909090909,0.004545454545454545,0.004545454545454545
B.train.gold.bea19_011798,0.07772676861080477,0.03441558441558441,0.045915404146837036,0.029870129870129873
B.train.gold.bea19_011799,0.060062022316432255,0.03636363636363636,0.031818181818181815,0.03636363636363636
B.train.gold.bea19_011802,0.09174111123295664,0.05643070097048622,0.05643070097048622,0.047339791879577126
B.train.gold.bea19_011820,0.06170567275453816,0.06170567275453816,0.02727272727272727,0.02727272727272727
B.train.gold.bea19_011827,0.057110636203529436,0.047727272727272715,0.03286914761825375,0.03286914761825375
B.train.gold.bea19_011836,0.013636363636363636,0.013636363636363636,0.013636363636363636,0.013636363636363636
B.train.gold.bea19_011845,0.19072151115830893,0.15935042322984397,0.1729867868662076,0.15935042322984397
B.train.gold.bea19_011852,0.013636363636363636,0.00909090909090909,0.00909090909090909,0.00909090909090909
B.train.gold.bea19_011863,0.013636363636363636,0.013636363636363636,0.013636363636363636,0.013636363636363636
B.train.gold.bea19_011864,0.01818181818181818,0.01818181818181818,0.02177728342268091,0.01818181818181818
B.train.gold.bea19_011893,0.07009353259701935,0.061742424242424224,0.031818181818181815,0.061742424242424224
B.train.gold.bea19_011901,0.022727272727272728,0.022727272727272728,0.022727272727272728,0.029510530190237097
B.train.gold.bea19_011921,0.04011115613206944,0.01818181818181818,0.01818181818181818,0.04011115613206944
B.train.gold.bea19_011922,0.029305401868404697,0.029305401868404697,0.029305401868404697,0.029305401868404697
B.train.gold.bea19_011923,0.031356721209455346,0.031356721209455346,0.031356721209455346,0.031356721209455346
B.train.gold.bea19_011927,0.02875154221112052,0.024206087665665975,0.027102067911855154,0.024206087665665975
B.train.gold.bea19_011940,0.05281321945611363,0.05281321945611363,0.05281321945611363,0.05281321945611363
B.train.gold.bea19_011950,0.013636363636363636,0.013636363636363636,0.013636363636363636,0.013636363636363636
B.train.gold.bea19_011960,0.05136754622736713,0.046822091681912585,0.046822091681912585,0.046822091681912585
B.train.gold.bea19_011986,0.09280342738133249,0.08263528302879752,0.06696542656946738,0.07808982848334298
B.train.gold.bea19_012002,0.010745871813519449,0.010745871813519449,0.010745871813519449,0.010745871813519449
B.train.gold.bea19_012003,0.00909090909090909,0.00909090909090909,0.004545454545454545,0.004545454545454545
B.train.gold.bea19_012024,0.00909090909090909,0.00909090909090909,0.00909090909090909,0.00909090909090909
B.train.gold.bea19_012050,0.00909090909090909,0.00909090909090909,0.00909090909090909,0.00909090909090909
B.train.gold.bea19_012059,0.042872555908576075,0.04741801045403062,0.04741801045403062,0.04741801045403062
B.train.gold.bea19_012106,0.00909090909090909,0.00909090909090909,0.00909090909090909,0.00909090909090909
B.train.gold.bea19_012116,0.00909090909090909,0.00909090909090909,0.00909090909090909,0.00909090909090909
B.train.gold.bea19_012118,0.00909090909090909,0.00909090909090909,0.00909090909090909,0.00909090909090909
B.train.gold.bea19_012123,0.031818181818181815,0.03395868895666946,0.02727272727272727,0.03395868895666946
B.train.gold.bea19_012124,0.02727272727272727,0.022727272727272728,0.02727272727272727,0.022727272727272728
B.train.gold.bea19_012143,0.06360143928114621,0.06360143928114621,0.06360143928114621,0.06360143928114621
B.train.gold.bea19_012170,0.026243820169073864,0.026243820169073864,0.026243820169073864,0.026243820169073864
B.train.gold.bea19_012176,0.018929829544438597,0.018929829544438597,0.00909090909090909,0.014384374998984052
B.train.gold.bea19_012187,0.00909090909090909,0.00909090909090909,0.00909090909090909,0.00909090909090909
B.train.gold.bea19_012195,0.043253455870291675,0.043253455870291675,0.03404971499142852,0.03404971499142852
B.train.gold.bea19_012216,0.060607298016986624,0.05504998911906066,0.05131622288529443,0.05504998911906066
B.train.gold.bea19_012218,0.06558236468435619,0.031818181818181815,0.031818181818181815,0.031818181818181815
B.train.gold.bea19_012228,0.00909090909090909,0.00909090909090909,0.00909090909090909,0.00909090909090909
B.train.gold.bea19_012297,0.08108183629014105,0.041146778450611717,0.040958301177507254,0.041146778450611717
B.train.gold.bea19_012302,0.04864641757167126,0.04034559262818952,0.04034559262818952,0.04034559262818952
B.train.gold.bea19_012305,0.03137536595482861,0.02826870031393622,0.02826870031393622,0.02826870031393622
B.train.gold.bea19_012310,0.013636363636363636,0.013636363636363636,0.013636363636363636,0.013636363636363636
B.train.gold.bea19_012314,0.0465896675458466,0.03825716190922159,0.03825716190922159,0.03825716190922159
B.train.gold.bea19_012319,0.04010071305178774,0.025071637688473494,0.025071637688473494,0.025071637688473494
B.train.gold.bea19_012332,0.031818181818181815,0.031818181818181815,0.031818181818181815,0.031818181818181815
B.train.gold.bea19_012333,0.041508254319126046,0.041508254319126046,0.01910565691652865,0.041508254319126046
B.train.gold.bea19_012342,0.04468759404326122,0.013636363636363636,0.013636363636363636,0.013636363636363636
B.train.gold.bea19_012343,0.030358608730292315,0.03224800794902275,0.013636363636363636,0.013636363636363636
B.train.gold.bea19_012346,0.08690833276530344,0.025214913065420452,0.025214913065420452,0.025214913065420452
B.train.gold.bea19_012383,0.04353440688440862,0.05272058029980395,0.05272058029980395,0.04353440688440862
B.train.gold.bea19_012390,0.00909090909090909,0.00909090909090909,0.00909090909090909,0.00909090909090909
B.train.gold.bea19_012425,0.00909090909090909,0.00909090909090909,0.00909090909090909,0.00909090909090909
B.train.gold.bea19_012439,0.013636363636363636,0.037023163405330455,0.00909090909090909,0.013636363636363636
B.train.gold.bea19_012464,0.03422856828692629,0.03422856828692629,0.01983678090442854,0.03422856828692629
B.train.gold.bea19_012470,0.029777321361105776,0.029777321361105776,0.029777321361105776,0.029777321361105776
B.train.gold.bea19_012471,0.01818181818181818,0.01818181818181818,0.01818181818181818,0.01818181818181818
B.train.gold.bea19_012473,0.00909090909090909,0.00909090909090909,0.00909090909090909,0.00909090909090909
B.train.gold.bea19_012479,0.02562693430428333,0.02562693430428333,0.03986349375111146,0.03986349375111146
B.train.gold.bea19_012482,0.03089558860261266,0.022727272727272728,0.022727272727272728,0.022727272727272728
B.train.gold.bea19_012487,0.04839263495855166,0.041812244070614304,0.04398606992066689,0.04398606992066689
B.train.gold.bea19_012507,0.08060289223664441,0.06542206161317331,0.06542206161317331,0.06542206161317331
B.train.gold.bea19_012511,0.05877151826312682,0.05227272727272726,0.05227272727272726,0.05227272727272726
B.train.gold.bea19_012536,0.04144989689309511,0.036904442347640565,0.031375365954828593,0.031375365954828593
B.train.gold.bea19_012554,0.044622032482593874,0.044622032482593874,0.044622032482593874,0.044622032482593874
B.train.gold.bea19_012555,0.00909090909090909,0.00909090909090909,0.00909090909090909,0.00909090909090909
B.train.gold.bea19_012565,0.00909090909090909,0.00909090909090909,0.004545454545454545,0.011123583686586513
B.train.gold.bea19_012632,0.013636363636363636,0.013636363636363636,0.013636363636363636,0.013636363636363636
B.train.gold.bea19_012643,0.08683365008148261,0.06867511480314276,0.048543248778791716,0.06498709904617138
B.train.gold.bea19_012669,0.022727272727272728,0.022727272727272728,0.022727272727272728,0.022727272727272728
B.train.gold.bea19_012700,0.013636363636363636,0.013636363636363636,0.013636363636363636,0.013636363636363636
B.train.gold.bea19_012702,0.02251950304393574,0.02251950304393574,0.02251950304393574,0.02251950304393574
B.train.gold.bea19_012709,0.1301956769136057,0.031818181818181815,0.031818181818181815,0.031818181818181815
B.train.gold.bea19_012712,0.013636363636363636,0.013636363636363636,0.013636363636363636,0.013636363636363636
B.train.gold.bea19_012713,0.0218053137289516,0.0218053137289516,0.0218053137289516,0.0218053137289516
B.train.gold.bea19_012739,0.041613395748378725,0.02455066769709554,0.02455066769709554,0.041767219233207066
B.train.gold.bea19_012740,0.029620989459335556,0.029620989459335556,0.029620989459335556,0.029620989459335556
B.train.gold.bea19_012744,0.07272727272727272,0.05,0.05,0.05
B.train.gold.bea19_012746,0.023188407851219894,0.023188407851219894,0.023188407851219894,0.023188407851219894
B.train.gold.bea19_012751,0.043556334068855965,0.04863222861623726,0.05317768316169181,0.05317768316169181
B.train.gold.bea19_012763,0.04935064935064936,0.004545454545454545,0.004545454545454545,0.004545454545454545
B.train.gold.bea19_012771,0.02093081788632225,0.02093081788632225,0.013636363636363636,0.02093081788632225
B.train.gold.bea19_012778,0.0251576792447418,0.013636363636363636,0.013636363636363636,0.013636363636363636
B.train.gold.bea19_012787,0.04119138949977261,0.031845070743525335,0.031845070743525335,0.031845070743525335
B.train.gold.bea19_012798,0.00909090909090909,0.00909090909090909,0.00909090909090909,0.00909090909090909
B.train.gold.bea19_012802,0.021968869272988627,0.01742341472753408,0.01742341472753408,0.01742341472753408
B.train.gold.bea19_012803,0.01071805731397979,0.01071805731397979,0.01071805731397979,0.01071805731397979
B.train.gold.bea19_012815,0.01818181818181818,0.01818181818181818,0.01818181818181818,0.01818181818181818
B.train.gold.bea19_012823,0.05176695943052955,0.04462879617798433,0.04462879617798433,0.04462879617798433
B.train.gold.bea19_012845,0.00909090909090909,0.00909090909090909,0.00909090909090909,0.00909090909090909
B.train.gold.bea19_012847,0.01818181818181818,0.01818181818181818,0.01818181818181818,0.01818181818181818
B.train.gold.bea19_012861,0.02624128382359955,0.024867779865760376,0.024867779865760376,0.024867779865760376
B.train.gold.bea19_012885,0.04090909090909091,0.04090909090909091,0.04090909090909091,0.04090909090909091
B.train.gold.bea19_012902,0.07031648201380569,0.055771027468351136,0.055771027468351136,0.055771027468351136
B.train.gold.bea19_012909,0.02439824244602443,0.02439824244602443,0.02439824244602443,0.02439824244602443
B.train.gold.bea19_012924,0.052096313660017206,0.052096313660017206,0.052096313660017206,0.052096313660017206
B.train.gold.bea19_012941,0.01818181818181818,0.022727272727272728,0.022727272727272728,0.01818181818181818
B.train.gold.bea19_012962,0.00909090909090909,0.00909090909090909,0.00909090909090909,0.00909090909090909
B.train.gold.bea19_012964,0.04132736559398663,0.03218202001436619,0.03218202001436619,0.03218202001436619
B.train.gold.bea19_012998,0.01818181818181818,0.023702497704224848,0.01818181818181818,0.01818181818181818
B.train.gold.bea19_013015,0.09519611937185407,0.0901849513048891,0.0901849513048891,0.0901849513048891
B.train.gold.bea19_013023,0.029482261640924108,0.029482261640924108,0.02306786567039089,0.02306786567039089
C.train.gold.bea19_000007,0.04090909090909091,0.04090909090909091,0.04090909090909091,0.04090909090909091
C.train.gold.bea19_000033,0.00909090909090909,0.00909090909090909,0.00909090909090909,0.00909090909090909
C.train.gold.bea19_000035,0.05454545454545454,0.05454545454545454,0.05,0.05454545454545454
C.train.gold.bea19_000116,0.01843016192770808,0.01843016192770808,0.01843016192770808,0.01843016192770808
C.train.gold.bea19_000120,0.02727272727272727,0.022727272727272728,0.022727272727272728,0.022727272727272728
C.train.gold.bea19_000121,0.02526616822018826,0.02526616822018826,0.022727272727272728,0.022727272727272728
C.train.gold.bea19_000157,0.014091329378833936,0.014091329378833936,0.00909090909090909,0.014091329378833936
C.train.gold.bea19_000165,0.00909090909090909,0.00909090909090909,0.00909090909090909,0.00909090909090909
C.train.gold.bea19_000205,0.03355781079370913,0.029012356248254583,0.029012356248254583,0.03355781079370913
C.train.gold.bea19_000234,0.01818181818181818,0.01818181818181818,0.01818181818181818,0.01818181818181818
C.train.gold.bea19_000246,0.00909090909090909,0.00909090909090909,0.00909090909090909,0.00909090909090909
C.train.gold.bea19_000259,0.00909090909090909,0.00909090909090909,0.00909090909090909,0.00909090909090909
C.train.gold.bea19_000270,0.031818181818181815,0.02727272727272727,0.02727272727272727,0.02727272727272727
C.train.gold.bea19_000282,0.013636363636363636,0.013636363636363636,0.013636363636363636,0.013636363636363636
C.train.gold.bea19_000296,0.022727272727272728,0.022727272727272728,0.022727272727272728,0.032578343059919336
C.train.gold.bea19_000309,0.03754089198017551,0.013636363636363636,0.013636363636363636,0.013636363636363636
C.train.gold.bea19_000333,0.013636363636363636,0.00909090909090909,0.00909090909090909,0.00909090909090909
C.train.gold.bea19_000364,0.050732027056066775,0.050732027056066775,0.050732027056066775,0.050732027056066775
C.train.gold.bea19_000377,0.04603909683683567,0.04603909683683567,0.04603909683683567,0.04603909683683567
C.train.gold.bea19_000393,0.01818181818181818,0.01818181818181818,0.01818181818181818,0.01818181818181818
C.train.gold.bea19_000395,0.013636363636363636,0.013636363636363636,0.013636363636363636,0.013636363636363636
C.train.gold.bea19_000416,0.03342668529587927,0.03342668529587927,0.01818181818181818,0.02580425173884871
C.train.gold.bea19_000441,0.00909090909090909,0.00909090909090909,0.00909090909090909,0.00909090909090909
C.train.gold.bea19_000446,0.022727272727272728,0.022727272727272728,0.022727272727272728,0.022727272727272728
C.train.gold.bea19_000452,0.013636363636363636,0.013636363636363636,0.013636363636363636,0.013636363636363636
C.train.gold.bea19_000466,0.02727272727272727,0.02727272727272727,0.02727272727272727,0.02727272727272727
C.train.gold.bea19_000478,0.028970370865320925,0.028970370865320925,0.022727272727272728,0.022727272727272728
C.train.gold.bea19_000484,0.015263511859434335,0.00909090909090909,0.00909090909090909,0.00909090909090909
C.train.gold.bea19_000499,0.02727272727272727,0.022727272727272728,0.022727272727272728,0.02727272727272727
C.train.gold.bea19_000508,0.01980896640488888,0.01980896640488888,0.01980896640488888,0.01980896640488888
C.train.gold.bea19_000531,0.00909090909090909,0.00909090909090909,0.00909090909090909,0.00909090909090909
C.train.gold.bea19_000552,0.06938259047901857,0.0563575273094978,0.03817570912767962,0.0563575273094978
C.train.gold.bea19_000561,0.02727272727272727,0.013636363636363636,0.013636363636363636,0.013636363636363636
C.train.gold.bea19_000569,0.0394763389457575,0.0394763389457575,0.0394763389457575,0.0394763389457575
C.train.gold.bea19_000586,0.023394115258724323,0.023394115258724323,0.023394115258724323,0.023394115258724323
C.train.gold.bea19_000594,0.00909090909090909,0.00909090909090909,0.00909090909090909,0.00909090909090909
C.train.gold.bea19_000596,0.024175262850367304,0.024175262850367304,0.024175262850367304,0.024175262850367304
C.train.gold.bea19_000607,0.0559964516546331,0.05145099710917856,0.0559964516546331,0.0559964516546331
C.train.gold.bea19_000647,0.01818181818181818,0.022727272727272728,0.02727272727272727,0.022727272727272728
C.train.gold.bea19_000651,0.01818181818181818,0.01818181818181818,0.01818181818181818,0.01818181818181818
C.train.gold.bea19_000666,0.02520141732342241,0.02520141732342241,0.01818181818181818,0.02520141732342241
C.train.gold.bea19_000690,0.033536780744284476,0.033536780744284476,0.01818181818181818,0.033536780744284476
C.train.gold.bea19_000697,0.08551491161380288,0.07099567099567097,0.06645021645021643,0.06190476190476189
C.train.gold.bea19_000725,0.04899925802191801,0.04899925802191801,0.04899925802191801,0.04899925802191801
C.train.gold.bea19_000746,0.05125834227925563,0.05125834227925563,0.05125834227925563,0.05125834227925563
C.train.gold.bea19_000765,0.02727272727272727,0.02727272727272727,0.02727272727272727,0.02727272727272727
C.train.gold.bea19_000767,0.00909090909090909,0.00909090909090909,0.00909090909090909,0.00909090909090909
C.train.gold.bea19_000775,0.06697072850983501,0.06697072850983501,0.06697072850983501,0.06697072850983501
C.train.gold.bea19_000786,0.01818181818181818,0.01818181818181818,0.01818181818181818,0.01818181818181818
C.train.gold.bea19_000793,0.02727272727272727,0.02727272727272727,0.02727272727272727,0.02727272727272727
C.train.gold.bea19_000803,0.031818181818181815,0.022727272727272728,0.022727272727272728,0.031818181818181815
C.train.gold.bea19_000821,0.019192080540098334,0.019192080540098334,0.019192080540098334,0.019192080540098334
C.train.gold.bea19_000837,0.01818181818181818,0.01818181818181818,0.01818181818181818,0.01818181818181818
C.train.gold.bea19_000842,0.02727272727272727,0.022727272727272728,0.02727272727272727,0.02727272727272727
C.train.gold.bea19_000843,0.03636363636363636,0.031818181818181815,0.031818181818181815,0.031818181818181815
C.train.gold.bea19_000866,0.031818181818181815,0.031818181818181815,0.031818181818181815,0.031818181818181815
C.train.gold.bea19_000898,0.15237046635348553,0.14958175399147938,0.14958175399147938,0.14958175399147938
C.train.gold.bea19_000912,0.027254082527354027,0.027254082527354027,0.01818181818181818,0.027254082527354027
C.train.gold.bea19_000935,0.057699675845912624,0.025096648082138524,0.025096648082138524,0.04860876675500353
C.train.gold.bea19_000952,0.022727272727272728,0.029510530190237097,0.022727272727272728,0.04304245788022145
C.train.gold.bea19_000976,0.01818181818181818,0.01818181818181818,0.01818181818181818,0.01818181818181818
C.train.gold.bea19_000977,0.01846628465438298,0.01846628465438298,0.01846628465438298,0.01846628465438298
C.train.gold.bea19_000988,0.00909090909090909,0.00909090909090909,0.00909090909090909,0.00909090909090909
C.train.gold.bea19_001008,0.022918497411607962,0.022918497411607962,0.022918497411607962,0.022918497411607962
C.train.gold.bea19_001012,0.01818181818181818,0.01818181818181818,0.01818181818181818,0.01818181818181818
C.train.gold.bea19_001017,0.013636363636363636,0.013636363636363636,0.013636363636363636,0.013636363636363636
C.train.gold.bea19_001049,0.031818181818181815,0.031818181818181815,0.031818181818181815,0.031818181818181815
C.train.gold.bea19_001059,0.025679186802315627,0.025679186802315627,0.025679186802315627,0.025679186802315627
C.train.gold.bea19_001066,0.013636363636363636,0.013636363636363636,0.013636363636363636,0.013636363636363636
C.train.gold.bea19_001068,0.01818181818181818,0.01818181818181818,0.01818181818181818,0.01818181818181818
C.train.gold.bea19_001096,0.056987997252998385,0.05393441131921704,0.05393441131921704,0.05393441131921704
C.train.gold.bea19_001113,0.08581838736257849,0.06532490209476774,0.06532490209476774,0.06532490209476774
C.train.gold.bea19_001122,0.02259741551342754,0.022417437564786882,0.00909090909090909,0.013636363636363636
C.train.gold.bea19_001127,0.043049598047578554,0.04387762105346467,0.04387762105346467,0.04387762105346467
C.train.gold.bea19_001143,0.0321485197016561,0.01818181818181818,0.0321485197016561,0.01818181818181818
C.train.gold.bea19_001145,0.028211364886511,0.022741179977042565,0.022741179977042565,0.022741179977042565
C.train.gold.bea19_001162,0.01818181818181818,0.01818181818181818,0.01818181818181818,0.01818181818181818
C.train.gold.bea19_001174,0.049825530948912615,0.049825530948912615,0.049825530948912615,0.049825530948912615
C.train.gold.bea19_001182,0.00909090909090909,0.00909090909090909,0.00909090909090909,0.013636363636363636
C.train.gold.bea19_001183,0.00909090909090909,0.00909090909090909,0.00909090909090909,0.00909090909090909
C.train.gold.bea19_001194,0.05603980214094613,0.04217741157555149,0.04217741157555149,0.04217741157555149
C.train.gold.bea19_001196,0.03462806389178696,0.030082609346332414,0.030082609346332414,0.030082609346332414
C.train.gold.bea19_001232,0.00909090909090909,0.00909090909090909,0.00909090909090909,0.00909090909090909
C.train.gold.bea19_001235,0.013636363636363636,0.013636363636363636,0.013636363636363636,0.013636363636363636
C.train.gold.bea19_001265,0.00909090909090909,0.00909090909090909,0.00909090909090909,0.00909090909090909
C.train.gold.bea19_001268,0.00909090909090909,0.00909090909090909,0.00909090909090909,0.00909090909090909
C.train.gold.bea19_001290,0.018714929422995186,0.018714929422995186,0.018714929422995186,0.018714929422995186
C.train.gold.bea19_001302,0.02871075055783424,0.02871075055783424,0.02871075055783424,0.02871075055783424
C.train.gold.bea19_001311,0.04729613142815807,0.04729613142815807,0.04729613142815807,0.04729613142815807
C.train.gold.bea19_001345,0.02727272727272727,0.022727272727272728,0.022727272727272728,0.01818181818181818
C.train.gold.bea19_001352,0.030539772727272728,0.02599431818181818,0.02599431818181818,0.02599431818181818
C.train.gold.bea19_001385,0.05160202576973645,0.05160202576973645,0.05160202576973645,0.05160202576973645
C.train.gold.bea19_001388,0.04857205526108485,0.044026600715630304,0.044026600715630304,0.044026600715630304
C.train.gold.bea19_001422,0.014014075509430686,0.00909090909090909,0.00909090909090909,0.014014075509430686
C.train.gold.bea19_001448,0.004545454545454545,0.004545454545454545,0.004545454545454545,0.004545454545454545
C.train.gold.bea19_001456,0.013636363636363636,0.013636363636363636,0.013636363636363636,0.013636363636363636
C.train.gold.bea19_001466,0.026489739697936613,0.026489739697936613,0.026489739697936613,0.026489739697936613
C.train.gold.bea19_001473,0.042927858254998494,0.042927858254998494,0.031818181818181815,0.031818181818181815
C.train.gold.bea19_001494,0.013636363636363636,0.03987934395204231,0.013636363636363636,0.03987934395204231
C.train.gold.bea19_001511,0.058311990671811524,0.045454545454545456,0.045454545454545456,0.045454545454545456
C.train.gold.bea19_001518,0.0523918951102915,0.031818181818181815,0.022727272727272728,0.031818181818181815
C.train.gold.bea19_001531,0.025462365182006945,0.00909090909090909,0.013636363636363636,0.013636363636363636
C.train.gold.bea19_001545,0.02918323461823748,0.02918323461823748,0.02918323461823748,0.02918323461823748
C.train.gold.bea19_001553,0.00909090909090909,0.00909090909090909,0.00909090909090909,0.00909090909090909
C.train.gold.bea19_001556,0.02711197936457427,0.02711197936457427,0.01818181818181818,0.02711197936457427
C.train.gold.bea19_001558,0.031232304671439254,0.031232304671439254,0.031232304671439254,0.031232304671439254
C.train.gold.bea19_001559,0.00909090909090909,0.00909090909090909,0.00909090909090909,0.00909090909090909
C.train.gold.bea19_001565,0.02727272727272727,0.02727272727272727,0.02727272727272727,0.02727272727272727
C.train.gold.bea19_001586,0.0545423786952782,0.0545423786952782,0.0545423786952782,0.0545423786952782
C.train.gold.bea19_001607,0.045741894351373616,0.04119643980591907,0.04119643980591907,0.04119643980591907
C.train.gold.bea19_001619,0.00909090909090909,0.00909090909090909,0.00909090909090909,0.014197289377080313
C.train.gold.bea19_001645,0.022727272727272728,0.022727272727272728,0.022727272727272728,0.022727272727272728
C.train.gold.bea19_001660,0.05219462305713677,0.033580841999188364,0.033580841999188364,0.033580841999188364
C.train.gold.bea19_001680,0.03359408902479602,0.03359408902479602,0.02727272727272727,0.03359408902479602
C.train.gold.bea19_001729,0.00909090909090909,0.00909090909090909,0.00909090909090909,0.00909090909090909
C.train.gold.bea19_001735,0.01818181818181818,0.01818181818181818,0.01818181818181818,0.01818181818181818
C.train.gold.bea19_001745,0.045454545454545456,0.045454545454545456,0.045454545454545456,0.045454545454545456
C.train.gold.bea19_001763,0.013636363636363636,0.01818181818181818,0.01818181818181818,0.01818181818181818
C.train.gold.bea19_001773,0.00909090909090909,0.00909090909090909,0.00909090909090909,0.00909090909090909
C.train.gold.bea19_001807,0.02959226577855221,0.00909090909090909,0.00909090909090909,0.00909090909090909
C.train.gold.bea19_001847,0.03604258122875246,0.024805615093119696,0.03261089505506241,0.03261089505506241
C.train.gold.bea19_001864,0.03837537403061386,0.03837537403061386,0.03837537403061386,0.03837537403061386
C.train.gold.bea19_001885,0.04294176550476833,0.04294176550476833,0.04294176550476833,0.04294176550476833
C.train.gold.bea19_001903,0.0448174268145804,0.038574328676532196,0.038574328676532196,0.038574328676532196
C.train.gold.bea19_001905,0.00909090909090909,0.00909090909090909,0.00909090909090909,0.00909090909090909
C.train.gold.bea19_001914,0.04747331280045303,0.04747331280045303,0.04747331280045303,0.04747331280045303
C.train.gold.bea19_001928,0.06671967343799819,0.05,0.05,0.05
C.train.gold.bea19_001939,0.02855411380262326,0.024008659257168715,0.02855411380262326,0.024008659257168715
C.train.gold.bea19_001944,0.004545454545454545,0.02916128663806252,0.004545454545454545,0.02916128663806252
C.train.gold.bea19_001963,0.026257228894075293,0.026257228894075293,0.0156772915900001,0.026257228894075293
C.train.gold.bea19_001964,0.01238692728636,0.01238692728636,0.004545454545454545,0.004545454545454545
C.train.gold.bea19_001973,0.013636363636363636,0.00909090909090909,0.00909090909090909,0.00909090909090909
C.train.gold.bea19_001980,0.026136363636363617,0.026136363636363617,0.00909090909090909,0.00909090909090909
C.train.gold.bea19_001986,0.02727272727272727,0.02727272727272727,0.02727272727272727,0.02727272727272727
C.train.gold.bea19_002010,0.022727272727272728,0.01818181818181818,0.022727272727272728,0.022727272727272728
C.train.gold.bea19_002014,0.01818181818181818,0.013636363636363636,0.013636363636363636,0.013636363636363636
C.train.gold.bea19_002018,0.04139662244837479,0.03449936575039201,0.04139662244837479,0.04594207699382934
C.train.gold.bea19_002037,0.037241393335927665,0.037241393335927665,0.037241393335927665,0.037241393335927665
C.train.gold.bea19_002045,0.07816205533596837,0.06040396769265624,0.06040396769265624,0.06040396769265624
C.train.gold.bea19_002049,0.013636363636363636,0.013636363636363636,0.00909090909090909,0.013636363636363636
C.train.gold.bea19_002070,0.031613053496349415,0.031613053496349415,0.031613053496349415,0.031613053496349415
C.train.gold.bea19_002072,0.05052447552447552,0.05052447552447552,0.03636363636363636,0.05052447552447552
C.train.gold.bea19_002083,0.026725915306271827,0.02218046076081728,0.02218046076081728,0.02218046076081728
C.train.gold.bea19_002090,0.01818181818181818,0.034848484848484844,0.013636363636363636,0.034848484848484844
C.train.gold.bea19_002106,0.038378258175123914,0.038378258175123914,0.038378258175123914,0.038378258175123914
C.train.gold.bea19_002107,0.022727272727272728,0.00909090909090909,0.00909090909090909,0.00909090909090909
C.train.gold.bea19_002144,0.013636363636363636,0.013636363636363636,0.013636363636363636,0.013636363636363636
C.train.gold.bea19_002145,0.01818181818181818,0.01818181818181818,0.01818181818181818,0.01818181818181818
C.train.gold.bea19_002162,0.013636363636363636,0.013636363636363636,0.013636363636363636,0.013636363636363636
C.train.gold.bea19_002179,0.045454545454545456,0.045454545454545456,0.05352108761701009,0.05352108761701009
C.train.gold.bea19_002234,0.07692789478077877,0.045454545454545456,0.04090909090909091,0.0588851832924976
C.train.gold.bea19_002236,0.054091468474889916,0.04428616782589912,0.04428616782589912,0.04428616782589912
C.train.gold.bea19_002241,0.015428080981710704,0.015428080981710704,0.015428080981710704,0.015428080981710704
C.train.gold.bea19_002243,0.0442901031850967,0.0442901031850967,0.03322992752677898,0.03777538207223353
C.train.gold.bea19_002255,0.014694578914304719,0.014694578914304719,0.014694578914304719,0.014694578914304719
C.train.gold.bea19_002271,0.02916926909523901,0.024623814549784462,0.024623814549784462,0.024623814549784462
C.train.gold.bea19_002289,0.02886258600505147,0.02886258600505147,0.02886258600505147,0.02886258600505147
C.train.gold.bea19_002290,0.018713953475642905,0.018713953475642905,0.018713953475642905,0.018713953475642905
C.train.gold.bea19_002297,0.05998023715415019,0.04624717811201526,0.04624717811201526,0.04624717811201526
C.train.gold.bea19_002299,0.00909090909090909,0.00909090909090909,0.00909090909090909,0.00909090909090909
C.train.gold.bea19_002304,0.043661969636446515,0.037915742793791576,0.037915742793791576,0.037915742793791576
C.train.gold.bea19_002381,0.00909090909090909,0.00909090909090909,0.00909090909090909,0.00909090909090909
C.train.gold.bea19_002386,0.05506297762598045,0.01818181818181818,0.01818181818181818,0.01818181818181818
C.train.gold.bea19_002390,0.018862203632096272,0.018862203632096272,0.018862203632096272,0.018862203632096272
C.train.gold.bea19_002396,0.02727272727272727,0.02727272727272727,0.02727272727272727,0.02727272727272727
C.train.gold.bea19_002418,0.013636363636363636,0.013636363636363636,0.00909090909090909,0.00909090909090909
C.train.gold.bea19_002425,0.08599011225070892,0.08599011225070892,0.08599011225070892,0.08599011225070892
C.train.gold.bea19_002426,0.014247018330802764,0.014247018330802764,0.014247018330802764,0.014247018330802764
C.train.gold.bea19_002428,0.00909090909090909,0.00909090909090909,0.00909090909090909,0.00909090909090909
C.train.gold.bea19_002454,0.02507602414857946,0.02507602414857946,0.02507602414857946,0.02507602414857946
C.train.gold.bea19_002471,0.004545454545454545,0.014391787382497735,0.004545454545454545,0.004545454545454545
C.train.gold.bea19_002508,0.044408948296566005,0.044408948296566005,0.013636363636363636,0.013636363636363636
C.train.gold.bea19_002554,0.00909090909090909,0.00909090909090909,0.00909090909090909,0.00909090909090909
C.train.gold.bea19_002555,0.03187430603226248,0.03187430603226248,0.03187430603226248,0.03187430603226248
C.train.gold.bea19_002560,0.01818181818181818,0.01818181818181818,0.01818181818181818,0.01818181818181818
C.train.gold.bea19_002578,0.013636363636363636,0.013636363636363636,0.03286713286713285,0.03286713286713285
C.train.gold.bea19_002585,0.04419768806124943,0.04419768806124943,0.04419768806124943,0.04419768806124943
C.train.gold.bea19_002600,0.013636363636363636,0.013636363636363636,0.013636363636363636,0.013636363636363636
C.train.gold.bea19_002629,0.024646032726492528,0.024646032726492528,0.022727272727272728,0.024646032726492528
C.train.gold.bea19_002630,0.0391020043029609,0.0391020043029609,0.0391020043029609,0.0391020043029609
C.train.gold.bea19_002668,0.0443889844266204,0.0443889844266204,0.0443889844266204,0.0443889844266204
C.train.gold.bea19_002676,0.00909090909090909,0.00909090909090909,0.00909090909090909,0.00909090909090909
C.train.gold.bea19_002680,0.10151709565504517,0.09697164110959063,0.09697164110959063,0.09697164110959063
C.train.gold.bea19_002688,0.01818181818181818,0.01818181818181818,0.01818181818181818,0.01818181818181818
C.train.gold.bea19_002714,0.031818181818181815,0.031818181818181815,0.031818181818181815,0.031818181818181815
C.train.gold.bea19_002716,0.01818181818181818,0.01818181818181818,0.01818181818181818,0.01818181818181818
C.train.gold.bea19_002728,0.013636363636363636,0.013636363636363636,0.013636363636363636,0.013636363636363636
C.train.gold.bea19_002740,0.03835227272727273,0.030095798622553748,0.030095798622553748,0.030095798622553748
C.train.gold.bea19_002751,0.01818181818181818,0.01818181818181818,0.01818181818181818,0.01818181818181818
C.train.gold.bea19_002765,0.020200585527725766,0.00909090909090909,0.00909090909090909,0.00909090909090909
C.train.gold.bea19_002771,0.03019049559225071,0.03019049559225071,0.03019049559225071,0.03019049559225071
C.train.gold.bea19_002776,0.049420044417312174,0.03016870751891645,0.03016870751891645,0.03016870751891645
C.train.gold.bea19_002804,0.08629078112191012,0.09062264391416884,0.09083623566736466,0.09062264391416884
C.train.gold.bea19_002810,0.0371792736385991,0.0371792736385991,0.0371792736385991,0.0371792736385991
C.train.gold.bea19_002814,0.02727272727272727,0.02727272727272727,0.01818181818181818,0.026243820169073864
C.train.gold.bea19_002816,0.00909090909090909,0.00909090909090909,0.00909090909090909,0.00909090909090909
C.train.gold.bea19_002826,0.03777071804396758,0.03777071804396758,0.031818181818181815,0.03777071804396758
C.train.gold.bea19_002838,0.0355283518992456,0.022727272727272728,0.022727272727272728,0.022727272727272728
C.train.gold.bea19_002843,0.030150288514024095,0.030150288514024095,0.030150288514024095,0.030150288514024095
C.train.gold.bea19_002866,0.025318412947547254,0.01818181818181818,0.01818181818181818,0.01818181818181818
C.train.gold.bea19_002878,0.00909090909090909,0.00909090909090909,0.00909090909090909,0.00909090909090909
C.train.gold.bea19_002911,0.03806487812500824,0.03806487812500824,0.03806487812500824,0.03806487812500824
C.train.gold.bea19_002926,0.03423319036181733,0.029687735816362786,0.029687735816362786,0.029687735816362786
C.train.gold.bea19_002929,0.045257178100539176,0.045257178100539176,0.020951622544983596,0.045257178100539176
C.train.gold.bea19_002941,0.0683869083445937,0.06384145379913915,0.045454545454545456,0.05322053876645942
C.train.gold.bea19_002950,0.07170087976539591,0.07431539092679582,0.06818181818181818,0.06818181818181818
C.train.gold.bea19_002977,0.05509585897166832,0.03455327427291603,0.03455327427291603,0.03455327427291603
C.train.gold.bea19_002985,0.031818181818181815,0.02727272727272727,0.022727272727272728,0.02727272727272727
C.train.gold.bea19_002988,0.018913845237884953,0.018913845237884953,0.018913845237884953,0.018913845237884953
C.train.gold.bea19_003009,0.00909090909090909,0.00909090909090909,0.00909090909090909,0.00909090909090909
C.train.gold.bea19_003020,0.06865521064320432,0.06865521064320432,0.06865521064320432,0.06865521064320432
C.train.gold.bea19_003023,0.04830300306649439,0.04830300306649439,0.04830300306649439,0.04830300306649439
C.train.gold.bea19_003032,0.014533916140739914,0.014533916140739914,0.014533916140739914,0.014533916140739914
C.train.gold.bea19_003054,0.048256043702430654,0.04090909090909091,0.04090909090909091,0.04090909090909091
C.train.gold.bea19_003069,0.08846497595268991,0.07656658023076478,0.07656658023076478,0.08846497595268991
C.train.gold.bea19_003075,0.01818181818181818,0.01818181818181818,0.01818181818181818,0.01818181818181818
C.train.gold.bea19_003076,0.01818181818181818,0.01818181818181818,0.01818181818181818,0.01818181818181818
C.train.gold.bea19_003102,0.01648482124831256,0.00909090909090909,0.00909090909090909,0.00909090909090909
C.train.gold.bea19_003104,0.06818181818181818,0.05909090909090909,0.05647188657589787,0.05647188657589787
C.train.gold.bea19_003112,0.020296133107004836,0.020296133107004836,0.020296133107004836,0.020296133107004836
C.train.gold.bea19_003121,0.013636363636363636,0.0228903668382099,0.0228903668382099,0.013636363636363636
C.train.gold.bea19_003129,0.02640100279579067,0.02640100279579067,0.02640100279579067,0.02640100279579067
C.train.gold.bea19_003154,0.024637780072782937,0.024637780072782937,0.024637780072782937,0.024637780072782937
C.train.gold.bea19_003181,0.03446969696969698,0.03446969696969698,0.03446969696969698,0.03446969696969698
C.train.gold.bea19_003209,0.06055414302813289,0.05600868848267835,0.05600868848267835,0.0514632339372238
C.train.gold.bea19_003213,0.03497830721894994,0.03497830721894994,0.03497830721894994,0.03497830721894994
C.train.gold.bea19_003223,0.16211049058297342,0.08060774447598522,0.08515319902143977,0.08060774447598522
C.train.gold.bea19_003226,0.06388792531515487,0.06388792531515487,0.06388792531515487,0.06388792531515487
C.train.gold.bea19_003250,0.055889415040484725,0.055889415040484725,0.055889415040484725,0.055889415040484725
C.train.gold.bea19_003258,0.048231257912909054,0.048231257912909054,0.048231257912909054,0.048231257912909054
C.train.gold.bea19_003263,0.013636363636363636,0.013636363636363636,0.013636363636363636,0.013636363636363636
C.train.gold.bea19_003289,0.08851939967145932,0.07942849058055022,0.07942849058055022,0.07942849058055022
C.train.gold.bea19_003304,0.00909090909090909,0.00909090909090909,0.00909090909090909,0.00909090909090909
C.train.gold.bea19_003314,0.00909090909090909,0.00909090909090909,0.00909090909090909,0.00909090909090909
C.train.gold.bea19_003341,0.01818181818181818,0.01818181818181818,0.01818181818181818,0.01818181818181818
C.train.gold.bea19_003346,0.08283117454994289,0.0737402654590338,0.0737402654590338,0.0737402654590338
C.train.gold.bea19_003401,0.00909090909090909,0.00909090909090909,0.00909090909090909,0.00909090909090909
C.train.gold.bea19_003406,0.00909090909090909,0.00909090909090909,0.00909090909090909,0.00909090909090909
C.train.gold.bea19_003437,0.00909090909090909,0.00909090909090909,0.00909090909090909,0.00909090909090909
C.train.gold.bea19_003458,0.045454545454545456,0.04090909090909091,0.04090909090909091,0.04090909090909091
C.train.gold.bea19_003466,0.027669083891167578,0.023123629345713034,0.023123629345713034,0.023123629345713034
C.train.gold.bea19_003494,0.031818181818181815,0.031818181818181815,0.03727272727272728,0.031818181818181815
C.train.gold.bea19_003510,0.013636363636363636,0.013636363636363636,0.013636363636363636,0.013636363636363636
C.train.gold.bea19_003524,0.00909090909090909,0.00909090909090909,0.00909090909090909,0.00909090909090909
C.train.gold.bea19_003535,0.042394645268141344,0.042394645268141344,0.042394645268141344,0.042394645268141344
C.train.gold.bea19_003536,0.03366484875432402,0.03366484875432402,0.03366484875432402,0.03366484875432402
C.train.gold.bea19_003561,0.07041030240341893,0.07041030240341893,0.07139667864157011,0.07041030240341893
C.train.gold.bea19_003569,0.004545454545454545,0.004545454545454545,0.004545454545454545,0.004545454545454545
C.train.gold.bea19_003571,0.022727272727272728,0.022727272727272728,0.022727272727272728,0.022727272727272728
C.train.gold.bea19_003615,0.03736648135696229,0.03736648135696229,0.031179971338667213,0.03736648135696229
C.train.gold.bea19_003637,0.01818181818181818,0.01818181818181818,0.01818181818181818,0.01818181818181818
C.train.gold.bea19_003638,0.013636363636363636,0.013636363636363636,0.013636363636363636,0.013636363636363636
C.train.gold.bea19_003648,0.021077798428007347,0.021077798428007347,0.021077798428007347,0.021077798428007347
C.train.gold.bea19_003693,0.035072520291726354,0.035072520291726354,0.035072520291726354,0.035072520291726354
C.train.gold.bea19_003695,0.01818181818181818,0.01818181818181818,0.01818181818181818,0.01818181818181818
C.train.gold.bea19_003702,0.04281659315008597,0.03721697370521027,0.022727272727272728,0.039454776622720095
C.train.gold.bea19_003714,0.023652003091286615,0.00909090909090909,0.00909090909090909,0.00909090909090909
C.train.gold.bea19_003734,0.03776549494552486,0.031818181818181815,0.031818181818181815,0.031818181818181815
C.train.gold.bea19_003757,0.02023523726924034,0.02023523726924034,0.02023523726924034,0.02023523726924034
C.train.gold.bea19_003762,0.053911199428769666,0.053911199428769666,0.04835175886932912,0.05090909090909089
C.train.gold.bea19_003800,0.04186074414334104,0.04186074414334104,0.04186074414334104,0.04186074414334104
C.train.gold.bea19_003803,0.01818181818181818,0.01818181818181818,0.01818181818181818,0.01818181818181818
C.train.gold.bea19_003807,0.030789274714528407,0.030789274714528407,0.01818181818181818,0.01818181818181818
C.train.gold.bea19_003810,0.06424912686596268,0.06424912686596268,0.06424912686596268,0.06424912686596268
C.train.gold.bea19_003830,0.04228397361924243,0.02727272727272727,0.01818181818181818,0.02727272727272727
C.train.gold.bea19_003837,0.02727272727272727,0.02727272727272727,0.02727272727272727,0.02727272727272727
C.train.gold.bea19_003879,0.00909090909090909,0.00909090909090909,0.00909090909090909,0.00909090909090909
C.train.gold.bea19_003951,0.033701273891043326,0.033701273891043326,0.029155819345588786,0.033701273891043326
C.train.gold.bea19_003963,0.13031994620341433,0.12472205224871119,0.1156311431578021,0.1156311431578021
C.train.gold.bea19_003965,0.028452314912296,0.028452314912296,0.028452314912296,0.028452314912296
C.train.gold.bea19_003983,0.020772958402092707,0.020772958402092707,0.020772958402092707,0.020772958402092707
C.train.gold.bea19_003986,0.03370444406327997,0.029863867493001798,0.029863867493001798,0.029863867493001798
C.train.gold.bea19_004002,0.028746751192918224,0.028746751192918224,0.028746751192918224,0.028746751192918224
C.train.gold.bea19_004011,0.013636363636363636,0.013636363636363636,0.013636363636363636,0.013636363636363636
C.train.gold.bea19_004050,0.01818181818181818,0.01818181818181818,0.01818181818181818,0.01818181818181818
C.train.gold.bea19_004080,0.023847771465713756,0.023847771465713756,0.023847771465713756,0.023847771465713756
C.train.gold.bea19_004095,0.03444056022784966,0.03444056022784966,0.03444056022784966,0.03444056022784966
C.train.gold.bea19_004097,0.022727272727272728,0.01818181818181818,0.01818181818181818,0.022727272727272728
C.train.gold.bea19_004105,0.013636363636363636,0.013636363636363636,0.013636363636363636,0.013636363636363636
C.train.gold.bea19_004110,0.022727272727272728,0.022727272727272728,0.022727272727272728,0.022727272727272728
C.train.gold.bea19_004145,0.023766340609581625,0.019220886064127078,0.019220886064127078,0.019220886064127078
C.train.gold.bea19_004146,0.045522411543324884,0.045522411543324884,0.045522411543324884,0.045522411543324884
C.train.gold.bea19_004154,0.04613763357581596,0.03946784922394679,0.01818181818181818,0.01818181818181818
C.train.gold.bea19_004162,0.00909090909090909,0.00909090909090909,0.00909090909090909,0.00909090909090909
C.train.gold.bea19_004176,0.013636363636363636,0.013636363636363636,0.013636363636363636,0.013636363636363636
C.train.gold.bea19_004182,0.02727272727272727,0.02727272727272727,0.00909090909090909,0.02727272727272727
C.train.gold.bea19_004207,0.023587764842349767,0.00909090909090909,0.00909090909090909,0.00909090909090909
C.train.gold.bea19_004216,0.00909090909090909,0.00909090909090909,0.00909090909090909,0.00909090909090909
C.train.gold.bea19_004253,0.020657308640848814,0.020657308640848814,0.020657308640848814,0.020657308640848814
C.train.gold.bea19_004255,0.00909090909090909,0.00909090909090909,0.00909090909090909,0.00909090909090909
C.train.gold.bea19_004256,0.0525233151790945,0.03450127232367956,0.03450127232367956,0.03450127232367956
C.train.gold.bea19_004285,0.00909090909090909,0.00909090909090909,0.00909090909090909,0.00909090909090909
C.train.gold.bea19_004289,0.04688432632360986,0.00909090909090909,0.00909090909090909,0.00909090909090909
C.train.gold.bea19_004297,0.02967362430117424,0.01818181818181818,0.01818181818181818,0.02967362430117424
C.train.gold.bea19_004318,0.04090909090909091,0.03636363636363636,0.03636363636363636,0.03636363636363636
C.train.gold.bea19_004342,0.00909090909090909,0.00909090909090909,0.00909090909090909,0.00909090909090909
C.train.gold.bea19_004369,0.026250890099632693,0.00909090909090909,0.00909090909090909,0.00909090909090909
C.train.gold.bea19_004370,0.00909090909090909,0.00909090909090909,0.00909090909090909,0.00909090909090909
C.train.gold.bea19_004384,0.00909090909090909,0.00909090909090909,0.00909090909090909,0.00909090909090909
C.train.gold.bea19_004393,0.022727272727272728,0.022727272727272728,0.01818181818181818,0.01818181818181818
C.train.gold.bea19_004411,0.03176995889547341,0.03176995889547341,0.01818181818181818,0.03176995889547341
C.train.gold.bea19_004445,0.03761599451101144,0.03761599451101144,0.03761599451101144,0.03761599451101144
C.train.gold.bea19_004455,0.028683732709553697,0.028683732709553697,0.01818181818181818,0.028683732709553697
C.train.gold.bea19_004487,0.01818181818181818,0.01818181818181818,0.01818181818181818,0.01818181818181818
C.train.gold.bea19_004543,0.004545454545454545,0.0,0.0,0.004545454545454545
C.train.gold.bea19_004546,0.06717004827884088,0.05503026673599338,0.045454545454545456,0.045454545454545456
C.train.gold.bea19_004548,0.01622750385663816,0.014869579337368382,0.014869579337368382,0.014869579337368382
C.train.gold.bea19_004571,0.09918597655510139,0.06354149190365396,0.06363636363636363,0.06363636363636363
C.train.gold.bea19_004575,0.0427686424140008,0.03636363636363636,0.03636363636363636,0.03636363636363636
C.train.gold.bea19_004583,0.03636363636363636,0.03636363636363636,0.03636363636363636,0.03636363636363636
C.train.gold.bea19_004592,0.03649164006769686,0.00909090909090909,0.00909090909090909,0.00909090909090909
C.train.gold.bea19_004598,0.022727272727272728,0.022727272727272728,0.01818181818181818,0.022727272727272728
C.train.gold.bea19_004608,0.018913845237884953,0.018913845237884953,0.013636363636363636,0.013636363636363636
C.train.gold.bea19_004621,0.05,0.05,0.05,0.05
C.train.gold.bea19_004622,0.00909090909090909,0.00909090909090909,0.00909090909090909,0.00909090909090909
C.train.gold.bea19_004632,0.02371089457463016,0.02371089457463016,0.02371089457463016,0.02371089457463016
C.train.gold.bea19_004638,0.025501463819314417,0.025501463819314417,0.025501463819314417,0.025501463819314417
C.train.gold.bea19_004645,0.01818181818181818,0.01818181818181818,0.01818181818181818,0.01818181818181818
C.train.gold.bea19_004679,0.00909090909090909,0.013193547773010425,0.00909090909090909,0.00909090909090909
C.train.gold.bea19_004681,0.022727272727272728,0.023652003091286615,0.013636363636363636,0.013636363636363636
C.train.gold.bea19_004683,0.013636363636363636,0.013636363636363636,0.013636363636363636,0.013636363636363636
C.train.gold.bea19_004688,0.013636363636363636,0.013636363636363636,0.013636363636363636,0.013636363636363636
C.train.gold.bea19_004723,0.022727272727272728,0.022727272727272728,0.01818181818181818,0.022727272727272728
C.train.gold.bea19_004744,0.04152844015528797,0.04090909090909091,0.031818181818181815,0.04090909090909091
C.train.gold.bea19_004745,0.0408895696704542,0.0408895696704542,0.0408895696704542,0.0408895696704542
C.train.gold.bea19_004811,0.026618529017961717,0.026618529017961717,0.026618529017961717,0.026618529017961717
C.train.gold.bea19_004818,0.01818181818181818,0.01818181818181818,0.01818181818181818,0.01818181818181818
C.train.gold.bea19_004846,0.06541745684418321,0.03636363636363636,0.03636363636363636,0.03636363636363636
C.train.gold.bea19_004858,0.01818181818181818,0.01818181818181818,0.01818181818181818,0.01818181818181818
C.train.gold.bea19_004860,0.00909090909090909,0.00909090909090909,0.00909090909090909,0.00909090909090909
C.train.gold.bea19_004865,0.03858759590352853,0.03858759590352853,0.03858759590352853,0.03858759590352853
C.train.gold.bea19_004879,0.026009383672953787,0.026009383672953787,0.01818181818181818,0.026009383672953787
C.train.gold.bea19_004904,0.00909090909090909,0.00909090909090909,0.00909090909090909,0.00909090909090909
C.train.gold.bea19_004915,0.022727272727272728,0.022727272727272728,0.004545454545454545,0.022727272727272728
C.train.gold.bea19_004923,0.00909090909090909,0.00909090909090909,0.00909090909090909,0.00909090909090909
C.train.gold.bea19_004927,0.01818181818181818,0.01818181818181818,0.01818181818181818,0.01818181818181818
C.train.gold.bea19_004934,0.03429146897149889,0.03429146897149889,0.029746014426044343,0.03429146897149889
C.train.gold.bea19_004979,0.14146161691176476,0.14146161691176476,0.14146161691176476,0.14146161691176476
C.train.gold.bea19_004981,0.02066945851996592,0.02066945851996592,0.02066945851996592,0.02066945851996592
C.train.gold.bea19_005009,0.03995392293353531,0.02727272727272727,0.02727272727272727,0.03995392293353531
C.train.gold.bea19_005016,0.020916910636552398,0.020916910636552398,0.025462365182006945,0.025462365182006945
C.train.gold.bea19_005019,0.06857061070129275,0.06857061070129275,0.02727272727272727,0.06857061070129275
C.train.gold.bea19_005020,0.013636363636363636,0.013636363636363636,0.013636363636363636,0.013636363636363636
C.train.gold.bea19_005021,0.07628720596117237,0.03756440866083674,0.031818181818181815,0.03756440866083674
C.train.gold.bea19_005027,0.036782765209360226,0.027691856118451128,0.01818181818181818,0.03223731066390568
C.train.gold.bea19_005035,0.0387979007821547,0.029706991691245608,0.029706991691245608,0.029706991691245608
C.train.gold.bea19_005037,0.00909090909090909,0.00909090909090909,0.00909090909090909,0.00909090909090909
C.train.gold.bea19_005059,0.05579773841197804,0.031818181818181815,0.038094389129681376,0.038094389129681376
C.train.gold.bea19_005079,0.00909090909090909,0.00909090909090909,0.00909090909090909,0.00909090909090909
C.train.gold.bea19_005088,0.03676916273624307,0.03676916273624307,0.03676916273624307,0.03676916273624307
C.train.gold.bea19_005089,0.06098868658906259,0.04449815704686719,0.02916175255673176,0.04449815704686719
C.train.gold.bea19_005125,0.039861004443709463,0.039861004443709463,0.039861004443709463,0.039861004443709463
C.train.gold.bea19_005174,0.03935125407089584,0.01818181818181818,0.01818181818181818,0.01818181818181818
C.train.gold.bea19_005198,0.013636363636363636,0.013636363636363636,0.013636363636363636,0.013636363636363636
C.train.gold.bea19_005216,0.06818181818181818,0.07041335135506487,0.06586789680961032,0.07041335135506487
C.train.gold.bea19_005234,0.06840647372784056,0.06200288374187457,0.05717505749844383,0.05717505749844383
C.train.gold.bea19_005241,0.13054292133087828,0.004545454545454545,0.004545454545454545,0.13054292133087828
C.train.gold.bea19_005248,0.049841876233663596,0.031660058051845415,0.031660058051845415,0.031660058051845415
C.train.gold.bea19_005266,0.028380671504390803,0.028380671504390803,0.028380671504390803,0.028380671504390803
C.train.gold.bea19_005268,0.00909090909090909,0.00909090909090909,0.00909090909090909,0.00909090909090909
C.train.gold.bea19_005269,0.04956294367964805,0.04956294367964805,0.04956294367964805,0.04956294367964805
C.train.gold.bea19_005279,0.022727272727272728,0.01818181818181818,0.01818181818181818,0.01818181818181818
C.train.gold.bea19_005307,0.00909090909090909,0.00909090909090909,0.00909090909090909,0.00909090909090909
C.train.gold.bea19_005312,0.00909090909090909,0.00909090909090909,0.00909090909090909,0.00909090909090909
C.train.gold.bea19_005314,0.10909090909090909,0.07727272727272727,0.07727272727272727,0.07727272727272727
C.train.gold.bea19_005315,0.0313397129186603,0.024484147856997283,0.013636363636363636,0.013636363636363636
C.train.gold.bea19_005322,0.04288176278719184,0.02580425173884871,0.02580425173884871,0.02580425173884871
C.train.gold.bea19_005334,0.01818181818181818,0.01818181818181818,0.01818181818181818,0.01818181818181818
C.train.gold.bea19_005388,0.01818181818181818,0.01818181818181818,0.01818181818181818,0.01818181818181818
C.train.gold.bea19_005400,0.013636363636363636,0.013636363636363636,0.013636363636363636,0.013636363636363636
C.train.gold.bea19_005401,0.031818181818181815,0.031818181818181815,0.031818181818181815,0.031818181818181815
C.train.gold.bea19_005420,0.013636363636363636,0.013636363636363636,0.013636363636363636,0.013636363636363636
C.train.gold.bea19_005427,0.06287878787878787,0.06287878787878787,0.0672229079229193,0.0672229079229193
C.train.gold.bea19_005452,0.01966930491223873,0.01966930491223873,0.01966930491223873,0.01966930491223873
C.train.gold.bea19_005455,0.05259740259740257,0.05259740259740257,0.04090909090909091,0.04090909090909091
C.train.gold.bea19_005464,0.03508522727272727,0.03508522727272727,0.022727272727272728,0.03508522727272727
C.train.gold.bea19_005470,0.00909090909090909,0.00909090909090909,0.00909090909090909,0.00909090909090909
C.train.gold.bea19_005503,0.029257450238841146,0.029257450238841146,0.032688061713882686,0.032688061713882686
C.train.gold.bea19_005540,0.013636363636363636,0.013636363636363636,0.013636363636363636,0.013636363636363636
C.train.gold.bea19_005556,0.01818181818181818,0.013636363636363636,0.013636363636363636,0.013636363636363636
C.train.gold.bea19_005581,0.022727272727272728,0.022727272727272728,0.022727272727272728,0.022727272727272728
C.train.gold.bea19_005612,0.028197457636741176,0.01818181818181818,0.01818181818181818,0.028197457636741176
C.train.gold.bea19_005667,0.02889987549579797,0.02889987549579797,0.024382235449883088,0.02889987549579797
C.train.gold.bea19_005672,0.04215559685601471,0.03761014231056016,0.03761014231056016,0.03761014231056016
C.train.gold.bea19_005676,0.03882595144403889,0.022727272727272728,0.02727272727272727,0.034280496898584346
C.train.gold.bea19_005682,0.031130634782628924,0.031130634782628924,0.031130634782628924,0.031130634782628924
C.train.gold.bea19_005690,0.024372226101289578,0.024372226101289578,0.024372226101289578,0.024372226101289578
C.train.gold.bea19_005707,0.013636363636363636,0.013636363636363636,0.013636363636363636,0.013636363636363636
C.train.gold.bea19_005721,0.01818181818181818,0.01818181818181818,0.01818181818181818,0.01818181818181818
C.train.gold.bea19_005724,0.019836780904428555,0.019836780904428555,0.00909090909090909,0.019836780904428555
C.train.gold.bea19_005726,0.02401401301711354,0.02401401301711354,0.04042898555499119,0.02401401301711354
C.train.gold.bea19_005739,0.04706041118301099,0.039232845691875386,0.03140528020073979,0.03140528020073979
C.train.gold.bea19_005767,0.050700723781904794,0.0416098146909957,0.0416098146909957,0.0416098146909957
C.train.gold.bea19_005772,0.02727272727272727,0.03431829842512222,0.02727272727272727,0.02727272727272727
C.train.gold.bea19_005785,0.00909090909090909,0.00909090909090909,0.00909090909090909,0.00909090909090909
C.train.gold.bea19_005789,0.06065149004489854,0.05555171177438854,0.05555171177438854,0.05555171177438854
C.train.gold.bea19_005805,0.02387683696256563,0.02387683696256563,0.02387683696256563,0.02387683696256563
C.train.gold.bea19_005817,0.014014075509430686,0.014014075509430686,0.014014075509430686,0.014014075509430686
C.train.gold.bea19_005826,0.03636363636363636,0.031818181818181815,0.031818181818181815,0.031818181818181815
C.train.gold.bea19_005842,0.022727272727272728,0.022727272727272728,0.022727272727272728,0.022727272727272728
C.train.gold.bea19_005919,0.013636363636363636,0.013636363636363636,0.013636363636363636,0.013636363636363636
C.train.gold.bea19_005926,0.013636363636363636,0.013636363636363636,0.00909090909090909,0.013636363636363636
C.train.gold.bea19_005938,0.02727272727272727,0.02727272727272727,0.02727272727272727,0.02727272727272727
C.train.gold.bea19_005953,0.034096891174596466,0.045120041910000304,0.04057458736454576,0.04057458736454576
C.train.gold.bea19_005965,0.0446215519586643,0.040076097413209756,0.03604984685916237,0.03604984685916237
C.train.gold.bea19_005987,0.01818181818181818,0.01818181818181818,0.01818181818181818,0.01818181818181818
C.train.gold.bea19_006023,0.03923227654184654,0.03923227654184654,0.00909090909090909,0.03923227654184654
C.train.gold.bea19_006043,0.00909090909090909,0.00909090909090909,0.00909090909090909,0.00909090909090909
C.train.gold.bea19_006044,0.02727272727272727,0.02727272727272727,0.02727272727272727,0.02727272727272727
C.train.gold.bea19_006048,0.022727272727272728,0.022727272727272728,0.00909090909090909,0.013636363636363636
C.train.gold.bea19_006049,0.00909090909090909,0.00909090909090909,0.00909090909090909,0.00909090909090909
C.train.gold.bea19_006058,0.004545454545454545,0.004545454545454545,0.004545454545454545,0.00909090909090909
C.train.gold.bea19_006072,0.00909090909090909,0.00909090909090909,0.00909090909090909,0.00909090909090909
C.train.gold.bea19_006122,0.00909090909090909,0.00909090909090909,0.00909090909090909,0.00909090909090909
C.train.gold.bea19_006129,0.10094366338535417,0.11817654662454627,0.11169714363557323,0.09722944584372888
C.train.gold.bea19_006160,0.018448195504332725,0.018448195504332725,0.018448195504332725,0.018448195504332725
C.train.gold.bea19_006163,0.00909090909090909,0.00909090909090909,0.00909090909090909,0.00909090909090909
C.train.gold.bea19_006183,0.03224800794902275,0.03224800794902275,0.03224800794902275,0.03224800794902275
C.train.gold.bea19_006197,0.03633849675200697,0.03633849675200697,0.01818181818181818,0.03633849675200697
C.train.gold.bea19_006213,0.004545454545454545,0.004545454545454545,0.004545454545454545,0.004545454545454545
C.train.gold.bea19_006221,0.031818181818181815,0.02727272727272727,0.031818181818181815,0.031818181818181815
C.train.gold.bea19_006238,0.031818181818181815,0.031818181818181815,0.02740800688412477,0.02740800688412477
C.train.gold.bea19_006271,0.01818181818181818,0.01818181818181818,0.01818181818181818,0.01818181818181818
C.train.gold.bea19_006309,0.00909090909090909,0.00909090909090909,0.00909090909090909,0.00909090909090909
C.train.gold.bea19_006310,0.04245754915860596,0.04245754915860596,0.04245754915860596,0.04245754915860596
C.train.gold.bea19_006323,0.013636363636363636,0.016932381831814544,0.00909090909090909,0.00909090909090909
C.train.gold.bea19_006324,0.04255014638193146,0.04255014638193146,0.04255014638193146,0.04255014638193146
C.train.gold.bea19_006333,0.01910654854583207,0.01910654854583207,0.01910654854583207,0.01910654854583207
C.train.gold.bea19_006340,0.03636363636363636,0.031818181818181815,0.031818181818181815,0.031818181818181815
C.train.gold.bea19_006354,0.01818181818181818,0.01818181818181818,0.01818181818181818,0.01818181818181818
C.train.gold.bea19_006375,0.027451885372703367,0.027451885372703367,0.027451885372703367,0.027451885372703367
C.train.gold.bea19_006380,0.004545454545454545,0.004545454545454545,0.004545454545454545,0.004545454545454545
C.train.gold.bea19_006393,0.01818181818181818,0.01818181818181818,0.01818181818181818,0.01818181818181818
C.train.gold.bea19_006404,0.020772958402092707,0.019285476871809197,0.019285476871809197,0.020772958402092707
C.train.gold.bea19_006453,0.004545454545454545,0.00909090909090909,0.00909090909090909,0.004545454545454545
C.train.gold.bea19_006470,0.022727272727272728,0.013636363636363636,0.013636363636363636,0.013636363636363636
C.train.gold.bea19_006471,0.00909090909090909,0.00909090909090909,0.00909090909090909,0.00909090909090909
C.train.gold.bea19_006485,0.01977167691414238,0.01977167691414238,0.01977167691414238,0.01977167691414238
C.train.gold.bea19_006487,0.013636363636363636,0.013636363636363636,0.013636363636363636,0.013636363636363636
C.train.gold.bea19_006489,0.028920983622577744,0.028920983622577744,0.028920983622577744,0.028920983622577744
C.train.gold.bea19_006492,0.039791528449198005,0.022727272727272728,0.02727272727272727,0.02727272727272727
C.train.gold.bea19_006512,0.045011729591192255,0.03137536595482862,0.03592082050028316,0.03592082050028316
C.train.gold.bea19_006518,0.0396389499152254,0.02475212618820741,0.020206671642752864,0.02475212618820741
C.train.gold.bea19_006537,0.00909090909090909,0.00909090909090909,0.00909090909090909,0.00909090909090909
C.train.gold.bea19_006565,0.00909090909090909,0.00909090909090909,0.00909090909090909,0.00909090909090909
C.train.gold.bea19_006574,0.00909090909090909,0.00909090909090909,0.00909090909090909,0.00909090909090909
C.train.gold.bea19_006583,0.052126527159010526,0.04758107261355598,0.04758107261355598,0.04758107261355598
C.train.gold.bea19_006611,0.06971853379753629,0.060627624706627206,0.05777981375376632,0.05323435920831177
C.train.gold.bea19_006616,0.01818181818181818,0.01818181818181818,0.01818181818181818,0.01818181818181818
C.train.gold.bea19_006633,0.030568745468178168,0.030568745468178168,0.030568745468178168,0.030568745468178168
C.train.gold.bea19_006634,0.05454545454545454,0.05454545454545454,0.05,0.05454545454545454
C.train.gold.bea19_006652,0.045454545454545456,0.045454545454545456,0.045454545454545456,0.04090909090909091
C.train.gold.bea19_006661,0.045999382416116646,0.04090909090909091,0.04090909090909091,0.04090909090909091
C.train.gold.bea19_006680,0.00909090909090909,0.00909090909090909,0.00909090909090909,0.00909090909090909
C.train.gold.bea19_006687,0.00909090909090909,0.00909090909090909,0.00909090909090909,0.00909090909090909
C.train.gold.bea19_006694,0.02066945851996592,0.030523559549380536,0.00909090909090909,0.00909090909090909
C.train.gold.bea19_006724,0.031818181818181815,0.031818181818181815,0.031818181818181815,0.031818181818181815
C.train.gold.bea19_006756,0.0715360279612817,0.054351467926369225,0.054351467926369225,0.054351467926369225
C.train.gold.bea19_006771,0.01818181818181818,0.01818181818181818,0.01818181818181818,0.01818181818181818
C.train.gold.bea19_006784,0.004545454545454545,0.004545454545454545,0.004545454545454545,0.004545454545454545
C.train.gold.bea19_006793,0.03522727272727271,0.015164587321250077,0.015164587321250077,0.015164587321250077
C.train.gold.bea19_006811,0.004545454545454545,0.004545454545454545,0.004545454545454545,0.004545454545454545
C.train.gold.bea19_006834,0.032793296450806766,0.017423414727534094,0.00909090909090909,0.00909090909090909
C.train.gold.bea19_006841,0.01818181818181818,0.01818181818181818,0.01818181818181818,0.01818181818181818
C.train.gold.bea19_006856,0.03862494183858938,0.040288677481411725,0.01818181818181818,0.01818181818181818
C.train.gold.bea19_006861,0.05833778246501208,0.05315550202446304,0.04601890725873397,0.05315550202446304
C.train.gold.bea19_006888,0.13550183735186655,0.11999595012405712,0.11545049557860257,0.11999595012405712
C.train.gold.bea19_006897,0.03955550848076216,0.03955550848076216,0.023317261192980443,0.03955550848076216
C.train.gold.bea19_006898,0.03761231318019003,0.03761231318019003,0.00909090909090909,0.03761231318019003
C.train.gold.bea19_006918,0.08672014260249553,0.07715444057697769,0.06366614272311426,0.06366614272311426
C.train.gold.bea19_006967,0.004545454545454545,0.007799750991595937,0.004545454545454545,0.004545454545454545
C.train.gold.bea19_006969,0.004545454545454545,0.004545454545454545,0.004545454545454545,0.004545454545454545
C.train.gold.bea19_006974,0.013636363636363636,0.013636363636363636,0.013636363636363636,0.013636363636363636
C.train.gold.bea19_007008,0.04090909090909091,0.04090909090909091,0.04090909090909091,0.04090909090909091
C.train.gold.bea19_007013,0.03899875495797969,0.03899875495797969,0.02727272727272727,0.04322425494723129
C.train.gold.bea19_007050,0.00909090909090909,0.00909090909090909,0.00909090909090909,0.00909090909090909
C.train.gold.bea19_007052,0.00909090909090909,0.00909090909090909,0.00909090909090909,0.00909090909090909
C.train.gold.bea19_007061,0.06434424808576446,0.05100797037127262,0.05100797037127262,0.05100797037127262
C.train.gold.bea19_007074,0.03282993423893731,0.03282993423893731,0.03282993423893731,0.03282993423893731
C.train.gold.bea19_007075,0.02727272727272727,0.02727272727272727,0.02727272727272727,0.02727272727272727
C.train.gold.bea19_007078,0.024362013201477663,0.024362013201477663,0.024362013201477663,0.024362013201477663
C.train.gold.bea19_007093,0.10001358444805357,0.09092267535714448,0.06130187625415848,0.06130187625415848
C.train.gold.bea19_007099,0.014984755556355436,0.014984755556355436,0.014984755556355436,0.014984755556355436
C.train.gold.bea19_007109,0.06014695217117893,0.06014695217117893,0.06014695217117893,0.06014695217117893
C.train.gold.bea19_007119,0.02473422363206319,0.02727272727272727,0.02727272727272727,0.02727272727272727
C.train.gold.bea19_007158,0.00909090909090909,0.00909090909090909,0.00909090909090909,0.00909090909090909
C.train.gold.bea19_007189,0.00909090909090909,0.013636363636363636,0.00909090909090909,0.013636363636363636
C.train.gold.bea19_007197,0.01818181818181818,0.00909090909090909,0.004545454545454545,0.00909090909090909
C.train.gold.bea19_007262,0.029261363636363634,0.029261363636363634,0.00909090909090909,0.029261363636363634
C.train.gold.bea19_007265,0.01818181818181818,0.01818181818181818,0.01818181818181818,0.01818181818181818
C.train.gold.bea19_007266,0.030708997357059148,0.030708997357059148,0.0261635428116046,0.030708997357059148
C.train.gold.bea19_007267,0.02727272727272727,0.02727272727272727,0.02727272727272727,0.02727272727272727
C.train.gold.bea19_007284,0.00909090909090909,0.00909090909090909,0.00909090909090909,0.00909090909090909
C.train.gold.bea19_007287,0.06715291107816476,0.04865846769400838,0.04865846769400838,0.04865846769400838
C.train.gold.bea19_007289,0.07980972515856236,0.06453136398124747,0.06453136398124747,0.06453136398124747
C.train.gold.bea19_007294,0.01715291107816477,0.030757996045500613,0.030757996045500613,0.030757996045500613
C.train.gold.bea19_007323,0.019323206037928215,0.019323206037928215,0.00909090909090909,0.00909090909090909
C.train.gold.bea19_007336,0.00909090909090909,0.00909090909090909,0.00909090909090909,0.00909090909090909
C.train.gold.bea19_007341,0.03636363636363636,0.03636363636363636,0.031818181818181815,0.031818181818181815
C.train.gold.bea19_007348,0.00909090909090909,0.00909090909090909,0.00909090909090909,0.00909090909090909
C.train.gold.bea19_007357,0.026243820169073864,0.026243820169073864,0.026243820169073864,0.026243820169073864
C.train.gold.bea19_007364,0.03510029276386289,0.03510029276386289,0.03510029276386289,0.03510029276386289
C.train.gold.bea19_007382,0.02727272727272727,0.02727272727272727,0.02727272727272727,0.02727272727272727
C.train.gold.bea19_007386,0.057631908292442205,0.04074675324675324,0.04074675324675324,0.04074675324675324
C.train.gold.bea19_007434,0.00909090909090909,0.00909090909090909,0.00909090909090909,0.00909090909090909
C.train.gold.bea19_007446,0.013650270886133473,0.013636363636363636,0.00909090909090909,0.013650270886133473
C.train.gold.bea19_007448,0.0387080013248371,0.023182238469743058,0.022727272727272728,0.025071637688473467
C.train.gold.bea19_007451,0.02727272727272727,0.02727272727272727,0.02727272727272727,0.02727272727272727
C.train.gold.bea19_007462,0.06812497937241795,0.034279765027442614,0.02727272727272727,0.02727272727272727
C.train.gold.bea19_007469,0.00909090909090909,0.00909090909090909,0.00909090909090909,0.00909090909090909
C.train.gold.bea19_007484,0.045454545454545456,0.045454545454545456,0.045454545454545456,0.045454545454545456
C.train.gold.bea19_007486,0.03108759286343739,0.03108759286343739,0.01818181818181818,0.03108759286343739
C.train.gold.bea19_007491,0.00909090909090909,0.00909090909090909,0.00909090909090909,0.00909090909090909
C.train.gold.bea19_007495,0.01818181818181818,0.01818181818181818,0.01818181818181818,0.01818181818181818
C.train.gold.bea19_007503,0.02143611462795958,0.02143611462795958,0.02143611462795958,0.02143611462795958
C.train.gold.bea19_007504,0.022727272727272728,0.022727272727272728,0.022727272727272728,0.022727272727272728
C.train.gold.bea19_007514,0.02727272727272727,0.02727272727272727,0.02727272727272727,0.02727272727272727
C.train.gold.bea19_007537,0.053030303030303025,0.04848484848484848,0.053030303030303025,0.04848484848484848
C.train.gold.bea19_007560,0.025502426038446196,0.02095697149299165,0.02095697149299165,0.02095697149299165
C.train.gold.bea19_007636,0.07856487936788334,0.07912891316820767,0.07827500423617625,0.06947397027697425
C.train.gold.bea19_007647,0.020643401391078977,0.00909090909090909,0.00909090909090909,0.00909090909090909
C.train.gold.bea19_007651,0.00909090909090909,0.00909090909090909,0.00909090909090909,0.00909090909090909
C.train.gold.bea19_007675,0.013636363636363636,0.013636363636363636,0.00909090909090909,0.00909090909090909
C.train.gold.bea19_007681,0.01818181818181818,0.01818181818181818,0.01818181818181818,0.01818181818181818
C.train.gold.bea19_007691,0.04087416655387345,0.04087416655387345,0.022727272727272728,0.022727272727272728
C.train.gold.bea19_007692,0.01818181818181818,0.01818181818181818,0.01818181818181818,0.01818181818181818
C.train.gold.bea19_007709,0.033334972471523006,0.033334972471523006,0.033334972471523006,0.033334972471523006
C.train.gold.bea19_007723,0.024596214152351397,0.024596214152351397,0.024596214152351397,0.024596214152351397
C.train.gold.bea19_007727,0.00909090909090909,0.00909090909090909,0.00909090909090909,0.00909090909090909
C.train.gold.bea19_007741,0.06954936440918527,0.06929730965517497,0.06929730965517497,0.06929730965517497
C.train.gold.bea19_007754,0.037902125869424354,0.028811216778515263,0.03335667132396981,0.028811216778515263
C.train.gold.bea19_007767,0.01818181818181818,0.01818181818181818,0.01818181818181818,0.01818181818181818
C.train.gold.bea19_007774,0.06023990288114273,0.06023990288114273,0.055694448335688186,0.06023990288114273
C.train.gold.bea19_007775,0.00909090909090909,0.00909090909090909,0.00909090909090909,0.00909090909090909
C.train.gold.bea19_007785,0.01818181818181818,0.02455066769709554,0.01818181818181818,0.01818181818181818
C.train.gold.bea19_007813,0.08734367224509464,0.08279821769964009,0.08279821769964009,0.08279821769964009
C.train.gold.bea19_007820,0.01818181818181818,0.022727272727272728,0.01818181818181818,0.01818181818181818
C.train.gold.bea19_007838,0.00909090909090909,0.00909090909090909,0.00909090909090909,0.00909090909090909
C.train.gold.bea19_007907,0.03947716653330376,0.034931711987849216,0.03947716653330376,0.034931711987849216
C.train.gold.bea19_007935,0.052352474838769245,0.052352474838769245,0.052352474838769245,0.052352474838769245
C.train.gold.bea19_007940,0.01818181818181818,0.01818181818181818,0.01818181818181818,0.01818181818181818
C.train.gold.bea19_007948,0.08091611661223952,0.08091611661223952,0.0696139053100282,0.08091611661223952
C.train.gold.bea19_007998,0.0061726027685252375,0.0061726027685252375,0.00909090909090909,0.00909090909090909
C.train.gold.bea19_008000,0.03702651515151513,0.02727272727272727,0.02727272727272727,0.02727272727272727
C.train.gold.bea19_008015,0.02727272727272727,0.02727272727272727,0.02727272727272727,0.02727272727272727
C.train.gold.bea19_008088,0.1114648028891409,0.08049630507902694,0.08049630507902694,0.07073296916426312
C.train.gold.bea19_008101,0.051179604719336254,0.04663415017388171,0.04663415017388171,0.04663415017388171
C.train.gold.bea19_008111,0.013636363636363636,0.013636363636363636,0.00909090909090909,0.013636363636363636
C.train.gold.bea19_008124,0.05,0.05,0.05,0.05
C.train.gold.bea19_008163,0.0532960181954509,0.04772727272727272,0.01818181818181818,0.04772727272727272
C.train.gold.bea19_008165,0.01671334264793962,0.00909090909090909,0.00909090909090909,0.00909090909090909
C.train.gold.bea19_008169,0.051778656126482206,0.051778656126482206,0.051778656126482206,0.051778656126482206
C.train.gold.bea19_008215,0.029166252818312487,0.029166252818312487,0.029166252818312487,0.029166252818312487
C.train.gold.bea19_008216,0.11954594358696917,0.07789455130903365,0.09866587224286816,0.08360708881539358
C.train.gold.bea19_008218,0.04430085986182661,0.04430085986182661,0.04430085986182661,0.04430085986182661
C.train.gold.bea19_008239,0.03357645553908238,0.024485546448173294,0.024485546448173294,0.024485546448173294
C.train.gold.bea19_008286,0.01818181818181818,0.01818181818181818,0.01818181818181818,0.01818181818181818
C.train.gold.bea19_008287,0.03133971291866027,0.00909090909090909,0.013636363636363636,0.013636363636363636
C.train.gold.bea19_008303,0.07591621774245023,0.06537731852844654,0.04873285239489883,0.04873285239489883
C.train.gold.bea19_008305,0.00909090909090909,0.00909090909090909,0.00909090909090909,0.00909090909090909
C.train.gold.bea19_008306,0.024616671946003178,0.02007121740054863,0.02007121740054863,0.02007121740054863
C.train.gold.bea19_008313,0.01844819550433271,0.00909090909090909,0.00909090909090909,0.013902740958878166
C.train.gold.bea19_008319,0.06547465332516074,0.06547465332516074,0.06547465332516074,0.06547465332516074
C.train.gold.bea19_008351,0.0335335599516673,0.03777025534035682,0.031818181818181815,0.031818181818181815
C.train.gold.bea19_008360,0.05573950583568702,0.05573950583568702,0.05573950583568702,0.05573950583568702
C.train.gold.bea19_008375,0.07052618314301895,0.06818181818181818,0.06818181818181818,0.06818181818181818
C.train.gold.bea19_008376,0.03641951159930251,0.03641951159930251,0.03641951159930251,0.03641951159930251
C.train.gold.bea19_008387,0.02914083274612831,0.02914083274612831,0.03503518877357671,0.028881230750424713
C.train.gold.bea19_008388,0.01818181818181818,0.01818181818181818,0.01818181818181818,0.01818181818181818
C.train.gold.bea19_008389,0.03658594886859347,0.03658594886859347,0.03658594886859347,0.03658594886859347
C.train.gold.bea19_008393,0.025318412947547254,0.01818181818181818,0.01818181818181818,0.01818181818181818
C.train.gold.bea19_008427,0.02727272727272727,0.022727272727272728,0.022727272727272728,0.022727272727272728
C.train.gold.bea19_008444,0.02727272727272727,0.02727272727272727,0.022727272727272728,0.02727272727272727
C.train.gold.bea19_008457,0.00909090909090909,0.00909090909090909,0.00909090909090909,0.00909090909090909
C.train.gold.bea19_008493,0.013636363636363636,0.013636363636363636,0.013636363636363636,0.013636363636363636
C.train.gold.bea19_008494,0.016713342647939635,0.016713342647939635,0.00909090909090909,0.016713342647939635
C.train.gold.bea19_008530,0.00909090909090909,0.00909090909090909,0.00909090909090909,0.00909090909090909
C.train.gold.bea19_008539,0.013636363636363636,0.01818181818181818,0.01818181818181818,0.013636363636363636
C.train.gold.bea19_008546,0.05425547675411063,0.04904944924376303,0.04726747950111225,0.04726747950111225
C.train.gold.bea19_008578,0.00909090909090909,0.00909090909090909,0.00909090909090909,0.00909090909090909
C.train.gold.bea19_008594,0.013636363636363636,0.013636363636363636,0.013636363636363636,0.013636363636363636
C.train.gold.bea19_008599,0.00909090909090909,0.00909090909090909,0.00909090909090909,0.00909090909090909
C.train.gold.bea19_008650,0.00909090909090909,0.00909090909090909,0.00909090909090909,0.00909090909090909
C.train.gold.bea19_008660,0.029545454545454534,0.029545454545454534,0.01818181818181818,0.01818181818181818
C.train.gold.bea19_008694,0.04090909090909091,0.04090909090909091,0.04090909090909091,0.04090909090909091
C.train.gold.bea19_008696,0.03671965140313496,0.03671965140313496,0.01818181818181818,0.03671965140313496
C.train.gold.bea19_008714,0.01901708195439163,0.014471627408937085,0.01901708195439163,0.01901708195439163
C.train.gold.bea19_008718,0.03636363636363636,0.03636363636363636,0.03636363636363636,0.03636363636363636
C.train.gold.bea19_008723,0.022727272727272728,0.022727272727272728,0.022727272727272728,0.022727272727272728
C.train.gold.bea19_008735,0.01818181818181818,0.014406687868317562,0.00909090909090909,0.014406687868317562
C.train.gold.bea19_008736,0.04206613026457425,0.04206613026457425,0.03636363636363636,0.04206613026457425
C.train.gold.bea19_008751,0.01818181818181818,0.01818181818181818,0.01818181818181818,0.01818181818181818
C.train.gold.bea19_008762,0.03636363636363636,0.03636363636363636,0.03636363636363636,0.03636363636363636
C.train.gold.bea19_008765,0.00909090909090909,0.00909090909090909,0.00909090909090909,0.00909090909090909
C.train.gold.bea19_008780,0.051747984355721845,0.051747984355721845,0.03432521829223084,0.03432521829223084
C.train.gold.bea19_008782,0.019238272476833847,0.019238272476833847,0.00909090909090909,0.00909090909090909
C.train.gold.bea19_008812,0.00909090909090909,0.00909090909090909,0.00909090909090909,0.00909090909090909
C.train.gold.bea19_008820,0.03662371677851523,0.03662371677851523,0.03662371677851523,0.03662371677851523
C.train.gold.bea19_008847,0.026179587639568715,0.013636363636363636,0.013636363636363636,0.013636363636363636
C.train.gold.bea19_008860,0.034357077311097314,0.029956550947454728,0.029956550947454728,0.029956550947454728
C.train.gold.bea19_008873,0.030752234610040324,0.03529768915549487,0.02727272727272727,0.030752234610040324
C.train.gold.bea19_008891,0.022727272727272728,0.02727272727272727,0.02727272727272727,0.02727272727272727
C.train.gold.bea19_008908,0.013636363636363636,0.013636363636363636,0.013636363636363636,0.013636363636363636
C.train.gold.bea19_008915,0.04329357840496355,0.035010053935307615,0.00909090909090909,0.02063333282606704
C.train.gold.bea19_008962,0.03858548255743547,0.03858548255743547,0.03858548255743547,0.03858548255743547
C.train.gold.bea19_008978,0.018997455456780922,0.018997455456780922,0.018997455456780922,0.018997455456780922
C.train.gold.bea19_008980,0.013636363636363636,0.013636363636363636,0.013636363636363636,0.013636363636363636
C.train.gold.bea19_008992,0.021403242946685438,0.021403242946685438,0.021403242946685438,0.021403242946685438
C.train.gold.bea19_009008,0.00909090909090909,0.00909090909090909,0.00909090909090909,0.00909090909090909
C.train.gold.bea19_009016,0.01818181818181818,0.01818181818181818,0.01818181818181818,0.01818181818181818
C.train.gold.bea19_009033,0.04226212997954297,0.031818181818181815,0.031818181818181815,0.04090909090909091
C.train.gold.bea19_009040,0.04090909090909091,0.042979117952267026,0.042979117952267026,0.042979117952267026
C.train.gold.bea19_009054,0.01818181818181818,0.01818181818181818,0.01818181818181818,0.01818181818181818
C.train.gold.bea19_009056,0.022727272727272728,0.022727272727272728,0.022727272727272728,0.022727272727272728
C.train.gold.bea19_009064,0.03395868895666946,0.024867779865760376,0.03395868895666946,0.02941323441121492
C.train.gold.bea19_009072,0.025332076896340632,0.025332076896340632,0.01818181818181818,0.01818181818181818
C.train.gold.bea19_009077,0.10106765937379657,0.10234748231686538,0.08636363636363636,0.08636363636363636
C.train.gold.bea19_009100,0.00909090909090909,0.00909090909090909,0.00909090909090909,0.00909090909090909
C.train.gold.bea19_009101,0.024696539294681356,0.024696539294681356,0.01818181818181818,0.024696539294681356
C.train.gold.bea19_009113,0.04699435729902769,0.04699435729902769,0.04699435729902769,0.04699435729902769
C.train.gold.bea19_009117,0.04630736252228197,0.041761907976827425,0.041761907976827425,0.041761907976827425
C.train.gold.bea19_009143,0.01770423419404037,0.01770423419404037,0.01770423419404037,0.01770423419404037
C.train.gold.bea19_009145,0.00909090909090909,0.00909090909090909,0.00909090909090909,0.00909090909090909
C.train.gold.bea19_009153,0.025698686543480433,0.025698686543480433,0.025698686543480433,0.025698686543480433
C.train.gold.bea19_009162,0.024908874853042197,0.01818181818181818,0.013636363636363636,0.01818181818181818
C.train.gold.bea19_009177,0.08985835612629986,0.051995790427102236,0.08209803255391011,0.08664348709936466
C.train.gold.bea19_009191,0.030570812838110077,0.03511626738356462,0.02881253911720951,0.02881253911720951
C.train.gold.bea19_009207,0.037107031600148076,0.037107031600148076,0.037107031600148076,0.037107031600148076
C.train.gold.bea19_009225,0.022727272727272728,0.022727272727272728,0.022727272727272728,0.022727272727272728
C.train.gold.bea19_009229,0.0499835053383652,0.04405716849133811,0.04405716849133811,0.04405716849133811
C.train.gold.bea19_009237,0.03257360556431592,0.013636363636363636,0.00909090909090909,0.013636363636363636
C.train.gold.bea19_009240,0.05345763948960159,0.041559890234592924,0.013636363636363636,0.013636363636363636
C.train.gold.bea19_009243,0.013636363636363636,0.01818181818181818,0.01818181818181818,0.01818181818181818
C.train.gold.bea19_009256,0.04475319433400996,0.024999999999999988,0.024999999999999988,0.024999999999999988
C.train.gold.bea19_009276,0.00909090909090909,0.00909090909090909,0.00909090909090909,0.00909090909090909
C.train.gold.bea19_009279,0.00909090909090909,0.00909090909090909,0.00909090909090909,0.00909090909090909
C.train.gold.bea19_009285,0.00909090909090909,0.00909090909090909,0.00909090909090909,0.00909090909090909
C.train.gold.bea19_009289,0.03738222594435738,0.03283677139890284,0.03738222594435738,0.03738222594435738
C.train.gold.bea19_009311,0.06041666666666666,0.06097356132049354,0.05587121212121211,0.06097356132049354
C.train.gold.bea19_009317,0.027254082527354027,0.022727272727272728,0.027254082527354027,0.027254082527354027
C.train.gold.bea19_009346,0.024759947322950136,0.024759947322950136,0.024759947322950136,0.024759947322950136
C.train.gold.bea19_009347,0.018216530090249376,0.00909090909090909,0.00909090909090909,0.018216530090249376
C.train.gold.bea19_009364,0.05704015339985477,0.05265836844552674,0.022727272727272728,0.0411494582845569
C.train.gold.bea19_009369,0.01818181818181818,0.01818181818181818,0.01818181818181818,0.01818181818181818
C.train.gold.bea19_009389,0.018899034919948248,0.018899034919948248,0.018899034919948248,0.018899034919948248
C.train.gold.bea19_009414,0.013636363636363636,0.021477836377269077,0.01818181818181818,0.01818181818181818
C.train.gold.bea19_009416,0.030449769849465406,0.030449769849465406,0.018871220420408574,0.0338369491640894
C.train.gold.bea19_009450,0.00909090909090909,0.00909090909090909,0.00909090909090909,0.00909090909090909
C.train.gold.bea19_009457,0.051794366815651256,0.043020637841651915,0.043020637841651915,0.043020637841651915
C.train.gold.bea19_009458,0.00909090909090909,0.00909090909090909,0.00909090909090909,0.00909090909090909
C.train.gold.bea19_009459,0.01818181818181818,0.01818181818181818,0.01818181818181818,0.01818181818181818
C.train.gold.bea19_009469,0.018601251804194734,0.022669122361871477,0.022669122361871477,0.022669122361871477
C.train.gold.bea19_009473,0.06345609616159664,0.06345609616159664,0.06345609616159664,0.06345609616159664
C.train.gold.bea19_009474,0.03340875386638231,0.024317844775473222,0.03340875386638231,0.03340875386638231
C.train.gold.bea19_009507,0.01818181818181818,0.01818181818181818,0.01818181818181818,0.01818181818181818
C.train.gold.bea19_009508,0.04330032528876598,0.03875487074331143,0.029663961652402336,0.03875487074331143
C.train.gold.bea19_009519,0.033469956189162285,0.024379047098253195,0.04394799910228912,0.024379047098253195
C.train.gold.bea19_009520,0.01693238183181453,0.01693238183181453,0.01693238183181453,0.01693238183181453
C.train.gold.bea19_009541,0.013636363636363636,0.013636363636363636,0.013636363636363636,0.013636363636363636
C.train.gold.bea19_009548,0.01818181818181818,0.030522897392013876,0.01818181818181818,0.01818181818181818
C.train.gold.bea19_009567,0.02531841294754724,0.02531841294754724,0.02531841294754724,0.02531841294754724
C.train.gold.bea19_009570,0.14204787342165806,0.11421342091128453,0.10871892989456536,0.12199955843680155
C.train.gold.bea19_009576,0.04431089161702308,0.0337067750819379,0.0337067750819379,0.02916132053648336
C.train.gold.bea19_009579,0.00909090909090909,0.00909090909090909,0.00909090909090909,0.00909090909090909
C.train.gold.bea19_009581,0.01818181818181818,0.01818181818181818,0.01818181818181818,0.01818181818181818
C.train.gold.bea19_009624,0.018690064946133966,0.018690064946133966,0.018690064946133966,0.018690064946133966
C.train.gold.bea19_009627,0.04393939393939393,0.04393939393939393,0.01818181818181818,0.04393939393939393
C.train.gold.bea19_009651,0.03814229249011859,0.03814229249011859,0.03814229249011859,0.03814229249011859
C.train.gold.bea19_009684,0.012345205537050475,0.004545454545454545,0.004545454545454545,0.004545454545454545
C.train.gold.bea19_009703,0.09761195797022118,0.1036117542241817,0.1036117542241817,0.1036117542241817
C.train.gold.bea19_009704,0.01818181818181818,0.013636363636363636,0.01818181818181818,0.01818181818181818
C.train.gold.bea19_009740,0.03320643538277202,0.03320643538277202,0.03320643538277202,0.03320643538277202
C.train.gold.bea19_009744,0.013636363636363636,0.013636363636363636,0.00909090909090909,0.013636363636363636
C.train.gold.bea19_009753,0.022727272727272728,0.025188855936533524,0.01818181818181818,0.025188855936533524
C.train.gold.bea19_009761,0.01818181818181818,0.01818181818181818,0.01818181818181818,0.01818181818181818
C.train.gold.bea19_009818,0.0228903668382099,0.0228903668382099,0.0228903668382099,0.0228903668382099
C.train.gold.bea19_009829,0.022727272727272728,0.022727272727272728,0.022727272727272728,0.022727272727272728
C.train.gold.bea19_009830,0.03636363636363636,0.03636363636363636,0.03636363636363636,0.03636363636363636
C.train.gold.bea19_009835,0.00909090909090909,0.00909090909090909,0.00909090909090909,0.00909090909090909
C.train.gold.bea19_009838,0.013636363636363636,0.013636363636363636,0.00909090909090909,0.013636363636363636
C.train.gold.bea19_009877,0.00909090909090909,0.00909090909090909,0.00909090909090909,0.00909090909090909
C.train.gold.bea19_009890,0.00909090909090909,0.00909090909090909,0.00909090909090909,0.00909090909090909
C.train.gold.bea19_009893,0.09017288996302257,0.09017288996302257,0.09017288996302257,0.09017288996302257
C.train.gold.bea19_009909,0.00909090909090909,0.00909090909090909,0.00909090909090909,0.00909090909090909
C.train.gold.bea19_009948,0.03965866132303725,0.03965866132303725,0.03965866132303725,0.03965866132303725
C.train.gold.bea19_009954,0.016031223267085885,0.016031223267085885,0.00909090909090909,0.00909090909090909
C.train.gold.bea19_009958,0.00909090909090909,0.00909090909090909,0.00909090909090909,0.00909090909090909
C.train.gold.bea19_009969,0.019808966404888873,0.019808966404888873,0.019808966404888873,0.019808966404888873
C.train.gold.bea19_009972,0.013636363636363636,0.013636363636363636,0.013636363636363636,0.013636363636363636
C.train.gold.bea19_009983,0.00909090909090909,0.00909090909090909,0.00909090909090909,0.00909090909090909
C.train.gold.bea19_010000,0.02437042794648474,0.02437042794648474,0.02437042794648474,0.02437042794648474
C.train.gold.bea19_010005,0.013636363636363636,0.013636363636363636,0.013636363636363636,0.013636363636363636
C.train.gold.bea19_010025,0.024171976994113872,0.024171976994113872,0.024171976994113872,0.024171976994113872
C.train.gold.bea19_010028,0.045119541342292596,0.033730658241936565,0.033730658241936565,0.033730658241936565
C.train.gold.bea19_010030,0.013636363636363636,0.013636363636363636,0.00909090909090909,0.013636363636363636
C.train.gold.bea19_010039,0.01768979205004861,0.01768979205004861,0.01768979205004861,0.01768979205004861
C.train.gold.bea19_010085,0.043181818181818175,0.021512760732486525,0.03863636363636363,0.03863636363636363
C.train.gold.bea19_010091,0.015277419109204157,0.00909090909090909,0.00909090909090909,0.00909090909090909
C.train.gold.bea19_010121,0.00909090909090909,0.00909090909090909,0.00909090909090909,0.00909090909090909
C.train.gold.bea19_010133,0.013636363636363636,0.015244867114061075,0.013636363636363636,0.019790321659515622
C.train.gold.bea19_010136,0.022727272727272728,0.022727272727272728,0.01818181818181818,0.022727272727272728
C.train.gold.bea19_010143,0.025493737698452017,0.025493737698452017,0.025493737698452017,0.025493737698452017
C.train.gold.bea19_010148,0.030411634522497098,0.030411634522497098,0.022727272727272728,0.022727272727272728
C.train.gold.bea19_010198,0.01818181818181818,0.01818181818181818,0.01818181818181818,0.01818181818181818
C.train.gold.bea19_010254,0.00909090909090909,0.00909090909090909,0.00909090909090909,0.00909090909090909
C.train.gold.bea19_010268,0.00909090909090909,0.00909090909090909,0.00909090909090909,0.00909090909090909
C.train.gold.bea19_010281,0.061735634438177006,0.05719017989272246,0.04324200491057523,0.05719017989272246
C.train.gold.bea19_010283,0.029748217731757922,0.029748217731757922,0.029748217731757922,0.029748217731757922
C.train.gold.bea19_010288,0.00909090909090909,0.00909090909090909,0.00909090909090909,0.00909090909090909
C.train.gold.bea19_010301,0.05618433510762488,0.03943726995918818,0.043982724504642724,0.043982724504642724
C.train.gold.bea19_010339,0.02727272727272727,0.01818181818181818,0.01818181818181818,0.01818181818181818
C.train.gold.bea19_010340,0.00909090909090909,0.00909090909090909,0.00909090909090909,0.00909090909090909
C.train.gold.bea19_010354,0.04090909090909091,0.04090909090909091,0.04090909090909091,0.04090909090909091
C.train.gold.bea19_010373,0.01818181818181818,0.02888123075042473,0.01818181818181818,0.01818181818181818
C.train.gold.bea19_010383,0.05547945490697578,0.01818181818181818,0.01818181818181818,0.01818181818181818
C.train.gold.bea19_010384,0.04246119733924612,0.03828906820045949,0.03828906820045949,0.03828906820045949
C.train.gold.bea19_010392,0.00909090909090909,0.013799457747300806,0.00909090909090909,0.013799457747300806
C.train.gold.bea19_010408,0.07237963789179917,0.07237963789179917,0.05821879873096002,0.07237963789179917
C.train.gold.bea19_010410,0.013636363636363636,0.013636363636363636,0.013636363636363636,0.013636363636363636
C.train.gold.bea19_010415,0.029522928090575738,0.029522928090575738,0.029522928090575738,0.029522928090575738
C.train.gold.bea19_010417,0.01818181818181818,0.01818181818181818,0.01818181818181818,0.01818181818181818
C.train.gold.bea19_010474,0.02835285700485113,0.023807402459396585,0.023807402459396585,0.023807402459396585
C.train.gold.bea19_010505,0.030932550091475396,0.01818181818181818,0.01818181818181818,0.01818181818181818
C.train.gold.bea19_010509,0.06066161069583744,0.06066161069583744,0.06066161069583744,0.06066161069583744
C.train.gold.bea19_010537,0.041049802809254715,0.00909090909090909,0.00909090909090909,0.00909090909090909
C.train.gold.bea19_010553,0.04411985161682238,0.03288843538742564,0.03288843538742564,0.03288843538742564
C.train.gold.bea19_010558,0.022180040082423913,0.022180040082423913,0.022180040082423913,0.022180040082423913
C.train.gold.bea19_010574,0.039017736999313275,0.039017736999313275,0.02881776421904426,0.02881776421904426
C.train.gold.bea19_010582,0.013636363636363636,0.013636363636363636,0.00909090909090909,0.013636363636363636
C.train.gold.bea19_010591,0.02862162875472113,0.02862162875472113,0.02862162875472113,0.02862162875472113
C.train.gold.bea19_010617,0.03636363636363636,0.03636363636363636,0.03636363636363636,0.03636363636363636
C.train.gold.bea19_010619,0.02727272727272727,0.02727272727272727,0.02727272727272727,0.02727272727272727
C.train.gold.bea19_010627,0.03967024671644536,0.022727272727272728,0.022727272727272728,0.022727272727272728
C.train.gold.bea19_010646,0.01818181818181818,0.01818181818181818,0.01818181818181818,0.01818181818181818
C.train.gold.bea19_010656,0.06380471380471378,0.045454545454545456,0.045454545454545456,0.05072561391031251
C.train.gold.bea19_010670,0.3106829839525148,0.29146186615857883,0.30656358974364534,0.30656358974364534
C.train.gold.bea19_010673,0.01818181818181818,0.01818181818181818,0.013636363636363636,0.01818181818181818
C.train.gold.bea19_010704,0.01818181818181818,0.01818181818181818,0.01818181818181818,0.01818181818181818
C.train.gold.bea19_010711,0.03629378765320145,0.03629378765320145,0.03629378765320145,0.03629378765320145
C.train.gold.bea19_010743,0.03636363636363636,0.03636363636363636,0.03636363636363636,0.03636363636363636
C.train.gold.bea19_010759,0.034823039440772856,0.034823039440772856,0.034823039440772856,0.034823039440772856
C.train.gold.bea19_010761,0.03887820529145204,0.03887820529145204,0.03887820529145204,0.03887820529145204
ABC.train.gold.bea19_000007,0.03931668374216475,0.03931668374216475,0.031818181818181815,0.03931668374216475
ABC.train.gold.bea19_000008,0.05507449139005562,0.06290604919890491,0.04727794042436827,0.06290604919890491
ABC.train.gold.bea19_000010,0.04017932965105482,0.022727272727272728,0.022727272727272728,0.022727272727272728
ABC.train.gold.bea19_000013,0.022727272727272728,0.022727272727272728,0.01818181818181818,0.022727272727272728
ABC.train.gold.bea19_000022,0.13602645780217124,0.12137999315570656,0.09865272042843384,0.09865272042843384
ABC.train.gold.bea19_000023,0.031818181818181815,0.024598004301401397,0.024598004301401397,0.024598004301401397
ABC.train.gold.bea19_000100,0.013636363636363636,0.013636363636363636,0.013636363636363636,0.013636363636363636
ABC.train.gold.bea19_000136,0.05185028479776718,0.05746823644012288,0.04782422553946601,0.04782422553946601
ABC.train.gold.bea19_000174,0.03361877233948499,0.03361877233948499,0.03361877233948499,0.03361877233948499
ABC.train.gold.bea19_000175,0.055895931279354154,0.055895931279354154,0.055895931279354154,0.055895931279354154
ABC.train.gold.bea19_000179,0.043474584302370646,0.0389291297569161,0.0389291297569161,0.0389291297569161
ABC.train.gold.bea19_000196,0.01818181818181818,0.013636363636363636,0.013636363636363636,0.013636363636363636
ABC.train.gold.bea19_000199,0.023161577173153192,0.023161577173153192,0.013636363636363636,0.013636363636363636
ABC.train.gold.bea19_000209,0.00909090909090909,0.00909090909090909,0.00909090909090909,0.00909090909090909
ABC.train.gold.bea19_000214,0.0849212468703047,0.07136419353782524,0.07136419353782524,0.07136419353782524
ABC.train.gold.bea19_000217,0.04640157760044962,0.0621617668054273,0.04372742337108386,0.04372742337108386
ABC.train.gold.bea19_000273,0.03282194931020583,0.03282194931020583,0.03282194931020583,0.03282194931020583
ABC.train.gold.bea19_000278,0.00909090909090909,0.00909090909090909,0.00909090909090909,0.00909090909090909
ABC.train.gold.bea19_000284,0.004545454545454545,0.004545454545454545,0.004545454545454545,0.004545454545454545
ABC.train.gold.bea19_000289,0.004545454545454545,0.05377711873067051,0.004545454545454545,0.004545454545454545
ABC.train.gold.bea19_000293,0.4758047642407109,0.2575981964512653,0.24627514450321336,0.24627514450321336
ABC.train.gold.bea19_000301,0.013636363636363636,0.013636363636363636,0.013636363636363636,0.013636363636363636
ABC.train.gold.bea19_000306,0.045129870129870145,0.019620638118184267,0.033906352403898554,0.019620638118184267
ABC.train.gold.bea19_000307,0.01818181818181818,0.01818181818181818,0.01818181818181818,0.01818181818181818
ABC.train.gold.bea19_000317,0.07516589787957582,0.06708505634224234,0.06253960179678779,0.06253960179678779
ABC.train.gold.bea19_000318,0.046524064171122995,0.046524064171122995,0.046524064171122995,0.046524064171122995
ABC.train.gold.bea19_000322,0.05271682214621306,0.043625913055303965,0.031818181818181815,0.043625913055303965
ABC.train.gold.bea19_000340,0.04531484803367561,0.04076939348822106,0.04531484803367561,0.04531484803367561
ABC.train.gold.bea19_000384,0.07191142191142189,0.05312715222852533,0.047319347319347296,0.047319347319347296
ABC.train.gold.bea19_000386,0.004545454545454545,0.004545454545454545,0.004545454545454545,0.004545454545454545
ABC.train.gold.bea19_000390,0.013636363636363636,0.013636363636363636,0.013636363636363636,0.013636363636363636
ABC.train.gold.bea19_000410,0.07660009706815106,0.05353412448399491,0.03629657923642032,0.03629657923642032
ABC.train.gold.bea19_000416,0.1006402698879131,0.07698274948138334,0.07698274948138334,0.07243729493592879
ABC.train.gold.bea19_000424,0.06778070357324675,0.031818181818181815,0.021041686756489486,0.031510015408320505
ABC.train.gold.bea19_000426,0.02475994732295015,0.02475994732295015,0.02475994732295015,0.02475994732295015
ABC.train.gold.bea19_000428,0.04932576599536311,0.04183753252912624,0.04183753252912624,0.04183753252912624
ABC.train.gold.bea19_000430,0.004545454545454545,0.004545454545454545,0.004545454545454545,0.004545454545454545
ABC.train.gold.bea19_000441,0.024686643022174694,0.013636363636363636,0.01818181818181818,0.01773900231846497
ABC.train.gold.bea19_000451,0.05704134753731186,0.051184332359717484,0.051184332359717484,0.051184332359717484
ABC.train.gold.bea19_000466,0.038381213917234064,0.038381213917234064,0.038381213917234064,0.038381213917234064
ABC.train.gold.bea19_000486,0.039740713280444595,0.039740713280444595,0.039740713280444595,0.039740713280444595
ABC.train.gold.bea19_000492,0.01818181818181818,0.01818181818181818,0.00909090909090909,0.01818181818181818
ABC.train.gold.bea19_000497,0.04538469674411051,0.040839242198655964,0.040839242198655964,0.040839242198655964
ABC.train.gold.bea19_000517,0.06291943362237656,0.038874376733958604,0.038874376733958604,0.038874376733958604
ABC.train.gold.bea19_000522,0.046503496503496486,0.041958041958041946,0.041958041958041946,0.041958041958041946
ABC.train.gold.bea19_000526,0.01874274392253486,0.014197289377080313,0.014197289377080313,0.014197289377080313
ABC.train.gold.bea19_000568,0.04119355738165572,0.04119355738165572,0.04119355738165572,0.04119355738165572
ABC.train.gold.bea19_000590,0.013636363636363636,0.00909090909090909,0.00909090909090909,0.013636363636363636
ABC.train.gold.bea19_000627,0.07517705138732837,0.04393882515183439,0.039393370606379846,0.04393882515183439
ABC.train.gold.bea19_000654,0.04455942711453751,0.05345270774694858,0.04455942711453751,0.05345270774694858
ABC.train.gold.bea19_000661,0.009925344077099189,0.009925344077099189,0.00909090909090909,0.009925344077099189
ABC.train.gold.bea19_000664,0.01818181818181818,0.01818181818181818,0.00909090909090909,0.01818181818181818
ABC.train.gold.bea19_000667,0.12434059478404187,0.08942362982336506,0.07403239667052607,0.08389700015215083
ABC.train.gold.bea19_000669,0.04090909090909091,0.04090909090909091,0.03636363636363636,0.04090909090909091
ABC.train.gold.bea19_000673,0.022727272727272728,0.022727272727272728,0.022727272727272728,0.022727272727272728
ABC.train.gold.bea19_000674,0.045454545454545456,0.04090909090909091,0.04090909090909091,0.03636363636363636
ABC.train.gold.bea19_000679,0.029748217731757905,0.029748217731757905,0.022727272727272728,0.029748217731757905
ABC.train.gold.bea19_000685,0.04083834484992084,0.04083834484992084,0.04083834484992084,0.04083834484992084
ABC.train.gold.bea19_000688,0.00909090909090909,0.00909090909090909,0.00909090909090909,0.00909090909090909
ABC.train.gold.bea19_000690,0.01913532661910581,0.01913532661910581,0.00909090909090909,0.00909090909090909
ABC.train.gold.bea19_000695,0.01818181818181818,0.01818181818181818,0.01818181818181818,0.01818181818181818
ABC.train.gold.bea19_000705,0.00909090909090909,0.00909090909090909,0.00909090909090909,0.00909090909090909
ABC.train.gold.bea19_000711,0.02727272727272727,0.02727272727272727,0.02727272727272727,0.02727272727272727
ABC.train.gold.bea19_000716,0.00909090909090909,0.00909090909090909,0.00909090909090909,0.00909090909090909
ABC.train.gold.bea19_000720,0.054064442801686464,0.03006976367999669,0.03006976367999669,0.01822549182583222
ABC.train.gold.bea19_000726,0.026612994736714055,0.026612994736714055,0.026612994736714055,0.026612994736714055
ABC.train.gold.bea19_000751,0.08311092191813593,0.05589286674180589,0.05134741219635134,0.05589286674180589
ABC.train.gold.bea19_000786,0.023165351095022532,0.023165351095022532,0.014060534754343603,0.023165351095022532
ABC.train.gold.bea19_000829,0.022727272727272728,0.022727272727272728,0.022727272727272728,0.022727272727272728
ABC.train.gold.bea19_000834,0.06310582249295953,0.04666319572069395,0.04666319572069395,0.04666319572069395
ABC.train.gold.bea19_000858,0.055454545454545465,0.055454545454545465,0.055454545454545465,0.055454545454545465
ABC.train.gold.bea19_000886,0.07946739652858208,0.07749812996117343,0.0660543647064244,0.08510689558149835
ABC.train.gold.bea19_000922,0.02454671567229682,0.02454671567229682,0.02454671567229682,0.02454671567229682
ABC.train.gold.bea19_000934,0.01818181818181818,0.01818181818181818,0.01818181818181818,0.01818181818181818
ABC.train.gold.bea19_000946,0.021153231998025886,0.01715291107816477,0.01715291107816477,0.01715291107816477
ABC.train.gold.bea19_000952,0.04183831253212139,0.04183831253212139,0.03729285798666685,0.00909090909090909
ABC.train.gold.bea19_000954,0.00909090909090909,0.00909090909090909,0.00909090909090909,0.00909090909090909
ABC.train.gold.bea19_000970,0.03105977836389773,0.03105977836389773,0.03105977836389773,0.03105977836389773
ABC.train.gold.bea19_000973,0.00909090909090909,0.00909090909090909,0.00909090909090909,0.00909090909090909
ABC.train.gold.bea19_000995,0.056312413975984084,0.04588692280607945,0.031818181818181815,0.031818181818181815
ABC.train.gold.bea19_000998,0.004545454545454545,0.004545454545454545,0.004545454545454545,0.07074898450887704
ABC.train.gold.bea19_001042,0.00909090909090909,0.00909090909090909,0.00909090909090909,0.00909090909090909
ABC.train.gold.bea19_001048,0.08968701933067981,0.08644710960013169,0.08644710960013169,0.08644710960013169
ABC.train.gold.bea19_001087,0.05378787878787879,0.05378787878787879,0.04924242424242424,0.04924242424242424
ABC.train.gold.bea19_001093,0.033469956189162285,0.033469956189162285,0.022727272727272728,0.033469956189162285
ABC.train.gold.bea19_001095,0.04090909090909091,0.01818181818181818,0.01818181818181818,0.01818181818181818
ABC.train.gold.bea19_001127,0.05315466878069506,0.022727272727272728,0.022727272727272728,0.022727272727272728
ABC.train.gold.bea19_001143,0.00909090909090909,0.00909090909090909,0.00909090909090909,0.00909090909090909
ABC.train.gold.bea19_001146,0.016077085970969685,0.016077085970969685,0.016077085970969685,0.016077085970969685
ABC.train.gold.bea19_001147,0.04591028176501438,0.041364827219559835,0.041364827219559835,0.041364827219559835
ABC.train.gold.bea19_001160,0.057984274187678445,0.057984274187678445,0.0471819980841117,0.057984274187678445
ABC.train.gold.bea19_001175,0.029060403063239926,0.029060403063239926,0.029060403063239926,0.029060403063239926
ABC.train.gold.bea19_001183,0.02727272727272727,0.022727272727272728,0.022727272727272728,0.022727272727272728
ABC.train.gold.bea19_001200,0.03000781972746149,0.016371456091097854,0.016371456091097854,0.016371456091097854
ABC.train.gold.bea19_001206,0.020736084845531907,0.013636363636363636,0.013636363636363636,0.020736084845531907
ABC.train.gold.bea19_001210,0.0235028824551182,0.016193557381655694,0.016193557381655694,0.016193557381655694
ABC.train.gold.bea19_001242,0.02344448946540278,0.02344448946540278,0.02344448946540278,0.02344448946540278
ABC.train.gold.bea19_001264,0.0458322573276125,0.0458322573276125,0.0458322573276125,0.0458322573276125
ABC.train.gold.bea19_001266,0.013636363636363636,0.013636363636363636,0.013636363636363636,0.013636363636363636
ABC.train.gold.bea19_001274,0.01818181818181818,0.01818181818181818,0.01818181818181818,0.01818181818181818
ABC.train.gold.bea19_001278,0.05301631301086236,0.05301631301086236,0.04356060606060607,0.022727272727272728
ABC.train.gold.bea19_001304,0.04090909090909091,0.033711707363767045,0.033711707363767045,0.033711707363767045
ABC.train.gold.bea19_001342,0.04056597828670125,0.03409090909090911,0.03409090909090911,0.03409090909090911
ABC.train.gold.bea19_001344,0.05653409090909091,0.05198863636363636,0.04866006617304238,0.04866006617304238
ABC.train.gold.bea19_001370,0.02727272727272727,0.02727272727272727,0.02727272727272727,0.02727272727272727
ABC.train.gold.bea19_001374,0.05848543778198079,0.053727688907527556,0.053727688907527556,0.05848543778198079
ABC.train.gold.bea19_001395,0.03469959821764175,0.016920748388165138,0.021466202933619685,0.021466202933619685
ABC.train.gold.bea19_001414,0.07479628739688413,0.058397863681818936,0.058397863681818936,0.058397863681818936
ABC.train.gold.bea19_001443,0.00909090909090909,0.00909090909090909,0.00909090909090909,0.00909090909090909
ABC.train.gold.bea19_001449,0.014646625994643787,0.01818181818181818,0.01818181818181818,0.01818181818181818
ABC.train.gold.bea19_001458,0.00909090909090909,0.00909090909090909,0.00909090909090909,0.00909090909090909
ABC.train.gold.bea19_001470,0.03503518877357671,0.03503518877357671,0.03503518877357671,0.03503518877357671
ABC.train.gold.bea19_001477,0.013636363636363636,0.013636363636363636,0.013636363636363636,0.013636363636363636
ABC.train.gold.bea19_001493,0.040393915862240615,0.022212097680422434,0.02675755222587698,0.022212097680422434
ABC.train.gold.bea19_001522,0.050188855936533536,0.04532702455330366,0.04532702455330366,0.04532702455330366
ABC.train.gold.bea19_001526,0.03844245733524176,0.018596879211503974,0.013636363636363636,0.015861786756769754
ABC.train.gold.bea19_001540,0.04056743378449061,0.01818181818181818,0.01818181818181818,0.01818181818181818
ABC.train.gold.bea19_001553,0.029975700602993087,0.029975700602993087,0.029975700602993087,0.029975700602993087
ABC.train.gold.bea19_001561,0.004545454545454545,0.004545454545454545,0.004545454545454545,0.004545454545454545
ABC.train.gold.bea19_001575,0.053391960351014026,0.053391960351014026,0.053391960351014026,0.053391960351014026
ABC.train.gold.bea19_001584,0.019030160417778115,0.019030160417778115,0.019030160417778115,0.019030160417778115
ABC.train.gold.bea19_001595,0.0404421344532679,0.0442790910827208,0.027991212294842006,0.027991212294842006
ABC.train.gold.bea19_001604,0.03033511229872244,0.01818181818181818,0.01818181818181818,0.01818181818181818
ABC.train.gold.bea19_001614,0.0753723604392916,0.05777342066082358,0.024808743613219143,0.06359323763189796
ABC.train.gold.bea19_001625,0.022727272727272728,0.022727272727272728,0.022727272727272728,0.022727272727272728
ABC.train.gold.bea19_001639,0.029649293193573678,0.029649293193573678,0.029649293193573678,0.029649293193573678
ABC.train.gold.bea19_001644,0.01818181818181818,0.01818181818181818,0.01818181818181818,0.01818181818181818
ABC.train.gold.bea19_001647,0.03441538347754187,0.022727272727272728,0.022727272727272728,0.022727272727272728
ABC.train.gold.bea19_001649,0.013636363636363636,0.00909090909090909,0.00909090909090909,0.00909090909090909
ABC.train.gold.bea19_001676,0.01818181818181818,0.01818181818181818,0.01818181818181818,0.01818181818181818
ABC.train.gold.bea19_001695,0.013636363636363636,0.013636363636363636,0.013636363636363636,0.013636363636363636
ABC.train.gold.bea19_001706,0.00909090909090909,0.00909090909090909,0.00909090909090909,0.00909090909090909
ABC.train.gold.bea19_001708,0.020688103265339163,0.029760367610875013,0.029760367610875013,0.029760367610875013
ABC.train.gold.bea19_001709,0.07304169532553494,0.07086316872576351,0.06028670527580399,0.07304169532553494
ABC.train.gold.bea19_001713,0.029748217731757905,0.02889987549579797,0.02889987549579797,0.02889987549579797
ABC.train.gold.bea19_001727,0.00909090909090909,0.00909090909090909,0.00909090909090909,0.00909090909090909
ABC.train.gold.bea19_001738,0.021463929127499254,0.021463929127499254,0.01818181818181818,0.021463929127499254
ABC.train.gold.bea19_001743,0.05767612706304628,0.05767612706304628,0.07964262807450069,0.07964262807450069
ABC.train.gold.bea19_001747,0.01818181818181818,0.01818181818181818,0.01818181818181818,0.01818181818181818
ABC.train.gold.bea19_001765,0.08100950865758808,0.07244408499923222,0.045454545454545456,0.04090909090909091
ABC.train.gold.bea19_001807,0.10777145789706807,0.019879461774411834,0.034585181809550974,0.019879461774411834
ABC.train.gold.bea19_001827,0.04196466482552741,0.04196466482552741,0.03636363636363636,0.04196466482552741
ABC.train.gold.bea19_001828,0.06416675001985847,0.059621295474403924,0.05053038638349483,0.059621295474403924
ABC.train.gold.bea19_001867,0.022727272727272728,0.022727272727272728,0.022727272727272728,0.022727272727272728
ABC.train.gold.bea19_001870,0.01818181818181818,0.01818181818181818,0.01818181818181818,0.01818181818181818
ABC.train.gold.bea19_001876,0.053064030998413975,0.053064030998413975,0.031818181818181815,0.031818181818181815
ABC.train.gold.bea19_001881,0.04289772727272727,0.02728663452249711,0.022741179977042565,0.02728663452249711
ABC.train.gold.bea19_001894,0.014353580374493703,0.014353580374493703,0.014353580374493703,0.014353580374493703
ABC.train.gold.bea19_001896,0.020669458519965905,0.020669458519965905,0.020669458519965905,0.020669458519965905
ABC.train.gold.bea19_001903,0.00909090909090909,0.00909090909090909,0.00909090909090909,0.00909090909090909
ABC.train.gold.bea19_001905,0.06206584320576485,0.03607640063253785,0.03607640063253785,0.03607640063253785
ABC.train.gold.bea19_001917,0.030546669535225515,0.025623252973461907,0.02436854477046814,0.025623252973461907
ABC.train.gold.bea19_001918,0.040255768173853936,0.03571031362839939,0.03297522117366516,0.03571031362839939
ABC.train.gold.bea19_001924,0.03027007072312124,0.03027007072312124,0.029162126491457708,0.029162126491457708
ABC.train.gold.bea19_001933,0.059044346909505586,0.059044346909505586,0.04090909090909091,0.059044346909505586
ABC.train.gold.bea19_001944,0.013636363636363636,0.013636363636363636,0.00909090909090909,0.00909090909090909
ABC.train.gold.bea19_001945,0.022727272727272728,0.02727272727272727,0.02727272727272727,0.02727272727272727
ABC.train.gold.bea19_001958,0.7754867836965295,0.5222008405972085,0.7312084732422677,0.5222008405972085
ABC.train.gold.bea19_001972,0.01818181818181818,0.01818181818181818,0.01818181818181818,0.01818181818181818
ABC.train.gold.bea19_001997,0.02147783637726909,0.00909090909090909,0.00909090909090909,0.01818181818181818
ABC.train.gold.bea19_002000,0.023906860366841455,0.023906860366841455,0.023906860366841455,0.023906860366841455
ABC.train.gold.bea19_002009,0.01910654854583207,0.01910654854583207,0.01910654854583207,0.01910654854583207
ABC.train.gold.bea19_002037,0.10941466212496656,0.11436844551164528,0.09318089589120032,0.1004630538722023
ABC.train.gold.bea19_002044,0.02727272727272727,0.02727272727272727,0.02727272727272727,0.02727272727272727
ABC.train.gold.bea19_002048,0.051549028519695735,0.04090909090909091,0.01818181818181818,0.051549028519695735
ABC.train.gold.bea19_002050,0.021258797193394165,0.01671334264793962,0.01671334264793962,0.01671334264793962
ABC.train.gold.bea19_002058,0.00909090909090909,0.00909090909090909,0.00909090909090909,0.00909090909090909
ABC.train.gold.bea19_002064,0.04334966153370703,0.03880420698825248,0.03880420698825248,0.034258752442797934
ABC.train.gold.bea19_002092,0.022986874722976326,0.01844142017752178,0.01844142017752178,0.01844142017752178
ABC.train.gold.bea19_002093,0.03743315508021388,0.03743315508021388,0.03743315508021388,0.03743315508021388
ABC.train.gold.bea19_002095,0.00909090909090909,0.00909090909090909,0.00909090909090909,0.00909090909090909
ABC.train.gold.bea19_002115,0.02622517542370062,0.02622517542370062,0.02622517542370062,0.02622517542370062
ABC.train.gold.bea19_002116,0.03560523290935226,0.03560523290935226,0.03560523290935226,0.03560523290935226
ABC.train.gold.bea19_002174,0.0222844568639195,0.013636363636363636,0.013636363636363636,0.013636363636363636
ABC.train.gold.bea19_002181,0.05603829982535019,0.051251094105290884,0.051251094105290884,0.051251094105290884
ABC.train.gold.bea19_002197,0.03592082050028315,0.03592082050028315,0.03592082050028315,0.03592082050028315
ABC.train.gold.bea19_002222,0.01622750385663816,0.00909090909090909,0.00909090909090909,0.00909090909090909
ABC.train.gold.bea19_002300,0.06425369674566381,0.05253990488805967,0.056146624255648585,0.056146624255648585
ABC.train.gold.bea19_002304,0.04252208564580496,0.04252208564580496,0.04252208564580496,0.04252208564580496
ABC.train.gold.bea19_002316,0.0228903668382099,0.0228903668382099,0.0228903668382099,0.0228903668382099
ABC.train.gold.bea19_002319,0.00909090909090909,0.00909090909090909,0.00909090909090909,0.00909090909090909
ABC.train.gold.bea19_002346,0.05595207352217499,0.0525269846099966,0.0525269846099966,0.0525269846099966
ABC.train.gold.bea19_002357,0.033855055906602226,0.033855055906602226,0.033855055906602226,0.033855055906602226
ABC.train.gold.bea19_002382,0.00909090909090909,0.00909090909090909,0.00909090909090909,0.00909090909090909
ABC.train.gold.bea19_002388,0.04950797386823043,0.04950797386823043,0.04950797386823043,0.04950797386823043
ABC.train.gold.bea19_002399,0.00909090909090909,0.00909090909090909,0.00909090909090909,0.00909090909090909
ABC.train.gold.bea19_002406,0.05366596842339072,0.05366596842339072,0.02727272727272727,0.05366596842339072
ABC.train.gold.bea19_002418,0.023652003091286615,0.023652003091286615,0.023652003091286615,0.023652003091286615
ABC.train.gold.bea19_002425,0.01818181818181818,0.01818181818181818,0.01818181818181818,0.01818181818181818
ABC.train.gold.bea19_002426,0.00909090909090909,0.00909090909090909,0.00909090909090909,0.00909090909090909
ABC.train.gold.bea19_002436,0.031818181818181815,0.031818181818181815,0.031818181818181815,0.031818181818181815
ABC.train.gold.bea19_002441,0.00909090909090909,0.013636363636363636,0.00909090909090909,0.00909090909090909
ABC.train.gold.bea19_002450,0.053962244457002595,0.053962244457002595,0.053962244457002595,0.053962244457002595
ABC.train.gold.bea19_002454,0.03662187741790526,0.016371456091097854,0.016371456091097854,0.016371456091097854
ABC.train.gold.bea19_002490,0.013636363636363636,0.013636363636363636,0.013636363636363636,0.013636363636363636
ABC.train.gold.bea19_002492,0.06578922080135882,0.06138403860867206,0.05681818181818184,0.06592949315412659
ABC.train.gold.bea19_002497,0.03636363636363636,0.050613144374847485,0.03636363636363636,0.03636363636363636
ABC.train.gold.bea19_002500,0.03831459770003863,0.03573734508315167,0.03573734508315167,0.03573734508315167
ABC.train.gold.bea19_002502,0.039880183805437494,0.039880183805437494,0.039880183805437494,0.039880183805437494
ABC.train.gold.bea19_002535,0.01071805731397979,0.01071805731397979,0.01071805731397979,0.01071805731397979
ABC.train.gold.bea19_002547,0.05767924683299677,0.05767924683299677,0.05976509202229025,0.05767924683299677
ABC.train.gold.bea19_002560,0.0401285275513274,0.0401285275513274,0.0401285275513274,0.0401285275513274
ABC.train.gold.bea19_002596,0.08032524435403826,0.07802347252371156,0.060118102139495165,0.07802347252371156
ABC.train.gold.bea19_002612,0.00909090909090909,0.00909090909090909,0.00909090909090909,0.00909090909090909
ABC.train.gold.bea19_002621,0.021243399881149,0.021243399881149,0.021243399881149,0.021243399881149
ABC.train.gold.bea19_002631,0.04902731317266798,0.04902731317266798,0.04902731317266798,0.04902731317266798
ABC.train.gold.bea19_002639,0.00909090909090909,0.00909090909090909,0.00909090909090909,0.013636363636363636
ABC.train.gold.bea19_002640,0.044850863156856755,0.044850863156856755,0.044850863156856755,0.044850863156856755
ABC.train.gold.bea19_002641,0.03636363636363636,0.029134311991918047,0.029134311991918047,0.029134311991918047
ABC.train.gold.bea19_002655,0.0412728955323881,0.03274291218219571,0.03274291218219571,0.03274291218219571
ABC.train.gold.bea19_002672,0.1038973686434932,0.09102749515126235,0.08563137537749993,0.09102749515126235
ABC.train.gold.bea19_002679,0.031818181818181815,0.031818181818181815,0.031818181818181815,0.031818181818181815
ABC.train.gold.bea19_002701,0.07118883830864287,0.059067626187430756,0.059067626187430756,0.059067626187430756
ABC.train.gold.bea19_002735,0.013636363636363636,0.013636363636363636,0.013636363636363636,0.013636363636363636
ABC.train.gold.bea19_002754,0.044186441459940023,0.044186441459940023,0.044186441459940023,0.044186441459940023
ABC.train.gold.bea19_002764,0.07870095396147646,0.07100451396817073,0.056443169086855816,0.07100451396817073
ABC.train.gold.bea19_002787,0.05447560583501964,0.02727272727272727,0.022727272727272728,0.03242883651262093
ABC.train.gold.bea19_002793,0.172143484926282,0.172143484926282,0.14883333336972482,0.06226771041282104
ABC.train.gold.bea19_002805,0.055079047166463536,0.047765579445781546,0.047765579445781546,0.043049598047578554
ABC.train.gold.bea19_002806,0.009757751622360688,0.009757751622360688,0.00909090909090909,0.009757751622360688
ABC.train.gold.bea19_002837,0.013636363636363636,0.013636363636363636,0.013636363636363636,0.013636363636363636
ABC.train.gold.bea19_002842,0.013636363636363636,0.013636363636363636,0.013636363636363636,0.013636363636363636
ABC.train.gold.bea19_002875,0.06903598114364771,0.06672832951570297,0.03841495570468703,0.06449052659819317
ABC.train.gold.bea19_002879,0.045850300257735004,0.03583466080281202,0.02107779842800736,0.01818181818181818
ABC.train.gold.bea19_002935,0.01098030830963954,0.00909090909090909,0.00909090909090909,0.00909090909090909
ABC.train.gold.bea19_002945,0.00909090909090909,0.00909090909090909,0.00909090909090909,0.00909090909090909
ABC.train.gold.bea19_002949,0.07963300489707378,0.058480077997154725,0.058480077997154725,0.05393462345170018
ABC.train.gold.bea19_003001,0.013636363636363636,0.00909090909090909,0.00909090909090909,0.00909090909090909
ABC.train.gold.bea19_003005,0.018609650789680753,0.018609650789680753,0.018609650789680753,0.018609650789680753
ABC.train.gold.bea19_003009,0.013636363636363636,0.013636363636363636,0.013636363636363636,0.013636363636363636
ABC.train.gold.bea19_003044,0.08519977722468053,0.07742635656385694,0.04398606992066689,0.08003626551465304
ABC.train.gold.bea19_003056,0.08023997008104598,0.06607913092020683,0.06607913092020683,0.08023997008104598
ABC.train.gold.bea19_003063,0.013636363636363636,0.013636363636363636,0.013636363636363636,0.013636363636363636
ABC.train.gold.bea19_003092,0.07361660079051383,0.06120428019553082,0.04652479902378928,0.032707509881422916
ABC.train.gold.bea19_003133,0.040277172872617326,0.040277172872617326,0.040277172872617326,0.040277172872617326
ABC.train.gold.bea19_003134,0.08017471500282435,0.08472016954827889,0.07777572510383444,0.08472016954827889
ABC.train.gold.bea19_003178,0.0731943253921079,0.05454545454545454,0.05454545454545454,0.05454545454545454
ABC.train.gold.bea19_003199,0.044400402831643884,0.030493274986391483,0.030493274986391483,0.030493274986391483
ABC.train.gold.bea19_003219,0.03302256525842785,0.036511298200689296,0.03055483821840833,0.03055483821840833
ABC.train.gold.bea19_003220,0.03552593889318207,0.027977384694526722,0.01818181818181818,0.01818181818181818
ABC.train.gold.bea19_003235,0.00909090909090909,0.00909090909090909,0.00909090909090909,0.00909090909090909
ABC.train.gold.bea19_003248,0.00909090909090909,0.00909090909090909,0.00909090909090909,0.00909090909090909
ABC.train.gold.bea19_003261,0.01818181818181818,0.01818181818181818,0.013636363636363636,0.01818181818181818
ABC.train.gold.bea19_003272,0.023123629345713034,0.023123629345713034,0.023123629345713034,0.023123629345713034
ABC.train.gold.bea19_003273,0.018792472876257293,0.018792472876257293,0.018792472876257293,0.018792472876257293
ABC.train.gold.bea19_003289,0.11737422965844463,0.04090909090909091,0.02727272727272727,0.04090909090909091
ABC.train.gold.bea19_003309,0.00909090909090909,0.00909090909090909,0.00909090909090909,0.00909090909090909
ABC.train.gold.bea19_003326,0.04388402502394666,0.04090909090909089,0.04090909090909089,0.04090909090909089
ABC.train.gold.bea19_003331,0.029305401868404697,0.029305401868404697,0.021860285745939546,0.021860285745939546
ABC.train.gold.bea19_003340,0.00909090909090909,0.00909090909090909,0.00909090909090909,0.00909090909090909
ABC.train.gold.bea19_003342,0.05531198317824695,0.0507665286327924,0.0507665286327924,0.0422331836464304
ABC.train.gold.bea19_003367,0.04137155753575528,0.03184653367801415,0.00909090909090909,0.03184653367801415
ABC.train.gold.bea19_003389,0.022727272727272728,0.013636363636363636,0.022727272727272728,0.013636363636363636
ABC.train.gold.bea19_003391,0.06366603906742582,0.04384693701246116,0.04384693701246116,0.04384693701246116
ABC.train.gold.bea19_003398,0.03541918414741893,0.01968951907564861,0.015144064530194066,0.01968951907564861
ABC.train.gold.bea19_003407,0.01818181818181818,0.01818181818181818,0.01818181818181818,0.01818181818181818
ABC.train.gold.bea19_003414,0.013636363636363636,0.01474430786802717,0.00909090909090909,0.00909090909090909
ABC.train.gold.bea19_003416,0.018231774848479227,0.018231774848479227,0.00909090909090909,0.018231774848479227
ABC.train.gold.bea19_003424,0.047077426369124896,0.04253197182367035,0.04253197182367035,0.04253197182367035
ABC.train.gold.bea19_003440,0.06765567070687778,0.05865012335593529,0.05865012335593529,0.05865012335593529
ABC.train.gold.bea19_003443,0.08385023617535388,0.08385023617535388,0.05624159476404419,0.08385023617535388
ABC.train.gold.bea19_003464,0.03636363636363636,0.0463700828294083,0.0463700828294083,0.0463700828294083
ABC.train.gold.bea19_003467,0.06356211337168337,0.06356211337168337,0.06356211337168337,0.06356211337168337
ABC.train.gold.bea19_003483,0.04422111610068313,0.04422111610068313,0.04422111610068313,0.04422111610068313
ABC.train.gold.bea19_003485,0.043805071155280075,0.030168707518916434,0.02562509363887262,0.02562509363887262
ABC.train.gold.bea19_003494,0.01818181818181818,0.01818181818181818,0.01818181818181818,0.01818181818181818
ABC.train.gold.bea19_003507,0.011581514132381903,0.01612696867783645,0.01612696867783645,0.01612696867783645
ABC.train.gold.bea19_003514,0.013636363636363636,0.013636363636363636,0.013636363636363636,0.013636363636363636
ABC.train.gold.bea19_003529,0.02455730576532041,0.02455730576532041,0.02455730576532041,0.02455730576532041
ABC.train.gold.bea19_003555,0.021258797193394196,0.021258797193394196,0.021258797193394196,0.021258797193394196
ABC.train.gold.bea19_003566,0.00909090909090909,0.00909090909090909,0.00909090909090909,0.004545454545454545
ABC.train.gold.bea19_003567,0.06994877761234775,0.05751982953655386,0.03980823079047233,0.03980823079047233
ABC.train.gold.bea19_003588,0.03636363636363636,0.03636363636363636,0.03636363636363636,0.03636363636363636
ABC.train.gold.bea19_003589,0.08633980190517333,0.07106569971769384,0.07106569971769384,0.07106569971769384
ABC.train.gold.bea19_003597,0.049101383314141586,0.049101383314141586,0.02006169661088476,0.031000892855110953
ABC.train.gold.bea19_003600,0.019808966404888873,0.015263511859434328,0.00909090909090909,0.00909090909090909
ABC.train.gold.bea19_003610,0.18815313791310007,0.14541715940340497,0.08729643994378689,0.08275098539833234
ABC.train.gold.bea19_003628,0.013636363636363636,0.00909090909090909,0.00909090909090909,0.00909090909090909
ABC.train.gold.bea19_003647,0.024690411074100964,0.020144956528646417,0.020144956528646417,0.020144956528646417
ABC.train.gold.bea19_003662,0.05255531288735035,0.05255531288735035,0.048009858341895806,0.048009858341895806
ABC.train.gold.bea19_003665,0.031818181818181815,0.031986531986532,0.02727272727272727,0.031986531986532
ABC.train.gold.bea19_003673,0.048912573492138976,0.022727272727272728,0.022727272727272728,0.022727272727272728
ABC.train.gold.bea19_003684,0.033145789554846275,0.00909090909090909,0.00909090909090909,0.033145789554846275
ABC.train.gold.bea19_003691,0.05066178268398325,0.0461163281385287,0.0461163281385287,0.0461163281385287
ABC.train.gold.bea19_003706,0.05340909090909092,0.031818181818181815,0.03810497042692255,0.04886363636363637
ABC.train.gold.bea19_003710,0.027412755216546167,0.027412755216546167,0.02286730067109162,0.021258797193394165
ABC.train.gold.bea19_003763,0.004545454545454545,0.004545454545454545,0.004545454545454545,0.004545454545454545
ABC.train.gold.bea19_003799,0.01818181818181818,0.022727272727272728,0.01818181818181818,0.01818181818181818
ABC.train.gold.bea19_003807,0.03640444185998375,0.037185785333183216,0.020419621099328007,0.020419621099328007
ABC.train.gold.bea19_003847,0.03282194931020583,0.00909090909090909,0.00909090909090909,0.00909090909090909
ABC.train.gold.bea19_003857,0.03463203463203462,0.03463203463203462,0.03008658008658007,0.03463203463203462
ABC.train.gold.bea19_003860,0.00909090909090909,0.00909090909090909,0.00909090909090909,0.00909090909090909
ABC.train.gold.bea19_003867,0.031818181818181815,0.031818181818181815,0.031818181818181815,0.031818181818181815
ABC.train.gold.bea19_003874,0.14411688427752686,0.12150915056697814,0.12150915056697814,0.12150915056697814
ABC.train.gold.bea19_003902,0.11194539035437277,0.07319028851040797,0.07319028851040797,0.07319028851040797
ABC.train.gold.bea19_003906,0.01855953005488523,0.01855953005488523,0.01855953005488523,0.01855953005488523
ABC.train.gold.bea19_003908,0.03636363636363636,0.03636363636363636,0.03636363636363636,0.03636363636363636
ABC.train.gold.bea19_003915,0.004545454545454545,0.004545454545454545,0.004545454545454545,0.004545454545454545
ABC.train.gold.bea19_003919,0.004545454545454545,0.004545454545454545,0.004545454545454545,0.004545454545454545
ABC.train.gold.bea19_003944,0.01818181818181818,0.01818181818181818,0.013636363636363636,0.013636363636363636
ABC.train.gold.bea19_003966,0.04441689425323503,0.038061279956230015,0.038061279956230015,0.038061279956230015
ABC.train.gold.bea19_003977,0.01965266968804379,0.01965266968804379,0.01965266968804379,0.01965266968804379
ABC.train.gold.bea19_003980,0.00909090909090909,0.00909090909090909,0.00909090909090909,0.00909090909090909
ABC.train.gold.bea19_003996,0.06831612636973522,0.01818181818181818,0.013636363636363636,0.01818181818181818
ABC.train.gold.bea19_004020,0.03717942660445321,0.025886536299986912,0.01818181818181818,0.025886536299986912
ABC.train.gold.bea19_004030,0.022024854868215916,0.022024854868215916,0.013636363636363636,0.022024854868215916
ABC.train.gold.bea19_004043,0.02727272727272727,0.02727272727272727,0.02727272727272727,0.02727272727272727
ABC.train.gold.bea19_004079,0.033905188155516845,0.02481427906460776,0.029359733610062305,0.020268824519153215
ABC.train.gold.bea19_004114,0.0408718014183444,0.03632634687288986,0.0408718014183444,0.03632634687288986
ABC.train.gold.bea19_004121,0.03383557521227555,0.03383557521227555,0.03383557521227555,0.03383557521227555
ABC.train.gold.bea19_004126,0.03468182393239921,0.01818181818181818,0.01818181818181818,0.01818181818181818
ABC.train.gold.bea19_004141,0.05025252525252526,0.01818181818181818,0.022727272727272728,0.022727272727272728
ABC.train.gold.bea19_004153,0.04178532770556766,0.04178532770556766,0.02891768064674412,0.04178532770556766
ABC.train.gold.bea19_004175,0.0333038379229124,0.0333038379229124,0.0333038379229124,0.0333038379229124
ABC.train.gold.bea19_004183,0.013636363636363636,0.00909090909090909,0.013636363636363636,0.00909090909090909
ABC.train.gold.bea19_004184,0.00909090909090909,0.00909090909090909,0.00909090909090909,0.00909090909090909
ABC.train.gold.bea19_004188,0.01773900231846497,0.01773900231846497,0.01773900231846497,0.01773900231846497
ABC.train.gold.bea19_004197,0.025623252973461907,0.025623252973461907,0.025623252973461907,0.025623252973461907
ABC.train.gold.bea19_004236,0.01818181818181818,0.01818181818181818,0.01818181818181818,0.01818181818181818
ABC.train.gold.bea19_004247,0.030054117513292157,0.030054117513292157,0.030054117513292157,0.030054117513292157
ABC.train.gold.bea19_004270,0.04393939393939393,0.025439909112691093,0.025439909112691093,0.025439909112691093
ABC.train.gold.bea19_004277,0.013636363636363636,0.013636363636363636,0.013636363636363636,0.013636363636363636
ABC.train.gold.bea19_004285,0.004545454545454545,0.004545454545454545,0.0,0.004545454545454545
ABC.train.gold.bea19_004296,0.04473910465206563,0.03564819556115654,0.01818181818181818,0.01818181818181818
ABC.train.gold.bea19_004297,0.00909090909090909,0.00909090909090909,0.00909090909090909,0.00909090909090909
ABC.train.gold.bea19_004331,0.03886992144715735,0.03886992144715735,0.04339673124723865,0.03886992144715735
ABC.train.gold.bea19_004337,0.049173562458643336,0.043800084907302674,0.043800084907302674,0.043800084907302674
ABC.train.gold.bea19_004361,0.013636363636363636,0.00909090909090909,0.013636363636363636,0.00909090909090909
ABC.train.gold.bea19_004377,0.02184164100056629,0.02184164100056629,0.02184164100056629,0.02184164100056629
ABC.train.gold.bea19_004378,0.00909090909090909,0.00909090909090909,0.00909090909090909,0.00909090909090909
ABC.train.gold.bea19_004386,0.009222034588738959,0.009222034588738959,0.009222034588738959,0.009222034588738959
ABC.train.gold.bea19_004390,0.00909090909090909,0.00909090909090909,0.00909090909090909,0.00909090909090909
ABC.train.gold.bea19_004441,0.02970649598244838,0.02970649598244838,0.013636363636363636,0.02970649598244838
ABC.train.gold.bea19_004445,0.04412609786448582,0.04412609786448582,0.04412609786448582,0.04412609786448582
ABC.train.gold.bea19_004456,0.00909090909090909,0.00909090909090909,0.00909090909090909,0.00909090909090909
ABC.train.gold.bea19_004480,0.022727272727272728,0.039264859684158035,0.03471940513870349,0.03471940513870349
ABC.train.gold.bea19_004482,0.013636363636363636,0.00909090909090909,0.00909090909090909,0.00909090909090909
ABC.train.gold.bea19_004492,0.029623870557345257,0.029623870557345257,0.029623870557345257,0.029623870557345257
ABC.train.gold.bea19_004530,0.01818181818181818,0.013636363636363636,0.013636363636363636,0.013636363636363636
ABC.train.gold.bea19_004545,0.13609185238794994,0.11017171565009903,0.0970686983786509,0.11017171565009903
ABC.train.gold.bea19_004613,0.06396502693043384,0.051958744381524154,0.051958744381524154,0.035622780941129015
ABC.train.gold.bea19_004614,0.032004831749303284,0.022727272727272728,0.022727272727272728,0.022727272727272728
ABC.train.gold.bea19_004621,0.07514851184295362,0.06811541695935135,0.06811541695935135,0.06811541695935135
ABC.train.gold.bea19_004623,0.01552576285509407,0.01552576285509407,0.01552576285509407,0.01552576285509407
ABC.train.gold.bea19_004670,0.00909090909090909,0.00909090909090909,0.00909090909090909,0.00909090909090909
ABC.train.gold.bea19_004707,0.04015068745480682,0.04015068745480682,0.03636363636363636,0.04015068745480682
ABC.train.gold.bea19_004745,0.17347006670783538,0.1275567589295475,0.09270295975807206,0.11968979573855354
ABC.train.gold.bea19_004755,0.01818181818181818,0.04103586330575594,0.01818181818181818,0.01818181818181818
ABC.train.gold.bea19_004770,0.045329934238937324,0.045329934238937324,0.045329934238937324,0.045329934238937324
ABC.train.gold.bea19_004786,0.023652003091286615,0.023652003091286615,0.01818181818181818,0.023652003091286615
ABC.train.gold.bea19_004805,0.025029645244480963,0.01818181818181818,0.01818181818181818,0.01818181818181818
ABC.train.gold.bea19_004812,0.00909090909090909,0.00909090909090909,0.00909090909090909,0.00909090909090909
ABC.train.gold.bea19_004832,0.040909090909090916,0.04545454545454546,0.040909090909090916,0.040909090909090916
ABC.train.gold.bea19_004860,0.04090909090909091,0.04928035979876162,0.022727272727272728,0.022727272727272728
ABC.train.gold.bea19_004877,0.052254141504652005,0.052254141504652005,0.04090909090909091,0.052254141504652005
ABC.train.gold.bea19_004897,0.10317524358573323,0.10317524358573323,0.08288075408316202,0.08288075408316202
ABC.train.gold.bea19_004954,0.022727272727272728,0.022727272727272728,0.022727272727272728,0.022727272727272728
ABC.train.gold.bea19_004963,0.01818181818181818,0.01818181818181818,0.01818181818181818,0.01818181818181818
ABC.train.gold.bea19_004976,0.04680014411523037,0.03896556878321644,0.01818181818181818,0.03896556878321644
ABC.train.gold.bea19_005010,0.031059778363897717,0.026514323818443174,0.031059778363897717,0.031059778363897717
ABC.train.gold.bea19_005011,0.10580040333218856,0.06748535128501043,0.0629398967395559,0.0571225713172276
ABC.train.gold.bea19_005015,0.04219286942982313,0.04669331702103241,0.03962330806502158,0.04872630407829557
ABC.train.gold.bea19_005016,0.07664643599224262,0.07664643599224262,0.06779218298195243,0.07664643599224262
ABC.train.gold.bea19_005018,0.021698365623619317,0.014181497261957065,0.014181497261957065,0.01687828110194068
ABC.train.gold.bea19_005022,0.06689082997814517,0.031818181818181815,0.031818181818181815,0.031818181818181815
ABC.train.gold.bea19_005040,0.00909090909090909,0.00909090909090909,0.00909090909090909,0.00909090909090909
ABC.train.gold.bea19_005062,0.04872245633060357,0.028552001785149023,0.028552001785149023,0.028552001785149023
ABC.train.gold.bea19_005085,0.01729618645511176,0.01729618645511176,0.01729618645511176,0.01729618645511176
ABC.train.gold.bea19_005102,0.036699626487393916,0.036699626487393916,0.036699626487393916,0.036699626487393916
ABC.train.gold.bea19_005108,0.09288797605554487,0.08834252151009032,0.06788797605554488,0.06788797605554488
ABC.train.gold.bea19_005154,0.03382204867826956,0.026829911409374047,0.01818181818181818,0.026829911409374047
ABC.train.gold.bea19_005162,0.08119759488643505,0.07732552966844429,0.07732552966844429,0.05841000950157789
ABC.train.gold.bea19_005175,0.03252890369005573,0.020960746769463273,0.00909090909090909,0.015244867114061091
ABC.train.gold.bea19_005199,0.038844798391777687,0.038844798391777687,0.038844798391777687,0.038844798391777687
ABC.train.gold.bea19_005221,0.052656155083504116,0.038969230273099,0.039182129109478145,0.030091220018569058
ABC.train.gold.bea19_005233,0.12805373782424662,0.08341888399100839,0.11921614489856372,0.07887342944555384
ABC.train.gold.bea19_005240,0.07169955754903846,0.07169955754903846,0.04609872160337494,0.07144126596544956
ABC.train.gold.bea19_005276,0.028123698598140442,0.028123698598140442,0.028123698598140442,0.028123698598140442
ABC.train.gold.bea19_005280,0.0,0.0,0.0,0.0
ABC.train.gold.bea19_005292,0.045930817886322244,0.045930817886322244,0.045930817886322244,0.045930817886322244
ABC.train.gold.bea19_005298,0.03276155692756896,0.03276155692756896,0.02821610238211442,0.03276155692756896
ABC.train.gold.bea19_005299,0.026713974862943857,0.026713974862943857,0.026713974862943857,0.026713974862943857
ABC.train.gold.bea19_005335,0.01773900231846497,0.01773900231846497,0.01773900231846497,0.01773900231846497
ABC.train.gold.bea19_005351,0.022727272727272728,0.01818181818181818,0.01818181818181818,0.01818181818181818
ABC.train.gold.bea19_005370,0.03723452098717778,0.02007121740054863,0.02007121740054863,0.02007121740054863
ABC.train.gold.bea19_005372,0.03049012652440719,0.03049012652440719,0.023383144089980535,0.023383144089980535
ABC.train.gold.bea19_005383,0.00909090909090909,0.00909090909090909,0.00909090909090909,0.00909090909090909
ABC.train.gold.bea19_005403,0.03636363636363636,0.03636363636363636,0.03636363636363636,0.03636363636363636
ABC.train.gold.bea19_005432,0.032764259588097366,0.022727272727272728,0.02727272727272727,0.02727272727272727
ABC.train.gold.bea19_005480,0.02727272727272727,0.02727272727272727,0.02727272727272727,0.02727272727272727
ABC.train.gold.bea19_005509,0.10468711065743236,0.08779826053602036,0.08779826053602036,0.08779826053602036
ABC.train.gold.bea19_005519,0.12743512139295157,0.0,0.0,0.0
ABC.train.gold.bea19_005525,0.05759343287745369,0.0485025237865446,0.037882713193584924,0.03636363636363636
ABC.train.gold.bea19_005553,0.00909090909090909,0.00909090909090909,0.00909090909090909,0.00909090909090909
ABC.train.gold.bea19_005559,0.022727272727272728,0.01818181818181818,0.01818181818181818,0.01818181818181818
ABC.train.gold.bea19_005574,0.14725524791562786,0.1427097933701733,0.1341810879340977,0.1375038653294304
ABC.train.gold.bea19_005588,0.03261313219804553,0.028067677652590984,0.028067677652590984,0.028067677652590984
ABC.train.gold.bea19_005596,0.09744629059271842,0.09744629059271842,0.08425649552664263,0.09744629059271842
ABC.train.gold.bea19_005603,0.0439687418840954,0.0439687418840954,0.030007819727461502,0.0439687418840954
ABC.train.gold.bea19_005604,0.004545454545454545,0.004545454545454545,0.004545454545454545,0.004545454545454545
ABC.train.gold.bea19_005610,0.013636363636363636,0.013636363636363636,0.013636363636363636,0.013636363636363636
ABC.train.gold.bea19_005617,0.01818181818181818,0.01818181818181818,0.01818181818181818,0.01818181818181818
ABC.train.gold.bea19_005625,0.06990597985731742,0.04900361311043689,0.025227389334213132,0.025227389334213132
ABC.train.gold.bea19_005643,0.04772727272727274,0.031818181818181815,0.03388820886135793,0.03388820886135793
ABC.train.gold.bea19_005647,0.05878759700480881,0.04057321960330219,0.04057321960330219,0.03416254677938258
ABC.train.gold.bea19_005659,0.08030303030303029,0.08027974739955199,0.08027974739955199,0.08027974739955199
ABC.train.gold.bea19_005668,0.02414212662134474,0.02414212662134474,0.02414212662134474,0.02414212662134474
ABC.train.gold.bea19_005677,0.00909090909090909,0.00909090909090909,0.00909090909090909,0.00909090909090909
ABC.train.gold.bea19_005695,0.018899034919948248,0.018899034919948248,0.018899034919948248,0.018899034919948248
ABC.train.gold.bea19_005746,0.11244148238745866,0.10269700850051874,0.07593774387070532,0.07593774387070532
ABC.train.gold.bea19_005761,0.03636363636363636,0.03636363636363636,0.03636363636363636,0.03636363636363636
ABC.train.gold.bea19_005765,0.07727272727272727,0.06363636363636363,0.06363636363636363,0.07272727272727272
ABC.train.gold.bea19_005770,0.028080111893980436,0.01818181818181818,0.01818181818181818,0.01818181818181818
ABC.train.gold.bea19_005793,0.00909090909090909,0.00909090909090909,0.00909090909090909,0.00909090909090909
ABC.train.gold.bea19_005795,0.01818181818181818,0.013636363636363636,0.013636363636363636,0.013636363636363636
ABC.train.gold.bea19_005797,0.05203607119210838,0.03814229249011859,0.024457527874859823,0.03814229249011859
ABC.train.gold.bea19_005800,0.00909090909090909,0.00909090909090909,0.00909090909090909,0.00909090909090909
ABC.train.gold.bea19_005813,0.00909090909090909,0.00909090909090909,0.00909090909090909,0.00909090909090909
ABC.train.gold.bea19_005832,0.04116161616161616,0.03661616161616162,0.022727272727272728,0.03661616161616162
ABC.train.gold.bea19_005838,0.018636783924288483,0.018636783924288483,0.018636783924288483,0.018636783924288483
ABC.train.gold.bea19_005839,0.01818181818181818,0.01818181818181818,0.01818181818181818,0.01818181818181818
ABC.train.gold.bea19_005860,0.06363636363636363,0.06310815654987006,0.06310815654987006,0.06310815654987006
ABC.train.gold.bea19_005863,0.05141598605128136,0.05141598605128136,0.027650439145794323,0.05141598605128136
ABC.train.gold.bea19_005864,0.07580935424765853,0.07580935424765853,0.07580935424765853,0.07035618420761129
ABC.train.gold.bea19_005902,0.030528864384279382,0.030528864384279382,0.030528864384279382,0.030528864384279382
ABC.train.gold.bea19_005922,0.05,0.045454545454545456,0.045454545454545456,0.045454545454545456
ABC.train.gold.bea19_005948,0.00909090909090909,0.00909090909090909,0.00909090909090909,0.00909090909090909
ABC.train.gold.bea19_005952,0.09964645979207716,0.08839666586510336,0.08839666586510336,0.08056400762138159
ABC.train.gold.bea19_005957,0.02295192830047776,0.012877960182079564,0.00909090909090909,0.012877960182079564
ABC.train.gold.bea19_005970,0.02727272727272727,0.02727272727272727,0.02727272727272727,0.02727272727272727
ABC.train.gold.bea19_005978,0.013636363636363636,0.013636363636363636,0.013636363636363636,0.013636363636363636
ABC.train.gold.bea19_006007,0.07646969332130159,0.022727272727272728,0.022727272727272728,0.022727272727272728
ABC.train.gold.bea19_006019,0.01818181818181818,0.013636363636363636,0.01818181818181818,0.013636363636363636
ABC.train.gold.bea19_006026,0.03927165332084146,0.03927165332084146,0.03927165332084146,0.03927165332084146
ABC.train.gold.bea19_006027,0.022727272727272728,0.022727272727272728,0.022727272727272728,0.022727272727272728
ABC.train.gold.bea19_006046,0.05276280520859376,0.05276280520859376,0.04449937747898984,0.05276280520859376
ABC.train.gold.bea19_006060,0.03636363636363636,0.031818181818181815,0.031818181818181815,0.031818181818181815
ABC.train.gold.bea19_006072,0.03160334767306638,0.03160334767306638,0.03160334767306638,0.03160334767306638
ABC.train.gold.bea19_006074,0.00909090909090909,0.022415582361749384,0.00909090909090909,0.00909090909090909
ABC.train.gold.bea19_006085,0.013636363636363636,0.00909090909090909,0.013636363636363636,0.013636363636363636
ABC.train.gold.bea19_006096,0.08723020665183862,0.07135805458086439,0.07135805458086439,0.06681260003540984
ABC.train.gold.bea19_006118,0.022727272727272728,0.022727272727272728,0.022727272727272728,0.022727272727272728
ABC.train.gold.bea19_006129,0.05132390264149039,0.03734694606200859,0.03734694606200859,0.03734694606200859
ABC.train.gold.bea19_006130,0.09800119324917543,0.022727272727272728,0.026312608548471166,0.026312608548471166
ABC.train.gold.bea19_006146,0.03495199252708273,0.02875828163177771,0.01818181818181818,0.01818181818181818
ABC.train.gold.bea19_006148,0.031818181818181815,0.031536852692964815,0.031536852692964815,0.031536852692964815
ABC.train.gold.bea19_006176,0.049883699269197494,0.02727272727272727,0.07003308805640696,0.07003308805640696
ABC.train.gold.bea19_006180,0.031432871706630915,0.031432871706630915,0.031432871706630915,0.031432871706630915
ABC.train.gold.bea19_006221,0.06464433400763626,0.041917061280363536,0.041917061280363536,0.041917061280363536
ABC.train.gold.bea19_006229,0.031818181818181815,0.031818181818181815,0.031818181818181815,0.031818181818181815
ABC.train.gold.bea19_006242,0.022727272727272728,0.01818181818181818,0.01818181818181818,0.01818181818181818
ABC.train.gold.bea19_006250,0.052935333790461725,0.052935333790461725,0.052935333790461725,0.052935333790461725
ABC.train.gold.bea19_006252,0.013636363636363636,0.013636363636363636,0.013636363636363636,0.013636363636363636
ABC.train.gold.bea19_006257,0.04864641757167125,0.04864641757167125,0.04864641757167125,0.04864641757167125
ABC.train.gold.bea19_006261,0.023104984600339776,0.023104984600339776,0.023104984600339776,0.023104984600339776
ABC.train.gold.bea19_006311,0.08001474275553683,0.04255273902273868,0.049458567028668486,0.048051948051948054
ABC.train.gold.bea19_006313,0.1099581406330136,0.10268171010309526,0.10268171010309526,0.10268171010309526
ABC.train.gold.bea19_006336,0.00909090909090909,0.00909090909090909,0.00909090909090909,0.00909090909090909
ABC.train.gold.bea19_006346,0.05772069813118777,0.05317524358573322,0.05317524358573322,0.05317524358573322
ABC.train.gold.bea19_006355,0.01818181818181818,0.01818181818181818,0.01818181818181818,0.01818181818181818
ABC.train.gold.bea19_006363,0.047866776504525636,0.047866776504525636,0.00909090909090909,0.00909090909090909
ABC.train.gold.bea19_006366,0.013636363636363636,0.013636363636363636,0.013636363636363636,0.013636363636363636
ABC.train.gold.bea19_006378,0.04511466140709568,0.0249256648867533,0.022727272727272728,0.029471119432207843
ABC.train.gold.bea19_006398,0.058465709129040234,0.058465709129040234,0.058465709129040234,0.058465709129040234
ABC.train.gold.bea19_006432,0.04688336948525922,0.04688336948525922,0.048499086104842624,0.04395363155938808
ABC.train.gold.bea19_006444,0.02727272727272727,0.02727272727272727,0.02727272727272727,0.02727272727272727
ABC.train.gold.bea19_006449,0.004545454545454545,0.004545454545454545,0.004545454545454545,0.004545454545454545
ABC.train.gold.bea19_006455,0.03636363636363636,0.03636363636363636,0.03636363636363636,0.03636363636363636
ABC.train.gold.bea19_006458,0.08912366448431097,0.05686318983922348,0.05686318983922348,0.05686318983922348
ABC.train.gold.bea19_006463,0.00909090909090909,0.00909090909090909,0.00909090909090909,0.00909090909090909
ABC.train.gold.bea19_006475,0.02999044190071988,0.03003956880899775,0.03003956880899775,0.03003956880899775
ABC.train.gold.bea19_006489,0.06180356761224835,0.029760367610875013,0.029760367610875013,0.06180356761224835
ABC.train.gold.bea19_006492,0.07149791811249617,0.04784591502120955,0.04444260691739506,0.04444260691739506
ABC.train.gold.bea19_006501,0.01818181818181818,0.01818181818181818,0.01818181818181818,0.01818181818181818
ABC.train.gold.bea19_006506,0.013636363636363636,0.013636363636363636,0.013636363636363636,0.013636363636363636
ABC.train.gold.bea19_006518,0.03636363636363636,0.031818181818181815,0.02727272727272727,0.02727272727272727
ABC.train.gold.bea19_006541,0.020185087755787222,0.020185087755787222,0.013636363636363636,0.020185087755787222
ABC.train.gold.bea19_006567,0.022727272727272728,0.022727272727272728,0.022727272727272728,0.022727272727272728
ABC.train.gold.bea19_006569,0.00909090909090909,0.00909090909090909,0.00909090909090909,0.00909090909090909
ABC.train.gold.bea19_006582,0.02770255340356819,0.02770255340356819,0.02770255340356819,0.02770255340356819
ABC.train.gold.bea19_006602,0.021323400582893188,0.016428048663911267,0.021323400582893188,0.021323400582893188
ABC.train.gold.bea19_006607,0.013799457747300806,0.013799457747300806,0.013799457747300806,0.013799457747300806
ABC.train.gold.bea19_006610,0.04311676645660218,0.04311676645660218,0.04311676645660218,0.04311676645660218
ABC.train.gold.bea19_006611,0.058431265757962564,0.046611539830232626,0.03752063073932353,0.03752063073932353
ABC.train.gold.bea19_006612,0.02488717559537249,0.02488717559537249,0.02488717559537249,0.02488717559537249
ABC.train.gold.bea19_006662,0.01818181818181818,0.01818181818181818,0.01818181818181818,0.01818181818181818
ABC.train.gold.bea19_006669,0.021243399881149,0.021243399881149,0.025788854426603548,0.021243399881149
ABC.train.gold.bea19_006673,0.028080111893980436,0.028080111893980436,0.028080111893980436,0.028080111893980436
ABC.train.gold.bea19_006685,0.02546236518200696,0.02546236518200696,0.02546236518200696,0.02546236518200696
ABC.train.gold.bea19_006713,0.05377711873067052,0.00909090909090909,0.0,0.004545454545454545
ABC.train.gold.bea19_006720,0.03149109414041329,0.03149109414041329,0.023429092153157614,0.023429092153157614
ABC.train.gold.bea19_006760,0.052987617707259446,0.0484421631618049,0.03000781972746149,0.0484421631618049
ABC.train.gold.bea19_006772,0.045454545454545456,0.045454545454545456,0.04090909090909091,0.045454545454545456
ABC.train.gold.bea19_006791,0.019092641296062234,0.019092641296062234,0.019092641296062234,0.019092641296062234
ABC.train.gold.bea19_006792,0.07389375371710383,0.07389375371710383,0.06752490420182647,0.06275428253750227
ABC.train.gold.bea19_006793,0.046524064171122995,0.046524064171122995,0.02727272727272727,0.046524064171122995
ABC.train.gold.bea19_006798,0.027338290021642207,0.027338290021642207,0.027338290021642207,0.027338290021642207
ABC.train.gold.bea19_006811,0.004545454545454545,0.004545454545454545,0.004545454545454545,0.004545454545454545
ABC.train.gold.bea19_006814,0.12262754490545374,0.12262754490545374,0.11818938408692023,0.13412487619386965
ABC.train.gold.bea19_006815,0.10983998594162023,0.07727272727272727,0.07727272727272727,0.07272727272727272
ABC.train.gold.bea19_006821,0.01818181818181818,0.01818181818181818,0.01818181818181818,0.01818181818181818
ABC.train.gold.bea19_006822,0.1394660375485235,0.11450154964175255,0.10995609509629801,0.10995609509629801
ABC.train.gold.bea19_006838,0.0243755290771232,0.019830074531668653,0.0243755290771232,0.019830074531668653
ABC.train.gold.bea19_006844,0.00909090909090909,0.00909090909090909,0.00909090909090909,0.00909090909090909
ABC.train.gold.bea19_006859,0.02435442095034342,0.02435442095034342,0.019808966404888873,0.02435442095034342
ABC.train.gold.bea19_006869,0.00909090909090909,0.00909090909090909,0.00909090909090909,0.00909090909090909
ABC.train.gold.bea19_006879,0.03099243254162069,0.00909090909090909,0.00909090909090909,0.00909090909090909
ABC.train.gold.bea19_006901,0.00909090909090909,0.00909090909090909,0.00909090909090909,0.00909090909090909
ABC.train.gold.bea19_006905,0.00909090909090909,0.00909090909090909,0.00909090909090909,0.00909090909090909
ABC.train.gold.bea19_006920,0.022284456863919513,0.022284456863919513,0.022284456863919513,0.022284456863919513
ABC.train.gold.bea19_006936,0.09941866732473977,0.08638632707272136,0.07161073352117539,0.07161073352117539
ABC.train.gold.bea19_006997,0.0654311672287488,0.031818181818181815,0.02727272727272727,0.031818181818181815
ABC.train.gold.bea19_006999,0.12705807454463097,0.11714483162829849,0.10768175502431801,0.11714483162829849
ABC.train.gold.bea19_007001,0.028899875495797964,0.028899875495797964,0.028899875495797964,0.028899875495797964
ABC.train.gold.bea19_007008,0.013636363636363636,0.013636363636363636,0.013636363636363636,0.013636363636363636
ABC.train.gold.bea19_007037,0.0525974025974026,0.0525974025974026,0.03636363636363636,0.03636363636363636
ABC.train.gold.bea19_007040,0.08281606640307591,0.03683390452353366,0.03683390452353366,0.03683390452353366
ABC.train.gold.bea19_007066,0.017739002318464953,0.017739002318464953,0.017739002318464953,0.017739002318464953
ABC.train.gold.bea19_007096,0.044962519322775896,0.044962519322775896,0.04041706477732135,0.044962519322775896
ABC.train.gold.bea19_007105,0.05994431042098318,0.05994431042098318,0.05994431042098318,0.05994431042098318
ABC.train.gold.bea19_007114,0.0501181357653176,0.0501181357653176,0.0501181357653176,0.0501181357653176
ABC.train.gold.bea19_007132,0.04570841650883318,0.04570841650883318,0.04570841650883318,0.04570841650883318
ABC.train.gold.bea19_007142,0.01818181818181818,0.01818181818181818,0.01818181818181818,0.01818181818181818
ABC.train.gold.bea19_007176,0.06260329348352076,0.06260329348352076,0.054797979797979776,0.06260329348352076
ABC.train.gold.bea19_007185,0.0292400892346386,0.0292400892346386,0.0292400892346386,0.0292400892346386
ABC.train.gold.bea19_007195,0.049375779415558124,0.049375779415558124,0.049375779415558124,0.049375779415558124
ABC.train.gold.bea19_007197,0.01818181818181818,0.01818181818181818,0.01818181818181818,0.01818181818181818
ABC.train.gold.bea19_007229,0.031641743277343135,0.013636363636363636,0.01818181818181818,0.013636363636363636
ABC.train.gold.bea19_007243,0.03539203977198902,0.03539203977198902,0.03539203977198902,0.03539203977198902
ABC.train.gold.bea19_007247,0.022727272727272728,0.05636195629561872,0.022727272727272728,0.05636195629561872
ABC.train.gold.bea19_007248,0.03653560253035552,0.036513834661150574,0.03196838011569603,0.03196838011569603
ABC.train.gold.bea19_007289,0.032428836512620955,0.036974291058075495,0.032428836512620955,0.032428836512620955
ABC.train.gold.bea19_007301,0.0927827329918395,0.08823727844638496,0.0637334309322512,0.06827888547770573
ABC.train.gold.bea19_007326,0.03779806983989648,0.029162126491457722,0.029162126491457722,0.029162126491457722
ABC.train.gold.bea19_007355,0.00909090909090909,0.00909090909090909,0.00909090909090909,0.00909090909090909
ABC.train.gold.bea19_007365,0.035654443177768606,0.035654443177768606,0.027539104595241816,0.0354167556362478
ABC.train.gold.bea19_007370,0.041013001093109826,0.041013001093109826,0.041013001093109826,0.03646754654765528
ABC.train.gold.bea19_007380,0.00909090909090909,0.00909090909090909,0.00909090909090909,0.00909090909090909
ABC.train.gold.bea19_007391,0.00909090909090909,0.00909090909090909,0.00909090909090909,0.00909090909090909
ABC.train.gold.bea19_007429,0.02446690170280005,0.02446690170280005,0.02446690170280005,0.02446690170280005
ABC.train.gold.bea19_007435,0.0536947034017203,0.0536947034017203,0.0536947034017203,0.0536947034017203
ABC.train.gold.bea19_007456,0.013636363636363636,0.013636363636363636,0.013636363636363636,0.013636363636363636
ABC.train.gold.bea19_007519,0.013636363636363636,0.013636363636363636,0.013636363636363636,0.013636363636363636
ABC.train.gold.bea19_007551,0.06335707582276735,0.034882185857739,0.043973094948648095,0.03942764040319355
ABC.train.gold.bea19_007583,0.00909090909090909,0.00909090909090909,0.00909090909090909,0.00909090909090909
ABC.train.gold.bea19_007587,0.12045742176441591,0.09761494936669662,0.07519274727226569,0.0812382521549799
ABC.train.gold.bea19_007597,0.004545454545454545,0.004545454545454545,0.004545454545454545,0.004545454545454545
ABC.train.gold.bea19_007598,0.004545454545454545,0.004545454545454545,0.004545454545454545,0.004545454545454545
ABC.train.gold.bea19_007613,0.04703237117539767,0.04671601481602109,0.027898008130025936,0.04671601481602109
ABC.train.gold.bea19_007619,0.01818181818181818,0.013636363636363636,0.013636363636363636,0.013636363636363636
ABC.train.gold.bea19_007633,0.07488701795559219,0.0725540793897429,0.0725540793897429,0.0725540793897429
ABC.train.gold.bea19_007639,0.03419710613379846,0.027491228453741762,0.025412094613151404,0.025412094613151404
ABC.train.gold.bea19_007663,0.030303030303030297,0.030303030303030297,0.00909090909090909,0.030303030303030297
ABC.train.gold.bea19_007665,0.0735729811914848,0.055794131362008184,0.031818181818181815,0.031818181818181815
ABC.train.gold.bea19_007669,0.00909090909090909,0.00909090909090909,0.00909090909090909,0.00909090909090909
ABC.train.gold.bea19_007720,0.00909090909090909,0.00909090909090909,0.00909090909090909,0.00909090909090909
ABC.train.gold.bea19_007784,0.004545454545454545,0.004545454545454545,0.004545454545454545,0.004545454545454545
ABC.train.gold.bea19_007797,0.0507303588277481,0.046184904282293555,0.046184904282293555,0.046184904282293555
ABC.train.gold.bea19_007811,0.08841850554233016,0.06818181818181818,0.07798271089600922,0.06818181818181818
ABC.train.gold.bea19_007813,0.013636363636363636,0.013636363636363636,0.013636363636363636,0.013636363636363636
ABC.train.gold.bea19_007827,0.03286713286713285,0.03286713286713285,0.03286713286713285,0.03286713286713285
ABC.train.gold.bea19_007829,0.050142198813448766,0.050142198813448766,0.04270647982354868,0.04270076402180504
ABC.train.gold.bea19_007831,0.013636363636363636,0.013636363636363636,0.013636363636363636,0.013636363636363636
ABC.train.gold.bea19_007840,0.01818181818181818,0.01818181818181818,0.01818181818181818,0.01818181818181818
ABC.train.gold.bea19_007853,0.00909090909090909,0.00909090909090909,0.00909090909090909,0.00909090909090909
ABC.train.gold.bea19_007871,0.07245014534711038,0.057239449816444764,0.057239449816444764,0.051806743956031374
ABC.train.gold.bea19_007881,0.030572757993558214,0.02602730344810367,0.02602730344810367,0.02602730344810367
ABC.train.gold.bea19_007895,0.01818181818181818,0.013636363636363636,0.013636363636363636,0.013636363636363636
ABC.train.gold.bea19_007912,0.10656820514443256,0.05519615822600361,0.05519615822600361,0.05519615822600361
ABC.train.gold.bea19_007913,0.04685965472705794,0.042314200181603395,0.03322329109069431,0.042314200181603395
ABC.train.gold.bea19_007947,0.03365085696017247,0.04107744107744106,0.04107744107744106,0.04107744107744106
ABC.train.gold.bea19_007952,0.05753307225271399,0.05753307225271399,0.031818181818181815,0.052987617707259446
ABC.train.gold.bea19_007955,0.07992424242424243,0.07992424242424243,0.06496212121212122,0.07992424242424243
ABC.train.gold.bea19_007987,0.03267867393325886,0.01904231029689522,0.03267867393325886,0.03267867393325886
ABC.train.gold.bea19_007992,0.00909090909090909,0.00909090909090909,0.00909090909090909,0.00909090909090909
ABC.train.gold.bea19_007999,0.04346628465438298,0.01818181818181818,0.01818181818181818,0.01818181818181818
ABC.train.gold.bea19_008007,0.02727272727272727,0.02727272727272727,0.00909090909090909,0.02727272727272727
ABC.train.gold.bea19_008019,0.05812659467799973,0.06267204922345428,0.06267204922345428,0.05812659467799973
ABC.train.gold.bea19_008026,0.03684299915256918,0.03365831550767082,0.03365831550767082,0.029555676825569487
ABC.train.gold.bea19_008029,0.01818181818181818,0.01818181818181818,0.01818181818181818,0.01818181818181818
ABC.train.gold.bea19_008068,0.049965075644782544,0.025058268156901264,0.01818181818181818,0.01818181818181818
ABC.train.gold.bea19_008072,0.018937241927952278,0.018937241927952278,0.018937241927952278,0.018937241927952278
ABC.train.gold.bea19_008074,0.08847630768438935,0.05454545454545454,0.07029448950257117,0.05222542312040612
ABC.train.gold.bea19_008076,0.015291326358973994,0.015291326358973994,0.015291326358973994,0.015291326358973994
ABC.train.gold.bea19_008084,0.022727272727272728,0.01818181818181818,0.022727272727272728,0.022727272727272728
ABC.train.gold.bea19_008112,0.022727272727272728,0.022727272727272728,0.022727272727272728,0.022727272727272728
ABC.train.gold.bea19_008122,0.018871220420408574,0.018871220420408574,0.018871220420408574,0.018871220420408574
ABC.train.gold.bea19_008142,0.01983678090442854,0.01983678090442854,0.01983678090442854,0.01983678090442854
ABC.train.gold.bea19_008163,0.018111969471383275,0.014247018330802748,0.00909090909090909,0.014247018330802748
ABC.train.gold.bea19_008180,0.017870127816294837,0.017870127816294837,0.017870127816294837,0.017870127816294837
ABC.train.gold.bea19_008206,0.045454545454545456,0.045454545454545456,0.031818181818181815,0.045454545454545456
ABC.train.gold.bea19_008221,0.004545454545454545,0.004545454545454545,0.004545454545454545,0.004545454545454545
ABC.train.gold.bea19_008229,0.01818181818181818,0.01818181818181818,0.01818181818181818,0.01818181818181818
ABC.train.gold.bea19_008233,0.004545454545454545,0.004545454545454545,0.004545454545454545,0.004545454545454545
ABC.train.gold.bea19_008240,0.031818181818181815,0.02727272727272727,0.031818181818181815,0.02727272727272727
ABC.train.gold.bea19_008244,0.2899547192958154,0.13977598700930177,0.07260569617988692,0.06806024163443238
ABC.train.gold.bea19_008257,0.04102722667440849,0.00909090909090909,0.00909090909090909,0.00909090909090909
ABC.train.gold.bea19_008266,0.021398825137213077,0.021398825137213077,0.021398825137213077,0.021398825137213077
ABC.train.gold.bea19_008279,0.013636363636363636,0.013636363636363636,0.013636363636363636,0.013636363636363636
ABC.train.gold.bea19_008311,0.09389282813243734,0.10140704901195526,0.0905924759435283,0.0905924759435283
ABC.train.gold.bea19_008319,0.05857473563572451,0.03653198653198651,0.04998924748379685,0.04998924748379685
ABC.train.gold.bea19_008358,0.01982182187795908,0.00909090909090909,0.00909090909090909,0.00909090909090909
ABC.train.gold.bea19_008407,0.025623252973461907,0.02107779842800736,0.02107779842800736,0.02107779842800736
ABC.train.gold.bea19_008413,0.02727272727272727,0.022727272727272728,0.022727272727272728,0.022727272727272728
ABC.train.gold.bea19_008444,0.004545454545454545,0.004545454545454545,0.004545454545454545,0.004545454545454545
ABC.train.gold.bea19_008445,0.004545454545454545,0.004545454545454545,0.004545454545454545,0.004545454545454545
ABC.train.gold.bea19_008447,0.03988450877950228,0.028824333121184566,0.01818181818181818,0.01818181818181818
ABC.train.gold.bea19_008477,0.00909090909090909,0.00909090909090909,0.00909090909090909,0.00909090909090909
ABC.train.gold.bea19_008483,0.025476272431776796,0.013636363636363636,0.013636363636363636,0.013636363636363636
ABC.train.gold.bea19_008499,0.04322186977105794,0.038676415225603396,0.038676415225603396,0.038676415225603396
ABC.train.gold.bea19_008503,0.00909090909090909,0.00909090909090909,0.00909090909090909,0.00909090909090909
ABC.train.gold.bea19_008504,0.027571427905738313,0.027571427905738313,0.00909090909090909,0.027571427905738313
ABC.train.gold.bea19_008507,0.01818181818181818,0.018312943679648048,0.018312943679648048,0.018312943679648048
ABC.train.gold.bea19_008523,0.01855953005488523,0.01855953005488523,0.01855953005488523,0.01855953005488523
ABC.train.gold.bea19_008527,0.01818181818181818,0.01818181818181818,0.00909090909090909,0.01818181818181818
ABC.train.gold.bea19_008541,0.053196671985143204,0.028596370221409213,0.028596370221409213,0.028596370221409213
ABC.train.gold.bea19_008549,0.026345407369598495,0.03089086191505304,0.026345407369598495,0.026345407369598495
ABC.train.gold.bea19_008550,0.013636363636363636,0.013636363636363636,0.013636363636363636,0.013636363636363636
ABC.train.gold.bea19_008582,0.00909090909090909,0.00909090909090909,0.00909090909090909,0.00909090909090909
ABC.train.gold.bea19_008602,0.09555562406832714,0.08367761167779288,0.08367761167779288,0.08367761167779288
ABC.train.gold.bea19_008617,0.05572183561214616,0.060267290157600704,0.05117638106669162,0.060267290157600704
ABC.train.gold.bea19_008623,0.03980445357139672,0.030713544480487628,0.025623252973461894,0.025623252973461894
ABC.train.gold.bea19_008645,0.022727272727272728,0.022727272727272728,0.022727272727272728,0.022727272727272728
ABC.train.gold.bea19_008652,0.041414141414141424,0.01611185409539427,0.041414141414141424,0.01611185409539427
ABC.train.gold.bea19_008673,0.034852486459310224,0.02655800316482694,0.03040545245068835,0.02655800316482694
ABC.train.gold.bea19_008674,0.031818181818181815,0.01846628465438298,0.02301173919983753,0.01846628465438298
ABC.train.gold.bea19_008681,0.00909090909090909,0.00909090909090909,0.00909090909090909,0.00909090909090909
ABC.train.gold.bea19_008685,0.18104352771930418,0.15226608770779237,0.09860058138282561,0.09944940317912246
ABC.train.gold.bea19_008689,0.04597470628430325,0.04597470628430325,0.029748217731757905,0.04597470628430325
ABC.train.gold.bea19_008692,0.022153331366089633,0.022153331366089633,0.022153331366089633,0.02184164100056629
ABC.train.gold.bea19_008703,0.013636363636363636,0.00909090909090909,0.00909090909090909,0.00909090909090909
ABC.train.gold.bea19_008724,0.03862953312977213,0.0465840785843176,0.030652392410627533,0.0465840785843176
ABC.train.gold.bea19_008728,0.050777519494413406,0.04967417205679144,0.04967417205679144,0.04967417205679144
ABC.train.gold.bea19_008749,0.01917779122302713,0.01917779122302713,0.01917779122302713,0.01917779122302713
ABC.train.gold.bea19_008751,0.047942185792693194,0.031818181818181815,0.031818181818181815,0.047942185792693194
ABC.train.gold.bea19_008758,0.031818181818181815,0.022727272727272728,0.022727272727272728,0.022727272727272728
ABC.train.gold.bea19_008760,0.17657679688300076,0.11092606736650622,0.06137265301301511,0.07575710878449995
ABC.train.gold.bea19_008761,0.031818181818181815,0.031818181818181815,0.022727272727272728,0.022727272727272728
ABC.train.gold.bea19_008779,0.01818181818181818,0.03132703856290113,0.03132703856290113,0.03132703856290113
ABC.train.gold.bea19_008786,0.00909090909090909,0.00909090909090909,0.00909090909090909,0.00909090909090909
ABC.train.gold.bea19_008790,0.036152193789181185,0.036152193789181185,0.036152193789181185,0.036152193789181185
ABC.train.gold.bea19_008803,0.07527970080167945,0.03636363636363636,0.03636363636363636,0.03636363636363636
ABC.train.gold.bea19_008823,0.033684929689485416,0.029139475144030872,0.033684929689485416,0.04848484848484848
ABC.train.gold.bea19_008836,0.013636363636363636,0.013636363636363636,0.013636363636363636,0.013636363636363636
ABC.train.gold.bea19_008840,0.013636363636363636,0.00909090909090909,0.00909090909090909,0.013636363636363636
ABC.train.gold.bea19_008845,0.07070959731978865,0.0661641427743341,0.07070959731978865,0.07070959731978865
ABC.train.gold.bea19_008850,0.06533580245461466,0.04740918588239353,0.04740918588239353,0.04740918588239353
ABC.train.gold.bea19_008863,0.019016253168008278,0.019016253168008278,0.019016253168008278,0.019016253168008278
ABC.train.gold.bea19_008881,0.028899875495797964,0.028899875495797964,0.028899875495797964,0.028899875495797964
ABC.train.gold.bea19_008917,0.07334003595687175,0.0700165771966071,0.05454545454545454,0.05454545454545454
ABC.train.gold.bea19_008932,0.027059587510662196,0.013636363636363636,0.013636363636363636,0.013636363636363636
ABC.train.gold.bea19_008960,0.00909090909090909,0.00909090909090909,0.00909090909090909,0.00909090909090909
ABC.train.gold.bea19_008988,0.04880772406139641,0.04893557816389863,0.04893557816389863,0.044390123618444084
ABC.train.gold.bea19_009039,0.031818181818181815,0.031818181818181815,0.031818181818181815,0.031818181818181815
ABC.train.gold.bea19_009049,0.004545454545454545,0.004545454545454545,0.004545454545454545,0.004545454545454545
ABC.train.gold.bea19_009056,0.07092953252249191,0.04339969595056372,0.031818181818181815,0.02727272727272727
ABC.train.gold.bea19_009062,0.09345738445514531,0.07637036169288869,0.07637036169288869,0.031818181818181815
ABC.train.gold.bea19_009089,0.020526183143018933,0.013636363636363636,0.013636363636363636,0.013636363636363636
ABC.train.gold.bea19_009096,0.04505157710220388,0.03761014231056016,0.03016870751891645,0.03016870751891645
ABC.train.gold.bea19_009102,0.030611430791221746,0.030611430791221746,0.030611430791221746,0.030611430791221746
ABC.train.gold.bea19_009103,0.047539168520559456,0.03921491553764403,0.01818181818181818,0.03921491553764403
ABC.train.gold.bea19_009106,0.004545454545454545,0.004545454545454545,0.0,0.08350522035340303
ABC.train.gold.bea19_009107,0.05678325746296437,0.05902106038047418,0.05902106038047418,0.05902106038047418
ABC.train.gold.bea19_009115,0.00909090909090909,0.00909090909090909,0.00909090909090909,0.00909090909090909
ABC.train.gold.bea19_009129,0.07343968559428912,0.06889423104883458,0.05987317066836039,0.06889423104883458
ABC.train.gold.bea19_009140,0.00909090909090909,0.00909090909090909,0.00909090909090909,0.00909090909090909
ABC.train.gold.bea19_009147,0.10349880156336458,0.09236479607749404,0.08608044863559584,0.10113756787776415
ABC.train.gold.bea19_009172,0.013799457747300806,0.013799457747300806,0.013799457747300806,0.013799457747300806
ABC.train.gold.bea19_009177,0.013767489134193504,0.013767489134193504,0.013767489134193504,0.013767489134193504
ABC.train.gold.bea19_009178,0.013636363636363636,0.013636363636363636,0.013636363636363636,0.013636363636363636
ABC.train.gold.bea19_009190,0.022727272727272728,0.00909090909090909,0.013636363636363636,0.013636363636363636
ABC.train.gold.bea19_009201,0.01818181818181818,0.01818181818181818,0.01818181818181818,0.01818181818181818
ABC.train.gold.bea19_009203,0.02983142682873605,0.01164960864691787,0.02983142682873605,0.01164960864691787
ABC.train.gold.bea19_009229,0.01818181818181818,0.013636363636363636,0.013636363636363636,0.013636363636363636
ABC.train.gold.bea19_009237,0.004545454545454545,0.004545454545454545,0.004545454545454545,0.004545454545454545
ABC.train.gold.bea19_009260,0.00909090909090909,0.00909090909090909,0.00909090909090909,0.00909090909090909
ABC.train.gold.bea19_009278,0.004545454545454545,0.004545454545454545,0.004545454545454545,0.07848267967633893
ABC.train.gold.bea19_009307,0.052591140220274515,0.06315789473684212,0.058612440191387574,0.058612440191387574
ABC.train.gold.bea19_009308,0.1025416046352616,0.09055367691789915,0.08404508402561636,0.09055367691789915
ABC.train.gold.bea19_009332,0.07514207377142491,0.04995685866336819,0.033260129466639005,0.04995685866336819
ABC.train.gold.bea19_009337,0.010439301010900891,0.01287796018207955,0.00909090909090909,0.01287796018207955
ABC.train.gold.bea19_009340,0.02295192830047776,0.02624794649592867,0.02624794649592867,0.01742341472753411
ABC.train.gold.bea19_009356,0.013636363636363636,0.013636363636363636,0.013636363636363636,0.013636363636363636
ABC.train.gold.bea19_009360,0.07608148250673619,0.07608148250673619,0.06626065693757442,0.06626065693757442
ABC.train.gold.bea19_009363,0.08864778157873146,0.08864778157873146,0.08864778157873146,0.08864778157873146
ABC.train.gold.bea19_009393,0.0815521837596479,0.0866593635427487,0.0866593635427487,0.0866593635427487
ABC.train.gold.bea19_009397,0.004545454545454545,0.004545454545454545,0.004545454545454545,0.004545454545454545
ABC.train.gold.bea19_009403,0.04266633306892425,0.03761994484058369,0.03307449029512914,0.03307449029512914
ABC.train.gold.bea19_009405,0.00909090909090909,0.00909090909090909,0.00909090909090909,0.00909090909090909
ABC.train.gold.bea19_009440,0.013636363636363636,0.013636363636363636,0.00909090909090909,0.013636363636363636
ABC.train.gold.bea19_009460,0.06139807094330685,0.03147382851906442,0.026928373973609872,0.03147382851906442
ABC.train.gold.bea19_009483,0.12410004290296248,0.00909090909090909,0.00909090909090909,0.00909090909090909
ABC.train.gold.bea19_009487,0.033666468971498914,0.033666468971498914,0.033666468971498914,0.02727272727272727
ABC.train.gold.bea19_009491,0.004545454545454545,0.004545454545454545,0.004545454545454545,0.004545454545454545
ABC.train.gold.bea19_009539,0.1291453240051449,0.04207304418102068,0.05019488205495948,0.03193388537535485
ABC.train.gold.bea19_009550,0.029446827084444772,0.00909090909090909,0.00909090909090909,0.00909090909090909
ABC.train.gold.bea19_009561,0.04341534451423578,0.04341534451423578,0.02727272727272727,0.02727272727272727
ABC.train.gold.bea19_009564,0.022727272727272728,0.022727272727272728,0.022727272727272728,0.022727272727272728
ABC.train.gold.bea19_009565,0.014197289377080313,0.014197289377080313,0.014197289377080313,0.014197289377080313
ABC.train.gold.bea19_009567,0.00909090909090909,0.00909090909090909,0.00909090909090909,0.00909090909090909
ABC.train.gold.bea19_009590,0.030572757993558214,0.030572757993558214,0.030572757993558214,0.030572757993558214
ABC.train.gold.bea19_009605,0.04847005511272034,0.021077798428007347,0.013636363636363636,0.04118950811253158
ABC.train.gold.bea19_009645,0.01818181818181818,0.01818181818181818,0.01818181818181818,0.01818181818181818
ABC.train.gold.bea19_009649,0.0243822354498831,0.0243822354498831,0.0243822354498831,0.0243822354498831
ABC.train.gold.bea19_009677,0.00909090909090909,0.00909090909090909,0.00909090909090909,0.00909090909090909
ABC.train.gold.bea19_009700,0.08874224297380083,0.05735294117647059,0.06189839572192513,0.05735294117647059
ABC.train.gold.bea19_009704,0.16935053494934024,0.14103393969372247,0.15548815562367,0.1253091183860876
ABC.train.gold.bea19_009712,0.00909090909090909,0.013636363636363636,0.00909090909090909,0.00909090909090909
ABC.train.gold.bea19_009737,0.013636363636363636,0.00909090909090909,0.00909090909090909,0.00909090909090909
ABC.train.gold.bea19_009763,0.06525611457803085,0.0607106600325763,0.0607106600325763,0.04177353589612406
ABC.train.gold.bea19_009769,0.19675006308699655,0.11391722625518674,0.10931091050848137,0.11502585986591556
ABC.train.gold.bea19_009770,0.11379513164243758,0.10995449680325306,0.10033969351207668,0.10033969351207668
ABC.train.gold.bea19_009790,0.07889632180057429,0.05753826721970993,0.05753826721970993,0.06525995816421067
ABC.train.gold.bea19_009823,0.02365636625438406,0.02365636625438406,0.02365636625438406,0.02365636625438406
ABC.train.gold.bea19_009871,0.029542971455329546,0.00909090909090909,0.00909090909090909,0.00909090909090909
ABC.train.gold.bea19_009880,0.06312315383516977,0.06312315383516977,0.04090909090909091,0.06312315383516977
ABC.train.gold.bea19_009888,0.00909090909090909,0.00909090909090909,0.00909090909090909,0.00909090909090909
ABC.train.gold.bea19_009903,0.00909090909090909,0.00909090909090909,0.00909090909090909,0.00909090909090909
ABC.train.gold.bea19_009936,0.045714625869424354,0.045714625869424354,0.05114937253176393,0.039630681818181815
ABC.train.gold.bea19_009944,0.031818181818181815,0.028650479973208434,0.028650479973208434,0.028650479973208434
ABC.train.gold.bea19_009982,0.023092070586619932,0.013636363636363636,0.014001161495710839,0.014001161495710839
ABC.train.gold.bea19_009987,0.0408455563804499,0.0408455563804499,0.0408455563804499,0.0408455563804499
ABC.train.gold.bea19_010013,0.028028151018861372,0.028028151018861372,0.028028151018861372,0.028028151018861372
ABC.train.gold.bea19_010015,0.025724616177666696,0.00909090909090909,0.00909090909090909,0.00909090909090909
ABC.train.gold.bea19_010037,0.05781900752830733,0.0641362950780086,0.0641362950780086,0.0641362950780086
ABC.train.gold.bea19_010038,0.0636868614300776,0.05560673027982448,0.06375060694023249,0.05560673027982448
ABC.train.gold.bea19_010050,0.08114955590615727,0.07490645776810909,0.06368916603208066,0.07490645776810909
ABC.train.gold.bea19_010052,0.06451930534876799,0.0649621212121212,0.0649621212121212,0.05606075792329749
ABC.train.gold.bea19_010082,0.015695368562813422,0.013636363636363636,0.01818181818181818,0.013636363636363636
ABC.train.gold.bea19_010097,0.06218723362875579,0.04216558860711077,0.016918474582044693,0.03762013406165622
ABC.train.gold.bea19_010103,0.031059820391300855,0.022727272727272728,0.022727272727272728,0.022727272727272728
ABC.train.gold.bea19_010114,0.02727272727272727,0.022727272727272728,0.022727272727272728,0.022727272727272728
ABC.train.gold.bea19_010150,0.013636363636363636,0.013636363636363636,0.013636363636363636,0.013636363636363636
ABC.train.gold.bea19_010166,0.06225778559624292,0.04324507787385776,0.048621421959879285,0.048621421959879285
ABC.train.gold.bea19_010168,0.00909090909090909,0.00909090909090909,0.00909090909090909,0.00909090909090909
ABC.train.gold.bea19_010177,0.13361116098051545,0.10248000467881486,0.09878337192965714,0.10248000467881486
ABC.train.gold.bea19_010208,0.022727272727272728,0.022727272727272728,0.022727272727272728,0.022727272727272728
ABC.train.gold.bea19_010218,0.03740674810537521,0.032861293559920665,0.03740674810537521,0.032861293559920665
ABC.train.gold.bea19_010226,0.02819656600743774,0.02819656600743774,0.02819656600743774,0.022727272727272728
ABC.train.gold.bea19_010269,0.04396654628156693,0.04396654628156693,0.04496723897767517,0.04496723897767517
ABC.train.gold.bea19_010273,0.022727272727272728,0.01818181818181818,0.01818181818181818,0.01818181818181818
ABC.train.gold.bea19_010276,0.04897646815159041,0.029617092233928038,0.02727272727272727,0.02727272727272727
ABC.train.gold.bea19_010313,0.05431153200800494,0.05431153200800494,0.05431153200800494,0.06311641954296586
ABC.train.gold.bea19_010331,0.020277722529483896,0.020277722529483896,0.020277722529483896,0.020277722529483896
ABC.train.gold.bea19_010335,0.013636363636363636,0.013636363636363636,0.013636363636363636,0.013636363636363636
ABC.train.gold.bea19_010342,0.00909090909090909,0.00909090909090909,0.00909090909090909,0.00909090909090909
ABC.train.gold.bea19_010344,0.06363636363636363,0.02198360421946679,0.00909090909090909,0.00909090909090909
ABC.train.gold.bea19_010348,0.03975708185986994,0.031059778363897717,0.031059778363897717,0.031059778363897717
ABC.train.gold.bea19_010355,0.06164625939620547,0.06164625939620547,0.06164625939620547,0.06164625939620547
ABC.train.gold.bea19_010362,0.024206087665665975,0.01818181818181818,0.01818181818181818,0.01818181818181818
ABC.train.gold.bea19_010381,0.07355057496696873,0.06897988596787963,0.018111969471383257,0.01818181818181818
ABC.train.gold.bea19_010387,0.13333036519844668,0.1296193456391822,0.12000216797194435,0.11258012885341545
ABC.train.gold.bea19_010393,0.014060534754343603,0.014060534754343603,0.014060534754343603,0.014060534754343603
ABC.train.gold.bea19_010401,0.041958041958041974,0.041958041958041974,0.03206558664112147,0.0525345054080015
ABC.train.gold.bea19_010407,0.00909090909090909,0.00909090909090909,0.00909090909090909,0.00909090909090909
ABC.train.gold.bea19_010411,0.00909090909090909,0.00909090909090909,0.00909090909090909,0.00909090909090909
ABC.train.gold.bea19_010435,0.00909090909090909,0.00909090909090909,0.00909090909090909,0.00909090909090909
ABC.train.gold.bea19_010454,0.033370751059759514,0.00909090909090909,0.00909090909090909,0.00909090909090909
ABC.train.gold.bea19_010463,0.027131133408707014,0.022585678863252467,0.022585678863252467,0.022585678863252467
ABC.train.gold.bea19_010476,0.021481848902649123,0.00909090909090909,0.00909090909090909,0.00909090909090909
ABC.train.gold.bea19_010489,0.01818181818181818,0.01818181818181818,0.01818181818181818,0.01818181818181818
ABC.train.gold.bea19_010508,0.00909090909090909,0.00909090909090909,0.00909090909090909,0.00909090909090909
ABC.train.gold.bea19_010518,0.01942832412874198,0.01942832412874198,0.01942832412874198,0.01942832412874198
ABC.train.gold.bea19_010521,0.01671334264793962,0.01671334264793962,0.01671334264793962,0.01671334264793962
ABC.train.gold.bea19_010540,0.00909090909090909,0.013636363636363636,0.00909090909090909,0.00909090909090909
ABC.train.gold.bea19_010570,0.00909090909090909,0.00909090909090909,0.00909090909090909,0.00909090909090909
ABC.train.gold.bea19_010574,0.02252214440544032,0.02252214440544032,0.02252214440544032,0.02252214440544032
ABC.train.gold.bea19_010620,0.03286713286713285,0.00909090909090909,0.00909090909090909,0.00909090909090909
ABC.train.gold.bea19_010655,0.023616801967177685,0.019071347421723138,0.023616801967177685,0.019071347421723138
ABC.train.gold.bea19_010656,0.029930007096512463,0.013636363636363636,0.022727272727272728,0.01818181818181818
ABC.train.gold.bea19_010685,0.00909090909090909,0.00909090909090909,0.00909090909090909,0.00909090909090909
ABC.train.gold.bea19_010687,0.04267605033962045,0.04267605033962045,0.02209743167232725,0.04267605033962045
ABC.train.gold.bea19_010698,0.08589896863940581,0.05872690211115583,0.0526429580599133,0.0526429580599133
ABC.train.gold.bea19_010712,0.00909090909090909,0.00909090909090909,0.00909090909090909,0.00909090909090909
ABC.train.gold.bea19_010751,0.031326428826326,0.01818181818181818,0.01818181818181818,0.01818181818181818
ABC.train.gold.bea19_010767,0.022727272727272728,0.0222844568639195,0.013636363636363636,0.0222844568639195
ABC.train.gold.bea19_010795,0.00909090909090909,0.00909090909090909,0.00909090909090909,0.00909090909090909
ABC.train.gold.bea19_010820,0.0796837807901171,0.0796837807901171,0.05283583510945061,0.0796837807901171
ABC.train.gold.bea19_010827,0.051350476733899614,0.04225956764299052,0.04680502218844507,0.04225956764299052
ABC.train.gold.bea19_010832,0.039998773362508955,0.039998773362508955,0.013636363636363636,0.013636363636363636
ABC.train.gold.bea19_010862,0.02727272727272727,0.02727272727272727,0.02727272727272727,0.02727272727272727
ABC.train.gold.bea19_010902,0.013636363636363636,0.00909090909090909,0.00909090909090909,0.00909090909090909
ABC.train.gold.bea19_010910,0.3220678684096709,0.2521142294601767,0.25257867912230136,0.24803322457684682
ABC.train.gold.bea19_010934,0.013636363636363636,0.013636363636363636,0.013636363636363636,0.013636363636363636
ABC.train.gold.bea19_010998,0.01980896640488888,0.01980896640488888,0.01980896640488888,0.01980896640488888
ABC.train.gold.bea19_011041,0.032070707070707076,0.032070707070707076,0.032070707070707076,0.032070707070707076
ABC.train.gold.bea19_011084,0.01818181818181818,0.01818181818181818,0.01818181818181818,0.01818181818181818
ABC.train.gold.bea19_011088,0.05243914396496493,0.05243914396496493,0.05243914396496493,0.05243914396496493
ABC.train.gold.bea19_011101,0.016038549794618814,0.016038549794618814,0.016038549794618814,0.016038549794618814
ABC.train.gold.bea19_011116,0.04562289562289561,0.04107744107744106,0.02727272727272727,0.04107744107744106
ABC.train.gold.bea19_011121,0.035605232909352275,0.022727272727272728,0.022727272727272728,0.022727272727272728
ABC.train.gold.bea19_011130,0.0254437204366337,0.0254437204366337,0.0254437204366337,0.0254437204366337
ABC.train.gold.bea19_011133,0.01818181818181818,0.01818181818181818,0.01818181818181818,0.01818181818181818
ABC.train.gold.bea19_011170,0.08549258181045269,0.07080890383984303,0.07080890383984303,0.07080890383984303
ABC.train.gold.bea19_011172,0.04861303438828708,0.044067579842832535,0.03952212529737799,0.03952212529737799
ABC.train.gold.bea19_011177,0.01818181818181818,0.01818181818181818,0.01818181818181818,0.01818181818181818
ABC.train.gold.bea19_011211,0.018216530090249376,0.018216530090249376,0.018216530090249376,0.018216530090249376
ABC.train.gold.bea19_011231,0.01818181818181818,0.01818181818181818,0.01818181818181818,0.01818181818181818
ABC.train.gold.bea19_011239,0.0228903668382099,0.0228903668382099,0.0228903668382099,0.0228903668382099
ABC.train.gold.bea19_011243,0.02727272727272727,0.022727272727272728,0.022727272727272728,0.022727272727272728
ABC.train.gold.bea19_011250,0.03764099296049882,0.022727272727272728,0.022727272727272728,0.059785391218645366
ABC.train.gold.bea19_011253,0.03960755463925721,0.033711707363767045,0.02727272727272727,0.0336204531868927
ABC.train.gold.bea19_011257,0.04190684525722092,0.037361390711766376,0.037361390711766376,0.037361390711766376
ABC.train.gold.bea19_011260,0.014001161495710839,0.014001161495710839,0.014001161495710839,0.014001161495710839
ABC.train.gold.bea19_011281,0.015263511859434328,0.024317131459596922,0.024317131459596922,0.015263511859434328
ABC.train.gold.bea19_011289,0.0966105708415496,0.07068059154432715,0.01818181818181818,0.01818181818181818
ABC.train.gold.bea19_011304,0.00909090909090909,0.004545454545454545,0.004545454545454545,0.00909090909090909
ABC.train.gold.bea19_011309,0.05945399818545875,0.05036308909454966,0.05036308909454966,0.05036308909454966
ABC.train.gold.bea19_011336,0.036585948868593454,0.022727272727272728,0.01818181818181818,0.03274291218219571
ABC.train.gold.bea19_011342,0.00909090909090909,0.00909090909090909,0.00909090909090909,0.00909090909090909
ABC.train.gold.bea19_011348,0.06294026623151151,0.05384935714060244,0.06294026623151151,0.05384935714060244
ABC.train.gold.bea19_011369,0.022024854868215916,0.022024854868215916,0.022024854868215916,0.022024854868215916
ABC.train.gold.bea19_011382,0.09308892180830884,0.08198653198653197,0.07744107744107742,0.07744107744107742
ABC.train.gold.bea19_011413,0.03859720217131368,0.03859720217131368,0.03859720217131368,0.03859720217131368
ABC.train.gold.bea19_011417,0.020005213151640992,0.02455066769709554,0.01818181818181818,0.02455066769709554
ABC.train.gold.bea19_011420,0.021258797193394196,0.00909090909090909,0.00909090909090909,0.00909090909090909
ABC.train.gold.bea19_011426,0.05896957778414965,0.03316103495532024,0.037706489500774786,0.03316103495532024
ABC.train.gold.bea19_011433,0.013636363636363636,0.01818181818181818,0.013636363636363636,0.013636363636363636
ABC.train.gold.bea19_011444,0.02685772590891372,0.00909090909090909,0.00909090909090909,0.00909090909090909
ABC.train.gold.bea19_011454,0.04090909090909091,0.046169996192704746,0.046169996192704746,0.04226986180964708
ABC.train.gold.bea19_011473,0.02727272727272727,0.028358868197059336,0.01917779122302713,0.01917779122302713
ABC.train.gold.bea19_011481,0.04828811407538384,0.04116161616161616,0.04116161616161616,0.04116161616161616
ABC.train.gold.bea19_011492,0.022727272727272728,0.022727272727272728,0.01818181818181818,0.01818181818181818
ABC.train.gold.bea19_011493,0.04090909090909091,0.045454545454545456,0.045454545454545456,0.045454545454545456
ABC.train.gold.bea19_011499,0.043658588124938426,0.02938539859348028,0.033930853138934826,0.02938539859348028
ABC.train.gold.bea19_011509,0.04090909090909091,0.04090909090909091,0.04090909090909091,0.04090909090909091
ABC.train.gold.bea19_011511,0.00909090909090909,0.00909090909090909,0.00909090909090909,0.00909090909090909
ABC.train.gold.bea19_011524,0.00909090909090909,0.00909090909090909,0.00909090909090909,0.00909090909090909
ABC.train.gold.bea19_011552,0.06597689728178666,0.0535089112740693,0.06597689728178666,0.0535089112740693
ABC.train.gold.bea19_011557,0.040028562916397586,0.022727272727272728,0.022727272727272728,0.022727272727272728
ABC.train.gold.bea19_011619,0.02835285700485113,0.02835285700485113,0.02835285700485113,0.02835285700485113
ABC.train.gold.bea19_011647,0.05061276322959903,0.05087830721919438,0.043237098209555916,0.043237098209555916
ABC.train.gold.bea19_011675,0.04957496637723082,0.04957496637723082,0.04957496637723082,0.04957496637723082
ABC.train.gold.bea19_011677,0.04952153110047845,0.05313450849384758,0.05313450849384758,0.05313450849384758
ABC.train.gold.bea19_011689,0.09290845950881575,0.08958796493400918,0.07595160129764554,0.07595160129764554
ABC.train.gold.bea19_011697,0.051368435865289434,0.051368435865289434,0.028965838462692045,0.051368435865289434
ABC.train.gold.bea19_011726,0.035047894143816635,0.035047894143816635,0.035047894143816635,0.035047894143816635
ABC.train.gold.bea19_011731,0.04883521695893626,0.01651974560353002,0.00909090909090909,0.01651974560353002
ABC.train.gold.bea19_011747,0.04700357397424119,0.04232283981738915,0.04232283981738915,0.04232283981738915
ABC.train.gold.bea19_011754,0.0773750502693834,0.06709646017005688,0.055414410858873275,0.06255100562460235
ABC.train.gold.bea19_011763,0.023678925961522858,0.023678925961522858,0.023678925961522858,0.023678925961522858
ABC.train.gold.bea19_011777,0.00909090909090909,0.00909090909090909,0.00909090909090909,0.00909090909090909
ABC.train.gold.bea19_011800,0.017870127816294837,0.017870127816294837,0.00909090909090909,0.017870127816294837
ABC.train.gold.bea19_011863,0.02767825364533398,0.03383221166848598,0.01818181818181818,0.03383221166848598
ABC.train.gold.bea19_011865,0.00909090909090909,0.00909090909090909,0.00909090909090909,0.00909090909090909
ABC.train.gold.bea19_011876,0.03545609018274716,0.028708654423735408,0.028708654423735408,0.028708654423735408
ABC.train.gold.bea19_011885,0.05388150364281392,0.05028281187015196,0.04119190277924287,0.05028281187015196
ABC.train.gold.bea19_011887,0.03234265734265734,0.023251748251748243,0.03234265734265734,0.02779720279720279
ABC.train.gold.bea19_011896,0.02727272727272727,0.02727272727272727,0.02727272727272727,0.02727272727272727
ABC.train.gold.bea19_011919,0.017152911078164787,0.017152911078164787,0.017152911078164787,0.017152911078164787
ABC.train.gold.bea19_011927,0.03751067923260735,0.04205613377806189,0.022727272727272728,0.04205613377806189
ABC.train.gold.bea19_011951,0.024756491732609617,0.02021103718715507,0.02021103718715507,0.02021103718715507
ABC.train.gold.bea19_011967,0.04870470234041005,0.03941885392771065,0.03941885392771065,0.03941885392771065
ABC.train.gold.bea19_011978,0.00909090909090909,0.00909090909090909,0.00909090909090909,0.00909090909090909
ABC.train.gold.bea19_011979,0.01943599925197056,0.01943599925197056,0.00909090909090909,0.01943599925197056
ABC.train.gold.bea19_011980,0.05704751089940061,0.05704751089940061,0.05704751089940061,0.05704751089940061
ABC.train.gold.bea19_011990,0.04483536760274738,0.04483536760274738,0.04483536760274738,0.03636363636363636
ABC.train.gold.bea19_012039,0.01818181818181818,0.01818181818181818,0.022727272727272728,0.01818181818181818
ABC.train.gold.bea19_012049,0.04718388195377458,0.022727272727272728,0.01818181818181818,0.022727272727272728
ABC.train.gold.bea19_012054,0.08802397564471852,0.09631745602154704,0.09631745602154704,0.09631745602154704
ABC.train.gold.bea19_012061,0.022727272727272728,0.01818181818181818,0.01818181818181818,0.022727272727272728
ABC.train.gold.bea19_012068,0.025456649380263305,0.020911194834808758,0.01998240870312135,0.015436954157666806
ABC.train.gold.bea19_012071,0.02727272727272727,0.02727272727272727,0.02817027977710355,0.02817027977710355
ABC.train.gold.bea19_012098,0.018792472876257307,0.014247018330802764,0.01818181818181818,0.014247018330802764
ABC.train.gold.bea19_012110,0.00909090909090909,0.00909090909090909,0.00909090909090909,0.00909090909090909
ABC.train.gold.bea19_012115,0.04268774703557311,0.033596837944664025,0.033596837944664025,0.03741915751438882
ABC.train.gold.bea19_012118,0.022727272727272728,0.022727272727272728,0.01818181818181818,0.01818181818181818
ABC.train.gold.bea19_012123,0.00909090909090909,0.00909090909090909,0.00909090909090909,0.00909090909090909
ABC.train.gold.bea19_012174,0.03876262626262626,0.028982449343840144,0.028982449343840144,0.040891622323998546
ABC.train.gold.bea19_012212,0.021243399881149,0.021243399881149,0.021243399881149,0.021243399881149
ABC.train.gold.bea19_012229,0.04216935457404123,0.04090909090909091,0.04090909090909091,0.04090909090909091
ABC.train.gold.bea19_012241,0.021855548250336126,0.021855548250336126,0.00909090909090909,0.021855548250336126
ABC.train.gold.bea19_012248,0.00909090909090909,0.00909090909090909,0.00909090909090909,0.00909090909090909
ABC.train.gold.bea19_012259,0.00909090909090909,0.00909090909090909,0.00909090909090909,0.00909090909090909
ABC.train.gold.bea19_012274,0.0414910558225363,0.0414910558225363,0.0414910558225363,0.0414910558225363
ABC.train.gold.bea19_012290,0.09591500486169757,0.00909090909090909,0.013636363636363636,0.00909090909090909
ABC.train.gold.bea19_012305,0.041724667147915104,0.03717921260246056,0.03717921260246056,0.03717921260246056
ABC.train.gold.bea19_012310,0.01818181818181818,0.01818181818181818,0.01818181818181818,0.01818181818181818
ABC.train.gold.bea19_012321,0.01818181818181818,0.01818181818181818,0.01818181818181818,0.01818181818181818
ABC.train.gold.bea19_012336,0.022727272727272728,0.022727272727272728,0.013636363636363636,0.013636363636363636
ABC.train.gold.bea19_012362,0.021477836377269077,0.00909090909090909,0.00909090909090909,0.00909090909090909
ABC.train.gold.bea19_012379,0.06720742080393374,0.0611773859381292,0.0611773859381292,0.0611773859381292
ABC.train.gold.bea19_012428,0.03636363636363636,0.01818181818181818,0.01818181818181818,0.01818181818181818
ABC.train.gold.bea19_012440,0.055127005610545794,0.055127005610545794,0.055127005610545794,0.055127005610545794
ABC.train.gold.bea19_012463,0.00909090909090909,0.00909090909090909,0.00909090909090909,0.00909090909090909
ABC.train.gold.bea19_012466,0.013636363636363636,0.00909090909090909,0.00909090909090909,0.00909090909090909
ABC.train.gold.bea19_012521,0.00909090909090909,0.00909090909090909,0.00909090909090909,0.00909090909090909
ABC.train.gold.bea19_012571,0.004545454545454545,0.004545454545454545,0.004545454545454545,0.004545454545454545
ABC.train.gold.bea19_012572,0.00909090909090909,0.00909090909090909,0.00909090909090909,0.00909090909090909
ABC.train.gold.bea19_012573,0.013636363636363636,0.013636363636363636,0.013636363636363636,0.013636363636363636
ABC.train.gold.bea19_012576,0.031818181818181815,0.02727272727272727,0.031818181818181815,0.02727272727272727
ABC.train.gold.bea19_012587,0.03615036653494569,0.022727272727272728,0.02727272727272727,0.022727272727272728
ABC.train.gold.bea19_012594,0.047727272727272715,0.047727272727272715,0.04318181818181817,0.047727272727272715
ABC.train.gold.bea19_012635,0.024637780072782937,0.024637780072782937,0.01818181818181818,0.01818181818181818
ABC.train.gold.bea19_012647,0.03759685206464111,0.031818181818181815,0.031818181818181815,0.031818181818181815
ABC.train.gold.bea19_012690,0.030592378380037945,0.030592378380037945,0.021944285152482066,0.030592378380037945
ABC.train.gold.bea19_012703,0.05586078291692013,0.01742341472753411,0.00909090909090909,0.00909090909090909
ABC.train.gold.bea19_012738,0.05850843573519997,0.037855966086668566,0.037855966086668566,0.037855966086668566
ABC.train.gold.bea19_012789,0.022727272727272728,0.022727272727272728,0.022727272727272728,0.022727272727272728
ABC.train.gold.bea19_012816,0.061146878716980206,0.03636363636363636,0.04758794084411266,0.03636363636363636
ABC.train.gold.bea19_012818,0.016124003974511376,0.016124003974511376,0.016124003974511376,0.016124003974511376
ABC.train.gold.bea19_012827,0.00909090909090909,0.00909090909090909,0.00909090909090909,0.00909090909090909
ABC.train.gold.bea19_012842,0.04817712089753834,0.04817712089753834,0.042227643645751024,0.03768218910029648
ABC.train.gold.bea19_012856,0.03393216566468514,0.01577849306108995,0.01260745653271024,0.032841898413498286
ABC.train.gold.bea19_012876,0.013636363636363636,0.013636363636363636,0.013636363636363636,0.013636363636363636
ABC.train.gold.bea19_012891,0.00909090909090909,0.00909090909090909,0.004545454545454545,0.00909090909090909
ABC.train.gold.bea19_012901,0.023337927421711854,0.023337927421711854,0.023337927421711854,0.023337927421711854
ABC.train.gold.bea19_012905,0.03425607500954634,0.03425607500954634,0.03425607500954634,0.03425607500954634
ABC.train.gold.bea19_012926,0.08593885477157559,0.07684794568066651,0.05454545454545454,0.04874441883553839
ABC.train.gold.bea19_012932,0.062205148093004814,0.05165043112654898,0.05165043112654898,0.05165043112654898
ABC.train.gold.bea19_012957,0.00909090909090909,0.035424215187706484,0.00909090909090909,0.00909090909090909
ABC.train.gold.bea19_012969,0.022729113392683454,0.022729113392683454,0.01818181818181818,0.022729113392683454
ABC.train.gold.bea19_012976,0.033596837944664025,0.01818181818181818,0.01818181818181818,0.01818181818181818
ABC.train.gold.bea19_012978,0.019790321659515636,0.00909090909090909,0.00909090909090909,0.00909090909090909
ABC.train.gold.bea19_012994,0.03488853643772461,0.03488853643772461,0.02727272727272727,0.02727272727272727
ABC.train.gold.bea19_013001,0.00909090909090909,0.00909090909090909,0.00909090909090909,0.00909090909090909
ABC.train.gold.bea19_013022,0.03080312353047569,0.026257668985021146,0.026257668985021146,0.03080312353047569
ABC.train.gold.bea19_013032,0.03860143928114618,0.03860143928114618,0.03860143928114618,0.03860143928114618
ABC.train.gold.bea19_013052,0.07493469501254181,0.06584378592163273,0.04869592344605484,0.04869592344605484
ABC.train.gold.bea19_013057,0.018636783924288483,0.018636783924288483,0.018636783924288483,0.018636783924288483
ABC.train.gold.bea19_013084,0.029708548656391703,0.02516309411093716,0.01818181818181818,0.01818181818181818
ABC.train.gold.bea19_013104,0.0478725465246062,0.03213429021547121,0.01818181818181818,0.03213429021547121
ABC.train.gold.bea19_013112,0.036972320563335354,0.036972320563335354,0.019177025603571925,0.036972320563335354
ABC.train.gold.bea19_013133,0.00909090909090909,0.00909090909090909,0.00909090909090909,0.00909090909090909
ABC.train.gold.bea19_013143,0.00909090909090909,0.00909090909090909,0.00909090909090909,0.00909090909090909
ABC.train.gold.bea19_013159,0.05182796313544918,0.04728250858999463,0.04728250858999463,0.04728250858999463
ABC.train.gold.bea19_013168,0.022727272727272728,0.022727272727272728,0.022727272727272728,0.022727272727272728
ABC.train.gold.bea19_013175,0.04162101442604438,0.02580425173884871,0.03034970628430326,0.02580425173884871
ABC.train.gold.bea19_013187,0.00909090909090909,0.00909090909090909,0.00909090909090909,0.00909090909090909
ABC.train.gold.bea19_013197,0.10221534171274158,0.03314876733670116,0.03314876733670116,0.03314876733670116
ABC.train.gold.bea19_013198,0.045925502728114735,0.03592082050028315,0.03592082050028315,0.03592082050028315
ABC.train.gold.bea19_013246,0.00909090909090909,0.00909090909090909,0.00909090909090909,0.00909090909090909
ABC.train.gold.bea19_013303,0.028191347303247793,0.02364589275779325,0.02364589275779325,0.028191347303247793
ABC.train.gold.bea19_013345,0.031818181818181815,0.03674134823670343,0.020643401391078994,0.020643401391078994
ABC.train.gold.bea19_013349,0.046650341639440346,0.03755943254853126,0.0421048870939858,0.03755943254853126
ABC.train.gold.bea19_013352,0.023760591841750254,0.018642953305765347,0.018642953305765347,0.018642953305765347
ABC.train.gold.bea19_013357,0.020071217400548617,0.020071217400548617,0.020071217400548617,0.020071217400548617
ABC.train.gold.bea19_013361,0.02727272727272727,0.022727272727272728,0.03661616161616162,0.03661616161616162
ABC.train.gold.bea19_013363,0.018997455456780922,0.013636363636363636,0.013636363636363636,0.013636363636363636
ABC.train.gold.bea19_013372,0.0315689485578661,0.03611440310332064,0.03611440310332064,0.03611440310332064
ABC.train.gold.bea19_013377,0.023666873914790533,0.00909090909090909,0.00909090909090909,0.00909090909090909
ABC.train.gold.bea19_013385,0.03341411787674476,0.03341411787674476,0.03341411787674476,0.03341411787674476
ABC.train.gold.bea19_013391,0.029617092233928038,0.029617092233928038,0.029617092233928038,0.029617092233928038
ABC.train.gold.bea19_013396,0.022862552338670225,0.022862552338670225,0.018317097793215678,0.022862552338670225
ABC.train.gold.bea19_013402,0.05285127917400766,0.048305824628553116,0.04376037008309857,0.048305824628553116
ABC.train.gold.bea19_013428,0.02727272727272727,0.02727272727272727,0.02727272727272727,0.02727272727272727
ABC.train.gold.bea19_013437,0.00909090909090909,0.00909090909090909,0.00909090909090909,0.00909090909090909
ABC.train.gold.bea19_013438,0.013566514925928728,0.013566514925928728,0.013566514925928728,0.013566514925928728
ABC.train.gold.bea19_013450,0.06786194407363307,0.06596841852804784,0.05677328317540217,0.05677328317540217
ABC.train.gold.bea19_013454,0.04325345587029165,0.029617092233928007,0.029617092233928007,0.029617092233928007
ABC.train.gold.bea19_013477,0.00909090909090909,0.00909090909090909,0.00909090909090909,0.00909090909090909
ABC.train.gold.bea19_013513,0.08187930305208505,0.065625,0.045454545454545456,0.06446187885700738
ABC.train.gold.bea19_013519,0.00909090909090909,0.00909090909090909,0.00909090909090909,0.00909090909090909
ABC.train.gold.bea19_013576,0.01818181818181818,0.01818181818181818,0.022727272727272728,0.01818181818181818
ABC.train.gold.bea19_013583,0.023785488005213812,0.019240033459759266,0.019240033459759266,0.019240033459759266
ABC.train.gold.bea19_013586,0.01818181818181818,0.01818181818181818,0.01818181818181818,0.01818181818181818
ABC.train.gold.bea19_013615,0.0445071899805972,0.031765794802410485,0.031765794802410485,0.027220340256955945
ABC.train.gold.bea19_013627,0.01818181818181818,0.01818181818181818,0.01818181818181818,0.01818181818181818
ABC.train.gold.bea19_013637,0.029956550947454728,0.03450200549290927,0.03450200549290927,0.03450200549290927
ABC.train.gold.bea19_013662,0.013636363636363636,0.013636363636363636,0.013636363636363636,0.013636363636363636
ABC.train.gold.bea19_013671,0.03870891884209465,0.03870891884209465,0.03870891884209465,0.03870891884209465
ABC.train.gold.bea19_013674,0.01980896640488888,0.01980896640488888,0.01980896640488888,0.01980896640488888
ABC.train.gold.bea19_013703,0.013636363636363636,0.013636363636363636,0.013636363636363636,0.013636363636363636
ABC.train.gold.bea19_013713,0.03624733563283386,0.03624733563283386,0.03624733563283386,0.03624733563283386
ABC.train.gold.bea19_013731,0.02727272727272727,0.022727272727272728,0.02727272727272727,0.022727272727272728
ABC.train.gold.bea19_013736,0.02332551384669003,0.013636363636363636,0.00909090909090909,0.02332551384669003
ABC.train.gold.bea19_013743,0.004545454545454545,0.004545454545454545,0.004545454545454545,0.004545454545454545
ABC.train.gold.bea19_013763,0.04191868905378764,0.023736870871969462,0.023736870871969462,0.023736870871969462
ABC.train.gold.bea19_013783,0.03690444234764058,0.03235898780218604,0.03235898780218604,0.03235898780218604
ABC.train.gold.bea19_013784,0.01818181818181818,0.019280093928853097,0.01818181818181818,0.01818181818181818
ABC.train.gold.bea19_013789,0.0498625204070399,0.04077161131613081,0.0498625204070399,0.0498625204070399
ABC.train.gold.bea19_013833,0.00909090909090909,0.00909090909090909,0.00909090909090909,0.00909090909090909
ABC.train.gold.bea19_013886,0.0896308293650067,0.07962441634252841,0.0589988554164605,0.04678030303030302
ABC.train.gold.bea19_013901,0.03321968123199749,0.03776513577745204,0.03321968123199749,0.03321968123199749
ABC.train.gold.bea19_013914,0.033569677215665165,0.033569677215665165,0.033569677215665165,0.033569677215665165
ABC.train.gold.bea19_013941,0.027429909899444084,0.022884455353989537,0.022884455353989537,0.022884455353989537
ABC.train.gold.bea19_013956,0.03270105879995008,0.03270105879995008,0.03270105879995008,0.03270105879995008
ABC.train.gold.bea19_013967,0.041818181818181824,0.041818181818181824,0.041818181818181824,0.03727272727272728
ABC.train.gold.bea19_013970,0.03795957242219927,0.019940091902718764,0.019940091902718764,0.019940091902718764
ABC.train.gold.bea19_013984,0.013636363636363636,0.013636363636363636,0.013636363636363636,0.013636363636363636
ABC.train.gold.bea19_013996,0.03412645484822188,0.031818181818181815,0.02727272727272727,0.031818181818181815
ABC.train.gold.bea19_014046,0.022727272727272728,0.022727272727272728,0.01818181818181818,0.022727272727272728
ABC.train.gold.bea19_014085,0.0675969253129754,0.056076019112039265,0.04090909090909091,0.056076019112039265
ABC.train.gold.bea19_014101,0.031818181818181815,0.031818181818181815,0.031818181818181815,0.031818181818181815
ABC.train.gold.bea19_014150,0.024233048588715767,0.024233048588715767,0.01818181818181818,0.024233048588715767
ABC.train.gold.bea19_014169,0.1055904594730129,0.07816065185024557,0.07816065185024557,0.07816065185024557
ABC.train.gold.bea19_014174,0.0471780118863809,0.022727272727272728,0.022727272727272728,0.022727272727272728
ABC.train.gold.bea19_014186,0.024335776204970166,0.024335776204970166,0.024335776204970166,0.024335776204970166
ABC.train.gold.bea19_014200,0.004545454545454545,0.0,0.004545454545454545,0.004545454545454545
ABC.train.gold.bea19_014217,0.00909090909090909,0.00909090909090909,0.00909090909090909,0.00909090909090909
ABC.train.gold.bea19_014222,0.038142292490118565,0.024335402001006517,0.024335402001006517,0.024335402001006517
ABC.train.gold.bea19_014296,0.03203722100205673,0.035319331947737787,0.035319331947737787,0.035319331947737787
ABC.train.gold.bea19_014301,0.03603896103896106,0.03149350649350651,0.03149350649350651,0.03149350649350651
ABC.train.gold.bea19_014327,0.00909090909090909,0.00909090909090909,0.00909090909090909,0.00909090909090909
ABC.train.gold.bea19_014334,0.02765124633168017,0.01856033724077108,0.01818181818181818,0.01818181818181818
ABC.train.gold.bea19_014346,0.014456403399107772,0.014456403399107772,0.014456403399107772,0.014456403399107772
ABC.train.gold.bea19_014390,0.02223850684320938,0.015689782723785795,0.00909090909090909,0.015689782723785795
ABC.train.gold.bea19_014399,0.08502673796791442,0.0566844919786096,0.05501129096434336,0.05046583641888882
ABC.train.gold.bea19_014437,0.01818181818181818,0.01818181818181818,0.01818181818181818,0.01818181818181818
ABC.train.gold.bea19_014440,0.06122126442670784,0.058123800004347866,0.051634553382039046,0.051634553382039046
ABC.train.gold.bea19_014466,0.026397830689172046,0.0218523761437175,0.026397830689172046,0.0218523761437175
ABC.train.gold.bea19_014508,0.03636363636363636,0.03636363636363636,0.004545454545454545,0.004545454545454545
ABC.train.gold.bea19_014518,0.05984848484848484,0.05984848484848484,0.05984848484848484,0.05984848484848484
ABC.train.gold.bea19_014533,0.00909090909090909,0.00909090909090909,0.00909090909090909,0.00909090909090909
ABC.train.gold.bea19_014537,0.013636363636363636,0.013636363636363636,0.013636363636363636,0.013636363636363636
ABC.train.gold.bea19_014542,0.01818181818181818,0.01818181818181818,0.01818181818181818,0.01818181818181818
ABC.train.gold.bea19_014548,0.013636363636363636,0.028862586005051483,0.013636363636363636,0.013636363636363636
ABC.train.gold.bea19_014561,0.05993845434544682,0.04736616015018097,0.03951591448906358,0.03951591448906358
ABC.train.gold.bea19_014568,0.03344533004125251,0.03344533004125251,0.03344533004125251,0.03344533004125251
ABC.train.gold.bea19_014571,0.03430582215632954,0.03430582215632954,0.03430582215632954,0.03430582215632954
ABC.train.gold.bea19_014577,0.013636363636363636,0.009104816340678928,0.013650270886133473,0.013650270886133473
ABC.train.gold.bea19_014582,0.033847400823518704,0.01818181818181818,0.022727272727272728,0.02727272727272727
ABC.train.gold.bea19_014601,0.018664598423828158,0.018664598423828158,0.018664598423828158,0.018664598423828158
ABC.train.gold.bea19_014608,0.050257909834098065,0.04571245528864352,0.03964228313982929,0.04571245528864352
ABC.train.gold.bea19_014614,0.04253623913216159,0.04253623913216159,0.03763246838675485,0.04253623913216159
ABC.train.gold.bea19_014615,0.04873054323078224,0.02713963413987314,0.02713963413987314,0.02713963413987314
ABC.train.gold.bea19_014629,0.04986030257913018,0.01818181818181818,0.01818181818181818,0.01818181818181818
ABC.train.gold.bea19_014641,0.02100547844497296,0.02100547844497296,0.013636363636363636,0.02100547844497296
ABC.train.gold.bea19_014642,0.019238272476833847,0.019238272476833847,0.019238272476833847,0.019238272476833847
ABC.train.gold.bea19_014644,0.02917939712830827,0.022740417037268493,0.022740417037268493,0.022740417037268493
ABC.train.gold.bea19_014645,0.013636363636363636,0.013636363636363636,0.013636363636363636,0.013636363636363636
ABC.train.gold.bea19_014652,0.07074731157509792,0.06828572836583711,0.059194819274928034,0.06828572836583711
ABC.train.gold.bea19_014659,0.04266521869322577,0.038119764147771226,0.04266521869322577,0.038119764147771226
ABC.train.gold.bea19_014672,0.01818181818181818,0.01818181818181818,0.01818181818181818,0.01818181818181818
ABC.train.gold.bea19_014708,0.01818181818181818,0.01818181818181818,0.01818181818181818,0.01818181818181818
ABC.train.gold.bea19_014724,0.00909090909090909,0.00909090909090909,0.00909090909090909,0.00909090909090909
ABC.train.gold.bea19_014726,0.06868551600493576,0.03783335581608283,0.04237881036153738,0.04237881036153738
ABC.train.gold.bea19_014773,0.013636363636363636,0.00909090909090909,0.00909090909090909,0.00909090909090909
ABC.train.gold.bea19_014776,0.05241361001933812,0.031818181818181815,0.02727272727272727,0.03757647408577409
ABC.train.gold.bea19_014780,0.03894274525116311,0.022727272727272728,0.022727272727272728,0.022727272727272728
ABC.train.gold.bea19_014789,0.022408280081723173,0.017862825536268626,0.00909090909090909,0.017862825536268626
ABC.train.gold.bea19_014797,0.00909090909090909,0.00909090909090909,0.00909090909090909,0.00909090909090909
ABC.train.gold.bea19_014801,0.013636363636363636,0.00909090909090909,0.00909090909090909,0.00909090909090909
ABC.train.gold.bea19_014813,0.019192080540098334,0.019192080540098334,0.019192080540098334,0.019192080540098334
ABC.train.gold.bea19_014836,0.020049923655219234,0.020049923655219234,0.00909090909090909,0.020049923655219234
ABC.train.gold.bea19_014877,0.052680078517737164,0.052680078517737164,0.052680078517737164,0.04020965549716007
ABC.train.gold.bea19_014893,0.033809926956354784,0.027441077441077426,0.027441077441077426,0.027441077441077426
ABC.train.gold.bea19_014904,0.03375570046966854,0.029210245924213993,0.02727272727272727,0.029210245924213993
ABC.train.gold.bea19_014909,0.004545454545454545,0.004545454545454545,0.0,0.004545454545454545
ABC.train.gold.bea19_014936,0.022727272727272728,0.01818181818181818,0.022727272727272728,0.022727272727272728
ABC.train.gold.bea19_014956,0.01818181818181818,0.01818181818181818,0.01818181818181818,0.01818181818181818
ABC.train.gold.bea19_014957,0.039247018330802755,0.039247018330802755,0.039247018330802755,0.039247018330802755
ABC.train.gold.bea19_014968,0.037900853188357765,0.037900853188357765,0.02727272727272727,0.02727272727272727
ABC.train.gold.bea19_014989,0.022727272727272728,0.022727272727272728,0.022727272727272728,0.022727272727272728
ABC.train.gold.bea19_014993,0.050294673921521725,0.00909090909090909,0.013636363636363636,0.013636363636363636
ABC.train.gold.bea19_015040,0.03165584415584415,0.03165584415584415,0.01818181818181818,0.03165584415584415
ABC.train.gold.bea19_015048,0.046668542328624926,0.03016870751891645,0.03016870751891645,0.03016870751891645
ABC.train.gold.bea19_015090,0.02727272727272727,0.02727272727272727,0.01818181818181818,0.02727272727272727
ABC.train.gold.bea19_015095,0.06641762356973718,0.06187216902428263,0.06187216902428263,0.06187216902428263
ABC.train.gold.bea19_015104,0.00909090909090909,0.00909090909090909,0.00909090909090909,0.00909090909090909
ABC.train.gold.bea19_015122,0.08551173933092808,0.05024577419651164,0.05797718014261225,0.05797718014261225
ABC.train.gold.bea19_015151,0.015863492468754625,0.015863492468754625,0.015863492468754625,0.015863492468754625
ABC.train.gold.bea19_015156,0.046524064171122995,0.032076422872450716,0.032076422872450716,0.032076422872450716
ABC.train.gold.bea19_015169,0.04090909090909091,0.04090909090909091,0.04090909090909091,0.04090909090909091
ABC.train.gold.bea19_015183,0.04756721677529842,0.031132843623991838,0.035678298169446385,0.035678298169446385
ABC.train.gold.bea19_015195,0.014014075509430686,0.014014075509430686,0.00909090909090909,0.014014075509430686
ABC.train.gold.bea19_015209,0.013636363636363636,0.013636363636363636,0.013636363636363636,0.013636363636363636
ABC.train.gold.bea19_015212,0.01693238183181453,0.01693238183181453,0.00909090909090909,0.01693238183181453
ABC.train.gold.bea19_015243,0.02066945851996592,0.02066945851996592,0.02066945851996592,0.02066945851996592
ABC.train.gold.bea19_015265,0.08142511445495981,0.06770577576227535,0.05406941212591172,0.05406941212591172
ABC.train.gold.bea19_015276,0.05198947268676828,0.05198947268676828,0.05009594714118304,0.05198947268676828
ABC.train.gold.bea19_015366,0.00909090909090909,0.00909090909090909,0.00909090909090909,0.00909090909090909
ABC.train.gold.bea19_015367,0.02727272727272727,0.022727272727272728,0.02727272727272727,0.022727272727272728
ABC.train.gold.bea19_015393,0.044499377478989854,0.044499377478989854,0.044499377478989854,0.044499377478989854
ABC.train.gold.bea19_015395,0.07011603010237794,0.06557057555692342,0.07011603010237794,0.061118354399537354
ABC.train.gold.bea19_015399,0.1269355487112621,0.11197963617765092,0.10211503269602618,0.10743418163219637
ABC.train.gold.bea19_015405,0.03944061537521237,0.03944061537521237,0.03636363636363636,0.03944061537521237
ABC.train.gold.bea19_015412,0.03676916273624307,0.05728235614674972,0.0695902721930537,0.0695902721930537
ABC.train.gold.bea19_015416,0.03401657397766239,0.0359550766514592,0.020380210341298752,0.020380210341298752
ABC.train.gold.bea19_015443,0.03462402033208609,0.00909090909090909,0.00909090909090909,0.00909090909090909
ABC.train.gold.bea19_015482,0.01983678090442854,0.01983678090442854,0.01983678090442854,0.01983678090442854
ABC.train.gold.bea19_015553,0.0427296352439041,0.0427296352439041,0.0427296352439041,0.03818418069844955
ABC.train.gold.bea19_015567,0.025542976925144005,0.025542976925144005,0.025542976925144005,0.025542976925144005
ABC.train.gold.bea19_015573,0.01818181818181818,0.01818181818181818,0.01818181818181818,0.01818181818181818
ABC.train.gold.bea19_015581,0.013636363636363636,0.013636363636363636,0.013636363636363636,0.013636363636363636
ABC.train.gold.bea19_015583,0.027953112723005363,0.027953112723005363,0.027953112723005363,0.027953112723005363
ABC.train.gold.bea19_015585,0.013636363636363636,0.00909090909090909,0.00909090909090909,0.00909090909090909
ABC.train.gold.bea19_015595,0.04850181713570402,0.04226567990936663,0.04850181713570402,0.04226567990936663
ABC.train.gold.bea19_015596,0.00909090909090909,0.00909090909090909,0.00909090909090909,0.00909090909090909
ABC.train.gold.bea19_015623,0.04073062548853801,0.022727272727272728,0.02727272727272727,0.022727272727272728
ABC.train.gold.bea19_015639,0.07234429940043662,0.04320363167196804,0.07207792207792209,0.06779884485498207
ABC.train.gold.bea19_015647,0.023939419586529873,0.023939419586529873,0.023939419586529873,0.023939419586529873
ABC.train.gold.bea19_015686,0.05909090909090909,0.05,0.05454545454545454,0.05258794214398062
ABC.train.gold.bea19_015693,0.03667386466179754,0.032128410116342994,0.032128410116342994,0.032128410116342994
ABC.train.gold.bea19_015706,0.039744307868027164,0.039744307868027164,0.039744307868027164,0.039744307868027164
ABC.train.gold.bea19_015792,0.011566399549939725,0.011566399549939725,0.011566399549939725,0.011566399549939725
ABC.train.gold.bea19_015830,0.013636363636363636,0.013636363636363636,0.013636363636363636,0.013636363636363636
ABC.train.gold.bea19_015850,0.043693282948915516,0.028943696991478973,0.028943696991478973,0.028943696991478973
ABC.train.gold.bea19_015866,0.01818181818181818,0.01818181818181818,0.01818181818181818,0.01818181818181818
ABC.train.gold.bea19_015915,0.031818181818181815,0.031818181818181815,0.031818181818181815,0.031818181818181815
ABC.train.gold.bea19_015931,0.004545454545454545,0.07486837871774651,0.004545454545454545,0.0
ABC.train.gold.bea19_015950,0.0703317649838786,0.0703317649838786,0.0703317649838786,0.0703317649838786
ABC.train.gold.bea19_015954,0.019836780904428555,0.019836780904428555,0.019836780904428555,0.019836780904428555
ABC.train.gold.bea19_015958,0.019289762413481713,0.019289762413481713,0.019289762413481713,0.019289762413481713
ABC.train.gold.bea19_015980,0.04263842740832004,0.03809297286286549,0.04263842740832004,0.04263842740832004
ABC.train.gold.bea19_016003,0.028991326198829933,0.028991326198829933,0.028991326198829933,0.028991326198829933
ABC.train.gold.bea19_016006,0.05634055955420709,0.045454545454545456,0.05,0.045454545454545456
ABC.train.gold.bea19_016020,0.01818181818181818,0.013636363636363636,0.013636363636363636,0.013636363636363636
ABC.train.gold.bea19_016065,0.02941323441121492,0.033596837944664025,0.01818181818181818,0.033596837944664025
ABC.train.gold.bea19_016071,0.004545454545454545,0.004545454545454545,0.004545454545454545,0.004545454545454545
ABC.train.gold.bea19_016078,0.024781340988191434,0.024781340988191434,0.024781340988191434,0.024781340988191434
ABC.train.gold.bea19_016088,0.03357905566245439,0.011552492300169888,0.00909090909090909,0.00909090909090909
ABC.train.gold.bea19_016094,0.04004578525857915,0.04004578525857915,0.04004578525857915,0.04004578525857915
ABC.train.gold.bea19_016098,0.013636363636363636,0.013636363636363636,0.013636363636363636,0.013636363636363636
ABC.train.gold.bea19_016102,0.05060986435362344,0.05060986435362344,0.05060986435362344,0.05060986435362344
ABC.train.gold.bea19_016124,0.02727272727272727,0.02727272727272727,0.02727272727272727,0.02727272727272727
ABC.train.gold.bea19_016130,0.061742424242424224,0.06235932798796449,0.06235932798796449,0.06235932798796449
ABC.train.gold.bea19_016152,0.0579678675082215,0.05532012234151536,0.05532012234151536,0.0737544657758588
ABC.train.gold.bea19_016157,0.07654993032588274,0.0584237411431439,0.06296919568859845,0.0584237411431439
ABC.train.gold.bea19_016178,0.034711715690650964,0.034711715690650964,0.034711715690650964,0.034711715690650964
ABC.train.gold.bea19_016181,0.018360976281794304,0.018360976281794304,0.018183658847228907,0.018183658847228907
ABC.train.gold.bea19_016194,0.05641850295258915,0.05641850295258915,0.05641850295258915,0.05641850295258915
ABC.train.gold.bea19_016213,0.00909090909090909,0.00909090909090909,0.00909090909090909,0.00909090909090909
ABC.train.gold.bea19_016223,0.014449937747898985,0.014449937747898985,0.013636363636363636,0.06754621171392838
ABC.train.gold.bea19_016231,0.04924242424242424,0.04469696969696969,0.031818181818181815,0.031818181818181815
ABC.train.gold.bea19_016233,0.031818181818181815,0.031818181818181815,0.031818181818181815,0.031818181818181815
ABC.train.gold.bea19_016238,0.04808966404888878,0.02727272727272727,0.02727272727272727,0.04808966404888878
ABC.train.gold.bea19_016241,0.013636363636363636,0.01818181818181818,0.01818181818181818,0.01818181818181818
ABC.train.gold.bea19_016243,0.04233434719974441,0.04233434719974441,0.0371270711799489,0.0371270711799489
ABC.train.gold.bea19_016272,0.03636363636363636,0.031818181818181815,0.031818181818181815,0.044918811101366404
ABC.train.gold.bea19_016273,0.04826839826839825,0.013636363636363636,0.01818181818181818,0.01818181818181818
ABC.train.gold.bea19_016340,0.06363636363636363,0.06363636363636363,0.06363636363636363,0.06363636363636363
ABC.train.gold.bea19_016355,0.052987617707259474,0.031818181818181815,0.02727272727272727,0.04090909090909091
ABC.train.gold.bea19_016357,0.03810326486799768,0.0335685227302851,0.02727272727272727,0.0335685227302851
ABC.train.gold.bea19_016396,0.00909090909090909,0.00909090909090909,0.00909090909090909,0.00909090909090909
ABC.train.gold.bea19_016409,0.02727272727272727,0.02727272727272727,0.02727272727272727,0.02727272727272727
ABC.train.gold.bea19_016412,0.00909090909090909,0.00909090909090909,0.00909090909090909,0.00909090909090909
ABC.train.gold.bea19_016435,0.022727272727272728,0.022727272727272728,0.01818181818181818,0.022727272727272728
ABC.train.gold.bea19_016444,0.1087228136892055,0.09197783006657342,0.09197783006657342,0.09197783006657342
ABC.train.gold.bea19_016481,0.00909090909090909,0.00909090909090909,0.00909090909090909,0.00909090909090909
ABC.train.gold.bea19_016487,0.07187853969804958,0.039671565360393186,0.03512611081493864,0.039671565360393186
ABC.train.gold.bea19_016510,0.031818181818181815,0.031818181818181815,0.031818181818181815,0.031818181818181815
ABC.train.gold.bea19_016514,0.05667848439731202,0.029510530190237097,0.029510530190237097,0.029510530190237097
ABC.train.gold.bea19_016518,0.024616671946003164,0.024616671946003164,0.024616671946003164,0.024616671946003164
ABC.train.gold.bea19_016545,0.019289762413481713,0.019289762413481713,0.019289762413481713,0.019289762413481713
ABC.train.gold.bea19_016551,0.08306070227584442,0.06719367588932805,0.06719367588932805,0.06719367588932805
ABC.train.gold.bea19_016562,0.00909090909090909,0.00909090909090909,0.00909090909090909,0.00909090909090909
ABC.train.gold.bea19_016580,0.05670206761021962,0.049950837950591305,0.046699170593903154,0.049950837950591305
ABC.train.gold.bea19_016595,0.045454545454545456,0.045454545454545456,0.045454545454545456,0.045454545454545456
ABC.train.gold.bea19_016614,0.00909090909090909,0.00909090909090909,0.00909090909090909,0.00909090909090909
ABC.train.gold.bea19_016624,0.01818181818181818,0.01818181818181818,0.01818181818181818,0.022941890489402605
ABC.train.gold.bea19_016628,0.01818181818181818,0.01818181818181818,0.01818181818181818,0.01818181818181818
ABC.train.gold.bea19_016654,0.022727272727272728,0.022727272727272728,0.022727272727272728,0.022727272727272728
ABC.train.gold.bea19_016668,0.038854497993465235,0.03000781972746149,0.03000781972746149,0.029763588902556145
ABC.train.gold.bea19_016670,0.042802616454676125,0.0445925391323244,0.040654385171461874,0.0445925391323244
ABC.train.gold.bea19_016692,0.01648482124831256,0.01943599925197059,0.01648482124831256,0.01648482124831256
ABC.train.gold.bea19_016712,0.013636363636363636,0.013636363636363636,0.013636363636363636,0.013636363636363636
ABC.train.gold.bea19_016726,0.01818181818181818,0.01818181818181818,0.01818181818181818,0.01818181818181818
ABC.train.gold.bea19_016728,0.01694628908158438,0.01694628908158438,0.00909090909090909,0.02387431559624372
ABC.train.gold.bea19_016737,0.014517577553597711,0.014517577553597711,0.00909090909090909,0.00909090909090909
ABC.train.gold.bea19_016748,0.02318223846974303,0.018636783924288483,0.018636783924288483,0.018636783924288483
ABC.train.gold.bea19_016769,0.018195725431588004,0.018195725431588004,0.018195725431588004,0.018195725431588004
ABC.train.gold.bea19_016776,0.00909090909090909,0.00909090909090909,0.00909090909090909,0.00909090909090909
ABC.train.gold.bea19_016832,0.00909090909090909,0.00909090909090909,0.00909090909090909,0.00909090909090909
ABC.train.gold.bea19_016860,0.02727272727272727,0.022727272727272728,0.022727272727272728,0.022727272727272728
ABC.train.gold.bea19_016915,0.01728403657599464,0.01728403657599464,0.01728403657599464,0.01728403657599464
ABC.train.gold.bea19_016938,0.058820625515929696,0.05427517097047515,0.05427517097047515,0.05427517097047515
ABC.train.gold.bea19_016945,0.004545454545454545,0.004545454545454545,0.004545454545454545,0.004545454545454545
ABC.train.gold.bea19_016948,0.004545454545454545,0.004545454545454545,0.004545454545454545,0.004545454545454545
ABC.train.gold.bea19_016958,0.0318599035674913,0.0295727724269692,0.023678925961522858,0.0295727724269692
ABC.train.gold.bea19_016970,0.03357645553908238,0.03357645553908238,0.024485546448173294,0.029031000993627838
ABC.train.gold.bea19_017005,0.05551708126559563,0.04662672793514582,0.04090909090909091,0.04662672793514582
ABC.train.gold.bea19_017016,0.019289762413481713,0.019289762413481713,0.00909090909090909,0.019289762413481713
ABC.train.gold.bea19_017022,0.05,0.045454545454545456,0.045454545454545456,0.045454545454545456
ABC.train.gold.bea19_017031,0.03544071514618345,0.02924029787811855,0.00909090909090909,0.00909090909090909
ABC.train.gold.bea19_017040,0.013636363636363636,0.013636363636363636,0.013636363636363636,0.013636363636363636
ABC.train.gold.bea19_017072,0.12788350513029298,0.09829392287619496,0.08801181403408626,0.04766909858107639
ABC.train.gold.bea19_017098,0.044734905253307075,0.044734905253307075,0.030385529139225115,0.044734905253307075
ABC.train.gold.bea19_017103,0.018111969471383257,0.018111969471383257,0.01651392487766046,0.01651392487766046
ABC.train.gold.bea19_017115,0.031394809299149645,0.022727272727272728,0.022727272727272728,0.022727272727272728
ABC.train.gold.bea19_017118,0.035035188773576725,0.01818181818181818,0.01818181818181818,0.01818181818181818
ABC.train.gold.bea19_017128,0.040466275045737694,0.040466275045737694,0.040466275045737694,0.040466275045737694
ABC.train.gold.bea19_017139,0.03735200293114253,0.03735200293114253,0.03735200293114253,0.022727272727272728
ABC.train.gold.bea19_017150,0.027874215825272622,0.022727272727272728,0.022727272727272728,0.022727272727272728
ABC.train.gold.bea19_017152,0.01818181818181818,0.01818181818181818,0.01818181818181818,0.01818181818181818
ABC.train.gold.bea19_017154,0.034714162064370994,0.03016870751891645,0.03016870751891645,0.03016870751891645
ABC.train.gold.bea19_017176,0.02139882513721307,0.00909090909090909,0.00909090909090909,0.02139882513721307
ABC.train.gold.bea19_017178,0.028794807126855032,0.01818181818181818,0.01818181818181818,0.01818181818181818
ABC.train.gold.bea19_017192,0.00909090909090909,0.00909090909090909,0.00909090909090909,0.00909090909090909
ABC.train.gold.bea19_017217,0.026243820169073864,0.01260745653271024,0.00909090909090909,0.01260745653271024
ABC.train.gold.bea19_017223,0.01156639954993974,0.01156639954993974,0.01156639954993974,0.01156639954993974
ABC.train.gold.bea19_017229,0.01818181818181818,0.01818181818181818,0.01818181818181818,0.01818181818181818
ABC.train.gold.bea19_017231,0.00909090909090909,0.00909090909090909,0.00909090909090909,0.00909090909090909
ABC.train.gold.bea19_017256,0.018937241927952278,0.018937241927952278,0.018937241927952278,0.018937241927952278
ABC.train.gold.bea19_017289,0.02727272727272727,0.022727272727272728,0.022727272727272728,0.022727272727272728
ABC.train.gold.bea19_017301,0.00909090909090909,0.00909090909090909,0.00909090909090909,0.00909090909090909
ABC.train.gold.bea19_017335,0.00909090909090909,0.00909090909090909,0.00909090909090909,0.00909090909090909
ABC.train.gold.bea19_017356,0.05754049540012715,0.05754049540012715,0.05754049540012715,0.05754049540012715
ABC.train.gold.bea19_017364,0.18198893612958877,0.1260226032607218,0.11759698692907239,0.1321765221834629
ABC.train.gold.bea19_017374,0.040462477477741336,0.04710123345860256,0.044976076555023906,0.03636363636363636
ABC.train.gold.bea19_017376,0.05,0.02727272727272727,0.02727272727272727,0.02727272727272727
ABC.train.gold.bea19_017377,0.04129384761013777,0.03024453128881177,0.03024453128881177,0.03024453128881177
ABC.train.gold.bea19_017384,0.03636363636363636,0.02727272727272727,0.022727272727272728,0.031818181818181815
ABC.train.gold.bea19_017401,0.02891243000257548,0.033617932745057866,0.033617932745057866,0.033617932745057866
ABC.train.gold.bea19_017410,0.013636363636363636,0.013636363636363636,0.013636363636363636,0.013636363636363636
ABC.train.gold.bea19_017411,0.013636363636363636,0.013636363636363636,0.013636363636363636,0.013636363636363636
ABC.train.gold.bea19_017418,0.06264615248762173,0.052957128190799785,0.052957128190799785,0.052957128190799785
ABC.train.gold.bea19_017424,0.10987153438167009,0.09090909090909091,0.09090909090909091,0.09090909090909091
ABC.train.gold.bea19_017442,0.01818181818181818,0.01818181818181818,0.01818181818181818,0.01818181818181818
ABC.train.gold.bea19_017443,0.04579738884973787,0.036692572509058934,0.00909090909090909,0.019642091459626754
ABC.train.gold.bea19_017463,0.02114742197698744,0.02114742197698744,0.02114742197698744,0.02114742197698744
ABC.train.gold.bea19_017473,0.04281414608846523,0.03636099861440445,0.03636099861440445,0.03636099861440445
ABC.train.gold.bea19_017483,0.04488613334669828,0.04488613334669828,0.04324507787385776,0.04488613334669828
ABC.train.gold.bea19_017486,0.05252204973610971,0.05252204973610971,0.05252204973610971,0.05252204973610971
ABC.train.gold.bea19_017506,0.010303055950166238,0.00909090909090909,0.00909090909090909,0.00909090909090909
ABC.train.gold.bea19_017509,0.020383799395375397,0.020383799395375397,0.00909090909090909,0.020383799395375397
ABC.train.gold.bea19_017512,0.013636363636363636,0.013636363636363636,0.013636363636363636,0.013636363636363636
ABC.train.gold.bea19_017516,0.00909090909090909,0.00909090909090909,0.00909090909090909,0.00909090909090909
ABC.train.gold.bea19_017535,0.06580050140210963,0.03818703133345917,0.03636363636363636,0.03818703133345917
ABC.train.gold.bea19_017538,0.022727272727272728,0.022727272727272728,0.022727272727272728,0.022727272727272728
ABC.train.gold.bea19_017554,0.00909090909090909,0.00909090909090909,0.00909090909090909,0.00909090909090909
ABC.train.gold.bea19_017569,0.02727272727272727,0.02727272727272727,0.02727272727272727,0.02727272727272727
ABC.train.gold.bea19_017573,0.026953336444945,0.026953336444945,0.022407881899490452,0.026953336444945
ABC.train.gold.bea19_017580,0.05454545454545454,0.05454545454545454,0.05454545454545454,0.05454545454545454
ABC.train.gold.bea19_017581,0.022727272727272728,0.022727272727272728,0.022727272727272728,0.022727272727272728
ABC.train.gold.bea19_017602,0.040602144170528556,0.040602144170528556,0.040602144170528556,0.040602144170528556
ABC.train.gold.bea19_017606,0.00909090909090909,0.00909090909090909,0.00909090909090909,0.00909090909090909
ABC.train.gold.bea19_017616,0.024947998761207214,0.024947998761207214,0.024947998761207214,0.024947998761207214
ABC.train.gold.bea19_017625,0.013636363636363636,0.013636363636363636,0.00909090909090909,0.013636363636363636
ABC.train.gold.bea19_017659,0.01818181818181818,0.01818181818181818,0.01818181818181818,0.01818181818181818
ABC.train.gold.bea19_017661,0.0597036723205081,0.05061276322959903,0.029387042197913927,0.029387042197913927
ABC.train.gold.bea19_017686,0.029413234411214934,0.02486777986576039,0.02486777986576039,0.029413234411214934
ABC.train.gold.bea19_017689,0.013636363636363636,0.013636363636363636,0.013636363636363636,0.013636363636363636
ABC.train.gold.bea19_017690,0.01818181818181818,0.01818181818181818,0.01818181818181818,0.01818181818181818
ABC.train.gold.bea19_017724,0.04781810930946871,0.03297522117366516,0.02727272727272727,0.02727272727272727
ABC.train.gold.bea19_017727,0.00909090909090909,0.00909090909090909,0.00909090909090909,0.00909090909090909
ABC.train.gold.bea19_017731,0.0243822354498831,0.0243822354498831,0.0243822354498831,0.0243822354498831
ABC.train.gold.bea19_017740,0.031486156599640776,0.022395247508731685,0.00909090909090909,0.022395247508731685
ABC.train.gold.bea19_017743,0.03636363636363636,0.03636363636363636,0.03636363636363636,0.03636363636363636
ABC.train.gold.bea19_017800,0.01874274392253486,0.01874274392253486,0.01874274392253486,0.01874274392253486
ABC.train.gold.bea19_017829,0.0300009479377538,0.0300009479377538,0.0300009479377538,0.0300009479377538
ABC.train.gold.bea19_017860,0.02080058401779579,0.0196162516580783,0.004545454545454545,0.02080058401779579
ABC.train.gold.bea19_017862,0.08421717171717172,0.08421717171717172,0.07577354316385372,0.08421717171717172
ABC.train.gold.bea19_017863,0.014144610400679422,0.014144610400679422,0.014144610400679422,0.014144610400679422
ABC.train.gold.bea19_017871,0.018312943679648048,0.018312943679648048,0.018312943679648048,0.018312943679648048
ABC.train.gold.bea19_017873,0.004545454545454545,0.004545454545454545,0.004545454545454545,0.004545454545454545
ABC.train.gold.bea19_017898,0.08214520052106819,0.05720662558249323,0.048139666672944524,0.048139666672944524
ABC.train.gold.bea19_017901,0.03361877233948499,0.02907331779403044,0.02907331779403044,0.03361877233948499
ABC.train.gold.bea19_017915,0.03636363636363636,0.04084649419726326,0.03630103965180871,0.04084649419726326
ABC.train.gold.bea19_017922,0.06251752513436093,0.0334004272988301,0.03697639959323541,0.03697639959323541
ABC.train.gold.bea19_017937,0.022727272727272728,0.022727272727272728,0.01818181818181818,0.022727272727272728
ABC.train.gold.bea19_017941,0.029862852188908984,0.029862852188908984,0.00909090909090909,0.00909090909090909
ABC.train.gold.bea19_017944,0.03505857101455336,0.00909090909090909,0.00909090909090909,0.00909090909090909
ABC.train.gold.bea19_017976,0.043008416089597074,0.05209932518050617,0.05454545454545454,0.05454545454545454
ABC.train.gold.bea19_018007,0.0459300758019386,0.0459300758019386,0.0459300758019386,0.0459300758019386
ABC.train.gold.bea19_018023,0.021077798428007347,0.00909090909090909,0.00909090909090909,0.00909090909090909
ABC.train.gold.bea19_018034,0.01818181818181818,0.04117050205135547,0.04117050205135547,0.01818181818181818
ABC.train.gold.bea19_018038,0.0838388108391154,0.07840596677950097,0.07840596677950097,0.07840596677950097
ABC.train.gold.bea19_018042,0.0318804570504167,0.0318804570504167,0.0318804570504167,0.0318804570504167
ABC.train.gold.bea19_018050,0.04888173791350724,0.04888173791350724,0.04888173791350724,0.04888173791350724
ABC.train.gold.bea19_018052,0.00909090909090909,0.00909090909090909,0.00909090909090909,0.00909090909090909
ABC.train.gold.bea19_018074,0.022727272727272728,0.022727272727272728,0.013636363636363636,0.013636363636363636
ABC.train.gold.bea19_018114,0.00909090909090909,0.00909090909090909,0.00909090909090909,0.00909090909090909
ABC.train.gold.bea19_018118,0.03958400458390174,0.022727272727272728,0.01818181818181818,0.022727272727272728
ABC.train.gold.bea19_018125,0.02727272727272727,0.02727272727272727,0.02727272727272727,0.02727272727272727
ABC.train.gold.bea19_018128,0.00909090909090909,0.00909090909090909,0.00909090909090909,0.00909090909090909
ABC.train.gold.bea19_018132,0.04692313116274038,0.04237767661728583,0.04237767661728583,0.035623795397372204
ABC.train.gold.bea19_018164,0.00909090909090909,0.00909090909090909,0.00909090909090909,0.00909090909090909
ABC.train.gold.bea19_018187,0.04197629330894208,0.016196753326617866,0.00909090909090909,0.016196753326617866
ABC.train.gold.bea19_018241,0.07986025010935952,0.06424694662371695,0.0571329773820868,0.05970149207826242
ABC.train.gold.bea19_018287,0.022727272727272728,0.013636363636363636,0.013636363636363636,0.013636363636363636
ABC.train.gold.bea19_018288,0.06390903848985413,0.0383679129487286,0.04291336749418315,0.0383679129487286
ABC.train.gold.bea19_018291,0.00909090909090909,0.00909090909090909,0.00909090909090909,0.00909090909090909
ABC.train.gold.bea19_018295,0.025214913065420466,0.025214913065420466,0.025214913065420466,0.025214913065420466
ABC.train.gold.bea19_018302,0.033184067840730594,0.033184067840730594,0.01818181818181818,0.01818181818181818
ABC.train.gold.bea19_018308,0.00909090909090909,0.00909090909090909,0.00909090909090909,0.00909090909090909
ABC.train.gold.bea19_018342,0.027081694038843418,0.027081694038843418,0.027081694038843418,0.027081694038843418
ABC.train.gold.bea19_018349,0.019340093412648727,0.019340093412648727,0.019340093412648727,0.019340093412648727
ABC.train.gold.bea19_018373,0.027632884138090202,0.01818181818181818,0.022727272727272728,0.022727272727272728
ABC.train.gold.bea19_018383,0.02184164100056629,0.02184164100056629,0.02184164100056629,0.02184164100056629
ABC.train.gold.bea19_018408,0.07552136380175936,0.04153580242789091,0.04153580242789091,0.04153580242789091
ABC.train.gold.bea19_018410,0.14359631921208799,0.10891478978114486,0.10436933523569031,0.10891478978114486
ABC.train.gold.bea19_018420,0.018605989299798148,0.018605989299798148,0.018605989299798148,0.018605989299798148
ABC.train.gold.bea19_018429,0.01818181818181818,0.013636363636363636,0.013636363636363636,0.013636363636363636
ABC.train.gold.bea19_018476,0.015687682977414304,0.015687682977414304,0.015687682977414304,0.015687682977414304
ABC.train.gold.bea19_018478,0.049149842065808094,0.049149842065808094,0.049149842065808094,0.049149842065808094
ABC.train.gold.bea19_018479,0.024637780072782937,0.024637780072782937,0.024637780072782937,0.024637780072782937
ABC.train.gold.bea19_018492,0.022727272727272728,0.022727272727272728,0.022727272727272728,0.022727272727272728
ABC.train.gold.bea19_018513,0.026721528720496806,0.02580425173884871,0.01818181818181818,0.01818181818181818
ABC.train.gold.bea19_018533,0.00909090909090909,0.00909090909090909,0.00909090909090909,0.00909090909090909
ABC.train.gold.bea19_018550,0.00909090909090909,0.00909090909090909,0.00909090909090909,0.00909090909090909
ABC.train.gold.bea19_018573,0.022727272727272728,0.022727272727272728,0.022727272727272728,0.022727272727272728
ABC.train.gold.bea19_018586,0.01832443566475198,0.013778981119297432,0.013778981119297432,0.013778981119297432
ABC.train.gold.bea19_018587,0.06839190434788674,0.04672145518311624,0.051266909728570786,0.051266909728570786
ABC.train.gold.bea19_018593,0.05754242299236542,0.030303030303030325,0.03939393939393941,0.03939393939393941
ABC.train.gold.bea19_018608,0.00909090909090909,0.00909090909090909,0.00909090909090909,0.00909090909090909
ABC.train.gold.bea19_018616,0.015058379925329277,0.015058379925329277,0.015058379925329277,0.015058379925329277
ABC.train.gold.bea19_018620,0.022727272727272728,0.01818181818181818,0.01818181818181818,0.01818181818181818
ABC.train.gold.bea19_018632,0.019016253168008278,0.019016253168008278,0.019016253168008278,0.019016253168008278
ABC.train.gold.bea19_018633,0.01818181818181818,0.01818181818181818,0.013636363636363636,0.01818181818181818
ABC.train.gold.bea19_018662,0.043722943722943705,0.036060261320783854,0.036060261320783854,0.036060261320783854
ABC.train.gold.bea19_018688,0.022727272727272728,0.00909090909090909,0.00909090909090909,0.00909090909090909
ABC.train.gold.bea19_018750,0.10932092864048866,0.10932092864048866,0.10113053655950485,0.10113053655950485
ABC.train.gold.bea19_018769,0.045454545454545456,0.022727272727272728,0.01818181818181818,0.045454545454545456
ABC.train.gold.bea19_018770,0.03704402181391445,0.018862203632096272,0.013636363636363636,0.018862203632096272
ABC.train.gold.bea19_018776,0.024354420950343427,0.024354420950343427,0.030049439731090866,0.024354420950343427
ABC.train.gold.bea19_018782,0.03199733991815791,0.03654279446361246,0.02727272727272727,0.027451885372703367
ABC.train.gold.bea19_018805,0.030150288514024095,0.030150288514024095,0.030150288514024095,0.030150288514024095
ABC.train.gold.bea19_018810,0.04487458987185763,0.04487458987185763,0.04487458987185763,0.04487458987185763
ABC.train.gold.bea19_018811,0.03452013896117687,0.029974684415722323,0.029974684415722323,0.029974684415722323
ABC.train.gold.bea19_018836,0.05483600214012148,0.01818181818181818,0.01818181818181818,0.01818181818181818
ABC.train.gold.bea19_018846,0.01818181818181818,0.013636363636363636,0.013636363636363636,0.013636363636363636
ABC.train.gold.bea19_018860,0.018195725431588004,0.009104816340678912,0.009104816340678912,0.009104816340678912
ABC.train.gold.bea19_018898,0.02720287856229235,0.022657424016837804,0.022657424016837804,0.022657424016837804
ABC.train.gold.bea19_018904,0.00909090909090909,0.00909090909090909,0.00909090909090909,0.00909090909090909
ABC.train.gold.bea19_018908,0.04154591680418539,0.04154591680418539,0.04154591680418539,0.04154591680418539
ABC.train.gold.bea19_018946,0.01818181818181818,0.01818181818181818,0.01818181818181818,0.01818181818181818
ABC.train.gold.bea19_018961,0.05655893465301215,0.05655893465301215,0.05655893465301215,0.05655893465301215
ABC.train.gold.bea19_018966,0.023910547438465417,0.01936509289301087,0.01936509289301087,0.01936509289301087
ABC.train.gold.bea19_018968,0.04205592923757073,0.03636363636363636,0.03636363636363636,0.03636363636363636
ABC.train.gold.bea19_018979,0.00909090909090909,0.00909090909090909,0.00909090909090909,0.00909090909090909
ABC.train.gold.bea19_018983,0.029801956351144503,0.00909090909090909,0.00909090909090909,0.029801956351144503
ABC.train.gold.bea19_018985,0.03724066838059002,0.03208455914069636,0.03208455914069636,0.03208455914069636
ABC.train.gold.bea19_018989,0.04449760765550239,0.04449760765550239,0.04449760765550239,0.026794258373205752
ABC.train.gold.bea19_019010,0.021411530507453005,0.021411530507453005,0.00909090909090909,0.00909090909090909
ABC.train.gold.bea19_019066,0.00909090909090909,0.00909090909090909,0.00909090909090909,0.00909090909090909
ABC.train.gold.bea19_019074,0.00909090909090909,0.00909090909090909,0.00909090909090909,0.00909090909090909
ABC.train.gold.bea19_019084,0.00909090909090909,0.01939396504107533,0.00909090909090909,0.00909090909090909
ABC.train.gold.bea19_019090,0.05256367109910868,0.021464079028679178,0.02058080808080808,0.021464079028679178
ABC.train.gold.bea19_019118,0.034662568954568755,0.034662568954568755,0.022727272727272728,0.02847711071297331
ABC.train.gold.bea19_019142,0.013636363636363636,0.013636363636363636,0.013636363636363636,0.013636363636363636
ABC.train.gold.bea19_019144,0.01818181818181818,0.013636363636363636,0.013636363636363636,0.013636363636363636
ABC.train.gold.bea19_019160,0.00909090909090909,0.00909090909090909,0.00909090909090909,0.00909090909090909
ABC.train.gold.bea19_019163,0.01980896640488888,0.01980896640488888,0.01980896640488888,0.01980896640488888
ABC.train.gold.bea19_019186,0.004545454545454545,0.004545454545454545,0.004545454545454545,0.004545454545454545
ABC.train.gold.bea19_019206,0.01818181818181818,0.01818181818181818,0.00909090909090909,0.01818181818181818
ABC.train.gold.bea19_019208,0.02261455868220635,0.02261455868220635,0.02261455868220635,0.02261455868220635
ABC.train.gold.bea19_019211,0.02727272727272727,0.022727272727272728,0.022727272727272728,0.022727272727272728
ABC.train.gold.bea19_019224,0.04722150488507499,0.04722150488507499,0.04722150488507499,0.04722150488507499
ABC.train.gold.bea19_019242,0.0429672428083187,0.03272727272727274,0.03272727272727274,0.03272727272727274
ABC.train.gold.bea19_019246,0.00909090909090909,0.00909090909090909,0.00909090909090909,0.00909090909090909
ABC.train.gold.bea19_019254,0.019964151619096877,0.019964151619096877,0.019964151619096877,0.019964151619096877
ABC.train.gold.bea19_019255,0.06539463735726421,0.05101712168723149,0.045454545454545456,0.05101712168723149
ABC.train.gold.bea19_019272,0.03770177439116551,0.03770177439116551,0.03770177439116551,0.03770177439116551
ABC.train.gold.bea19_019299,0.022727272727272728,0.022727272727272728,0.022727272727272728,0.022727272727272728
ABC.train.gold.bea19_019341,0.00909090909090909,0.00909090909090909,0.00909090909090909,0.00909090909090909
ABC.train.gold.bea19_019357,0.03771877018244472,0.03771877018244472,0.03771877018244472,0.03771877018244472
ABC.train.gold.bea19_019374,0.00909090909090909,0.00909090909090909,0.00909090909090909,0.00909090909090909
ABC.train.gold.bea19_019378,0.004545454545454545,0.004545454545454545,0.004545454545454545,0.004545454545454545
ABC.train.gold.bea19_019399,0.00909090909090909,0.00909090909090909,0.00909090909090909,0.00909090909090909
ABC.train.gold.bea19_019403,0.00909090909090909,0.00909090909090909,0.00909090909090909,0.00909090909090909
ABC.train.gold.bea19_019418,0.014714251906986126,0.014714251906986126,0.014714251906986126,0.014714251906986126
ABC.train.gold.bea19_019439,0.02727272727272727,0.02727272727272727,0.02727272727272727,0.02727272727272727
ABC.train.gold.bea19_019443,0.00909090909090909,0.00909090909090909,0.00909090909090909,0.01841950572333899
ABC.train.gold.bea19_019453,0.06727550458146861,0.05970367232050811,0.05061276322959902,0.05970367232050811
ABC.train.gold.bea19_019476,0.00909090909090909,0.00909090909090909,0.00909090909090909,0.00909090909090909
ABC.train.gold.bea19_019500,0.043020637841651915,0.04756609238710646,0.04756609238710646,0.04756609238710646
ABC.train.gold.bea19_019505,0.052510740370322245,0.04341983127941315,0.0433083197092192,0.04341983127941315
ABC.train.gold.bea19_019522,0.0642857142857143,0.059740259740259746,0.059152030588523405,0.04296506053516202
ABC.train.gold.bea19_019527,0.022727272727272728,0.022727272727272728,0.022727272727272728,0.022727272727272728
ABC.train.gold.bea19_019553,0.013636363636363636,0.014780848485069482,0.013636363636363636,0.00909090909090909
ABC.train.gold.bea19_019562,0.03636363636363636,0.03636363636363636,0.031818181818181815,0.03636363636363636
ABC.train.gold.bea19_019604,0.02965772025480394,0.02965772025480394,0.02965772025480394,0.02965772025480394
ABC.train.gold.bea19_019606,0.05294907925939807,0.03336843997214356,0.03336843997214356,0.03336843997214356
ABC.train.gold.bea19_019610,0.022727272727272728,0.022727272727272728,0.022727272727272728,0.022727272727272728
ABC.train.gold.bea19_019613,0.022727272727272728,0.022727272727272728,0.02999474556634544,0.02999474556634544
ABC.train.gold.bea19_019618,0.01818181818181818,0.01818181818181818,0.01818181818181818,0.01818181818181818
ABC.train.gold.bea19_019657,0.00909090909090909,0.00909090909090909,0.00909090909090909,0.00909090909090909
ABC.train.gold.bea19_019665,0.03481231078705571,0.03481231078705571,0.03481231078705571,0.03481231078705571
ABC.train.gold.bea19_019666,0.047549509887958905,0.024804494849410667,0.01818181818181818,0.02934994939486521
ABC.train.gold.bea19_019688,0.059846332837043194,0.059846332837043194,0.059846332837043194,0.059846332837043194
ABC.train.gold.bea19_019723,0.054475605835019626,0.04334793099161769,0.04569229595281846,0.050237750498273004
ABC.train.gold.bea19_019737,0.024965075644782554,0.024965075644782554,0.01818181818181818,0.024965075644782554
ABC.train.gold.bea19_019741,0.022727272727272728,0.022727272727272728,0.01910654854583207,0.022727272727272728
ABC.train.gold.bea19_019749,0.02727272727272727,0.02727272727272727,0.02727272727272727,0.02727272727272727
ABC.train.gold.bea19_019756,0.022727272727272728,0.022727272727272728,0.022727272727272728,0.022727272727272728
ABC.train.gold.bea19_019769,0.04108611358066294,0.036540659035208395,0.04108611358066294,0.036540659035208395
ABC.train.gold.bea19_019771,0.02727272727272727,0.02727272727272727,0.02727272727272727,0.02727272727272727
ABC.train.gold.bea19_019781,0.03636363636363636,0.031818181818181815,0.022727272727272728,0.031818181818181815
ABC.train.gold.bea19_019819,0.055791392196893067,0.05122211199071156,0.05122211199071156,0.05122211199071156
ABC.train.gold.bea19_019829,0.04772727272727272,0.04772727272727272,0.013650270886133473,0.013650270886133473
ABC.train.gold.bea19_019830,0.013636363636363636,0.00909090909090909,0.013636363636363636,0.00909090909090909
ABC.train.gold.bea19_019834,0.07020256811601669,0.06480633874848173,0.03977825105376857,0.04901044881466077
ABC.train.gold.bea19_019836,0.02727272727272727,0.031818181818181815,0.031818181818181815,0.031818181818181815
ABC.train.gold.bea19_019840,0.056141390604017447,0.060686845149471993,0.05175827372090057,0.05567226975737871
ABC.train.gold.bea19_019841,0.047443181818181815,0.047443181818181815,0.02665469372118014,0.047443181818181815
ABC.train.gold.bea19_019856,0.01818181818181818,0.01818181818181818,0.01818181818181818,0.01818181818181818
ABC.train.gold.bea19_019870,0.030124006446734936,0.030124006446734936,0.030124006446734936,0.030124006446734936
ABC.train.gold.bea19_019910,0.015263511859434328,0.015263511859434328,0.00909090909090909,0.015263511859434328
ABC.train.gold.bea19_019967,0.013636363636363636,0.00909090909090909,0.013636363636363636,0.013636363636363636
ABC.train.gold.bea19_019970,0.024616671946003178,0.024616671946003178,0.024616671946003178,0.024616671946003178
ABC.train.gold.bea19_019973,0.013636363636363636,0.013636363636363636,0.013636363636363636,0.013636363636363636
ABC.train.gold.bea19_019990,0.013636363636363636,0.013636363636363636,0.01855953005488523,0.01855953005488523
ABC.train.gold.bea19_020002,0.052983305782529695,0.04682934775937769,0.04682934775937769,0.04682934775937769
ABC.train.gold.bea19_020015,0.018111969471383257,0.018111969471383257,0.018111969471383257,0.018111969471383257
ABC.train.gold.bea19_020022,0.00909090909090909,0.00909090909090909,0.00909090909090909,0.00909090909090909
ABC.train.gold.bea19_020023,0.073644648252732,0.06950857530567525,0.03793582650993804,0.06950857530567525
ABC.train.gold.bea19_020037,0.060210775026466226,0.060210775026466226,0.060210775026466226,0.060210775026466226
ABC.train.gold.bea19_020042,0.00909090909090909,0.00909090909090909,0.00909090909090909,0.00909090909090909
ABC.train.gold.bea19_020045,0.04370617338086372,0.04370617338086372,0.04370617338086372,0.04370617338086372
ABC.train.gold.bea19_020055,0.024841587652459383,0.022727272727272728,0.022727272727272728,0.022727272727272728
ABC.train.gold.bea19_020070,0.024074681215091695,0.00909090909090909,0.00909090909090909,0.00909090909090909
ABC.train.gold.bea19_020075,0.04678030303030302,0.04678030303030302,0.051325757575757566,0.04678030303030302
ABC.train.gold.bea19_020079,0.04739701291357708,0.03106060606060606,0.03106060606060606,0.03106060606060606
ABC.train.gold.bea19_020106,0.00909090909090909,0.00909090909090909,0.00909090909090909,0.00909090909090909
ABC.train.gold.bea19_020156,0.04567059215818626,0.04090909090909091,0.04090909090909091,0.04090909090909091
ABC.train.gold.bea19_020182,0.0352476309335895,0.00909090909090909,0.00909090909090909,0.00909090909090909
ABC.train.gold.bea19_020193,0.004545454545454545,0.004545454545454545,0.004545454545454545,0.004545454545454545
ABC.train.gold.bea19_020197,0.00909090909090909,0.00909090909090909,0.00909090909090909,0.00909090909090909
ABC.train.gold.bea19_020216,0.030246511762174678,0.030246511762174678,0.015284390550053475,0.015284390550053475
ABC.train.gold.bea19_020231,0.013636363636363636,0.013636363636363636,0.013636363636363636,0.013636363636363636
ABC.train.gold.bea19_020246,0.013636363636363636,0.013636363636363636,0.013636363636363636,0.013636363636363636
ABC.train.gold.bea19_020250,0.02169836562361933,0.01715291107816477,0.00909090909090909,0.00909090909090909
ABC.train.gold.bea19_020266,0.013636363636363636,0.013636363636363636,0.013636363636363636,0.013636363636363636
ABC.train.gold.bea19_020268,0.013636363636363636,0.00909090909090909,0.00909090909090909,0.00909090909090909
ABC.train.gold.bea19_020287,0.04021922755681161,0.04021922755681161,0.02727272727272727,0.04021922755681161
ABC.train.gold.bea19_020301,0.01818181818181818,0.01818181818181818,0.01818181818181818,0.01818181818181818
ABC.train.gold.bea19_020302,0.06463389273349089,0.06463389273349089,0.06463389273349089,0.06463389273349089
ABC.train.gold.bea19_020321,0.05909090909090909,0.04090909090909091,0.04090909090909091,0.04090909090909091
ABC.train.gold.bea19_020327,0.030883669388097768,0.01818181818181818,0.026558636386232078,0.02201318184077753
ABC.train.gold.bea19_020333,0.03333725864813038,0.028791804102675834,0.03333725864813038,0.03333725864813038
ABC.train.gold.bea19_020348,0.04090909090909091,0.013636363636363636,0.013636363636363636,0.013636363636363636
ABC.train.gold.bea19_020357,0.00909090909090909,0.00909090909090909,0.00909090909090909,0.00909090909090909
ABC.train.gold.bea19_020361,0.06182600154564331,0.04922108158090246,0.04506128670394349,0.040515832158488946
ABC.train.gold.bea19_020362,0.13565596821846623,0.06666275491532742,0.04878910314337056,0.053026391278963796
ABC.train.gold.bea19_020396,0.06988623883928964,0.062057680112104045,0.05132521957289716,0.05710146572298211
ABC.train.gold.bea19_020409,0.1548335167392044,0.10057900616587533,0.0916330859706382,0.08708763142518365
ABC.train.gold.bea19_020417,0.08681325323335426,0.07953049113090271,0.04337067411835171,0.060149091256350706
ABC.train.gold.bea19_020429,0.02751041481424808,0.02751041481424808,0.02751041481424808,0.02751041481424808
ABC.train.gold.bea19_020434,0.06734328761843733,0.04116917132396982,0.02881121677851528,0.04116917132396982
ABC.train.gold.bea19_020441,0.10103991352784546,0.10103991352784546,0.07825983840485572,0.10103991352784546
ABC.train.gold.bea19_020450,0.01818181818181818,0.013636363636363636,0.013636363636363636,0.01818181818181818
ABC.train.gold.bea19_020478,0.02332876127981808,0.01818181818181818,0.01818181818181818,0.01818181818181818
ABC.train.gold.bea19_020489,0.042255343391128596,0.022975616473162628,0.022975616473162628,0.022975616473162628
ABC.train.gold.bea19_020515,0.03960181387660051,0.019833592552798648,0.019833592552798648,0.019833592552798648
ABC.train.gold.bea19_020524,0.013636363636363636,0.013636363636363636,0.013636363636363636,0.013636363636363636
ABC.train.gold.bea19_020548,0.04090909090909091,0.04090909090909091,0.04090909090909091,0.04090909090909091
ABC.train.gold.bea19_020558,0.025214913065420452,0.013636363636363636,0.013636363636363636,0.013636363636363636
ABC.train.gold.bea19_020563,0.00909090909090909,0.00909090909090909,0.00909090909090909,0.00909090909090909
ABC.train.gold.bea19_020567,0.041667038487617686,0.041667038487617686,0.041667038487617686,0.041667038487617686
ABC.train.gold.bea19_020569,0.01818181818181818,0.01818181818181818,0.01818181818181818,0.01818181818181818
ABC.train.gold.bea19_020600,0.013636363636363636,0.013636363636363636,0.013636363636363636,0.013636363636363636
ABC.train.gold.bea19_020648,0.12433484024611008,0.11402956816666232,0.11402956816666232,0.07856829738286453
ABC.train.gold.bea19_020679,0.022727272727272728,0.022727272727272728,0.024340513700573576,0.022727272727272728
ABC.train.gold.bea19_020686,0.01841950572333899,0.013636363636363636,0.013636363636363636,0.013636363636363636
ABC.train.gold.bea19_020737,0.031818181818181815,0.031818181818181815,0.02727272727272727,0.02727272727272727
ABC.train.gold.bea19_020742,0.00909090909090909,0.00909090909090909,0.00909090909090909,0.00909090909090909
ABC.train.gold.bea19_020746,0.03441065678998224,0.03471416206437098,0.03471416206437098,0.03471416206437098
ABC.train.gold.bea19_020773,0.01818181818181818,0.01818181818181818,0.01818181818181818,0.01818181818181818
ABC.train.gold.bea19_020782,0.07333624150357454,0.05612434689624025,0.05157889235078571,0.05612434689624025
ABC.train.gold.bea19_020792,0.021855548250336126,0.021855548250336126,0.00909090909090909,0.021855548250336126
ABC.train.gold.bea19_020796,0.004545454545454545,0.004545454545454545,0.004545454545454545,0.004545454545454545
ABC.train.gold.bea19_020867,0.00909090909090909,0.00909090909090909,0.00909090909090909,0.00909090909090909
ABC.train.gold.bea19_020877,0.022727272727272728,0.01818181818181818,0.01818181818181818,0.01818181818181818
ABC.train.gold.bea19_020882,0.03507785351956704,0.01981811325982679,0.015272658714372243,0.013636363636363636
ABC.train.gold.bea19_020897,0.04483536760274738,0.035744458511838294,0.040289913057292834,0.035744458511838294
ABC.train.gold.bea19_020906,0.01818181818181818,0.01818181818181818,0.01818181818181818,0.01818181818181818
ABC.train.gold.bea19_020912,0.08034179071120699,0.08034179071120699,0.08034179071120699,0.08034179071120699
ABC.train.gold.bea19_020915,0.02727272727272727,0.03661616161616162,0.03661616161616162,0.03661616161616162
ABC.train.gold.bea19_020918,0.06447762912914524,0.06775974007482632,0.06775974007482632,0.06775974007482632
ABC.train.gold.bea19_020943,0.03476361307884824,0.024375299640962567,0.024375299640962567,0.024375299640962567
ABC.train.gold.bea19_020948,0.05204558860939725,0.05204558860939725,0.05204558860939725,0.05204558860939725
ABC.train.gold.bea19_020958,0.02727272727272727,0.02727272727272727,0.03913217244281708,0.02727272727272727
ABC.train.gold.bea19_020964,0.01818181818181818,0.01818181818181818,0.01818181818181818,0.01818181818181818
ABC.train.gold.bea19_020966,0.0324164229375991,0.027870968392144563,0.00909090909090909,0.027870968392144563
ABC.train.gold.bea19_020983,0.031818181818181815,0.031818181818181815,0.031818181818181815,0.031818181818181815
ABC.train.gold.bea19_020998,0.031818181818181815,0.02727272727272727,0.02727272727272727,0.02727272727272727
ABC.train.gold.bea19_021001,0.03636363636363636,0.03636363636363636,0.03636363636363636,0.04090909090909091
ABC.train.gold.bea19_021005,0.01818181818181818,0.01818181818181818,0.01818181818181818,0.01818181818181818
ABC.train.gold.bea19_021007,0.0571162056717158,0.06271138239141233,0.04090909090909091,0.03636363636363636
ABC.train.gold.bea19_021008,0.06161091268295301,0.06161091268295301,0.06161091268295301,0.06161091268295301
ABC.train.gold.bea19_021010,0.03512972728916623,0.03512972728916623,0.01818181818181818,0.022727272727272728
ABC.train.gold.bea19_021011,0.01818181818181818,0.01818181818181818,0.01818181818181818,0.01818181818181818
ABC.train.gold.bea19_021012,0.08631208304680499,0.07267571941044135,0.057341712181484074,0.06358481031953227
ABC.train.gold.bea19_021052,0.04090909090909091,0.04090909090909091,0.04090909090909091,0.04090909090909091
ABC.train.gold.bea19_021062,0.04560826391177414,0.0410628093663196,0.023596845192767665,0.04560826391177414
ABC.train.gold.bea19_021071,0.013636363636363636,0.01818181818181818,0.01818181818181818,0.01818181818181818
ABC.train.gold.bea19_021076,0.013636363636363636,0.013636363636363636,0.013636363636363636,0.013636363636363636
ABC.train.gold.bea19_021084,0.022727272727272728,0.013636363636363636,0.022199065640779163,0.013636363636363636
ABC.train.gold.bea19_021102,0.029683113741471742,0.00909090909090909,0.00909090909090909,0.00909090909090909
ABC.train.gold.bea19_021127,0.01818181818181818,0.01818181818181818,0.01818181818181818,0.01818181818181818
ABC.train.gold.bea19_021133,0.04787254652460623,0.045906617951853884,0.022727272727272728,0.02898743706861806
ABC.train.gold.bea19_021172,0.01818181818181818,0.01818181818181818,0.01818181818181818,0.01818181818181818
ABC.train.gold.bea19_021177,0.013636363636363636,0.013636363636363636,0.013636363636363636,0.013636363636363636
ABC.train.gold.bea19_021178,0.013636363636363636,0.013636363636363636,0.013636363636363636,0.013636363636363636
ABC.train.gold.bea19_021188,0.013636363636363636,0.013636363636363636,0.013636363636363636,0.013636363636363636
ABC.train.gold.bea19_021196,0.01818181818181818,0.01818181818181818,0.01818181818181818,0.01818181818181818
ABC.train.gold.bea19_021199,0.06370506480517793,0.028634616380074366,0.013636363636363636,0.013636363636363636
ABC.train.gold.bea19_021213,0.05,0.031818181818181815,0.03636363636363636,0.03636363636363636
ABC.train.gold.bea19_021219,0.031818181818181815,0.03292612604984535,0.03292612604984535,0.03292612604984535
ABC.train.gold.bea19_021220,0.019442524032359753,0.013636363636363636,0.013636363636363636,0.013636363636363636
ABC.train.gold.bea19_021225,0.01368557390477998,0.01368557390477998,0.00909090909090909,0.00909090909090909
ABC.train.gold.bea19_021239,0.022727272727272728,0.022727272727272728,0.01818181818181818,0.022727272727272728
ABC.train.gold.bea19_021249,0.02916128663806255,0.02916128663806255,0.02916128663806255,0.02916128663806255
ABC.train.gold.bea19_021251,0.06462322085443861,0.06462322085443861,0.06462322085443861,0.05761618309972327
ABC.train.gold.bea19_021257,0.013636363636363636,0.013636363636363636,0.013636363636363636,0.013636363636363636
ABC.train.gold.bea19_021287,0.024367276423413627,0.026243820169073877,0.01818181818181818,0.01818181818181818
ABC.train.gold.bea19_021290,0.013636363636363636,0.013636363636363636,0.013636363636363636,0.013636363636363636
ABC.train.gold.bea19_021312,0.00909090909090909,0.00909090909090909,0.00909090909090909,0.00909090909090909
ABC.train.gold.bea19_021318,0.054797979797979804,0.04300405155052225,0.04300405155052225,0.04300405155052225
ABC.train.gold.bea19_021321,0.030339073469960634,0.013636363636363636,0.013636363636363636,0.013636363636363636
ABC.train.gold.bea19_021324,0.013636363636363636,0.013636363636363636,0.013636363636363636,0.013636363636363636
ABC.train.gold.bea19_021329,0.013636363636363636,0.013636363636363636,0.013636363636363636,0.013636363636363636
ABC.train.gold.bea19_021330,0.02965772025480394,0.02965772025480394,0.02965772025480394,0.02965772025480394
ABC.train.gold.bea19_021366,0.05873452597522806,0.04245970883834198,0.04245970883834198,0.04245970883834198
ABC.train.gold.bea19_021385,0.039882697947214066,0.02727272727272727,0.02727272727272727,0.02727272727272727
ABC.train.gold.bea19_021414,0.013636363636363636,0.013636363636363636,0.013636363636363636,0.013636363636363636
ABC.train.gold.bea19_021422,0.03869468468164842,0.022727272727272728,0.022727272727272728,0.022727272727272728
ABC.train.gold.bea19_021424,0.08519604274239893,0.05141665855485688,0.05141665855485688,0.05141665855485688
ABC.train.gold.bea19_021446,0.07371115902598614,0.0630117464573796,0.0630117464573796,0.0630117464573796
ABC.train.gold.bea19_021454,0.022727272727272728,0.022727272727272728,0.01818181818181818,0.01818181818181818
ABC.train.gold.bea19_021461,0.05564886941722549,0.031818181818181815,0.02727272727272727,0.04090909090909091
ABC.train.gold.bea19_021489,0.01818181818181818,0.01818181818181818,0.01818181818181818,0.01818181818181818
ABC.train.gold.bea19_021500,0.01642738991995157,0.01642738991995157,0.00909090909090909,0.00909090909090909
ABC.train.gold.bea19_021536,0.01818181818181818,0.013636363636363636,0.00909090909090909,0.00909090909090909
ABC.train.gold.bea19_021552,0.07091519919336645,0.05909090909090909,0.05909090909090909,0.05909090909090909
ABC.train.gold.bea19_021553,0.04090909090909091,0.04090909090909091,0.04710663964562867,0.04710663964562867
ABC.train.gold.bea19_021555,0.013636363636363636,0.013636363636363636,0.013636363636363636,0.013636363636363636
ABC.train.gold.bea19_021563,0.013636363636363636,0.013636363636363636,0.00909090909090909,0.00909090909090909
ABC.train.gold.bea19_021590,0.0728210795220641,0.0728210795220641,0.03846456182805084,0.0728210795220641
ABC.train.gold.bea19_021597,0.05554687730629616,0.034567325282537406,0.034567325282537406,0.034567325282537406
ABC.train.gold.bea19_021598,0.022727272727272728,0.022727272727272728,0.022727272727272728,0.022727272727272728
ABC.train.gold.bea19_021673,0.051778656126482206,0.04090909090909091,0.04090909090909091,0.04090909090909091
ABC.train.gold.bea19_021715,0.00909090909090909,0.00909090909090909,0.00909090909090909,0.00909090909090909
ABC.train.gold.bea19_021717,0.028197457636741176,0.028197457636741176,0.022727272727272728,0.022727272727272728
ABC.train.gold.bea19_021734,0.041722114194197864,0.041722114194197864,0.041722114194197864,0.041722114194197864
ABC.train.gold.bea19_021760,0.037907252130911735,0.037907252130911735,0.037907252130911735,0.037907252130911735
ABC.train.gold.bea19_021774,0.013636363636363636,0.013636363636363636,0.013636363636363636,0.013636363636363636
ABC.train.gold.bea19_021801,0.00909090909090909,0.00909090909090909,0.00909090909090909,0.00909090909090909
ABC.train.gold.bea19_021823,0.038260008290507984,0.03636363636363636,0.03636363636363636,0.03636363636363636
ABC.train.gold.bea19_021831,0.00909090909090909,0.00909090909090909,0.00909090909090909,0.00909090909090909
ABC.train.gold.bea19_021857,0.07972317773549398,0.07348072625653382,0.03636363636363636,0.07348072625653382
ABC.train.gold.bea19_021879,0.02885913041471095,0.02031344511727838,0.01818181818181818,0.01818181818181818
ABC.train.gold.bea19_021893,0.00909090909090909,0.00909090909090909,0.00909090909090909,0.00909090909090909
ABC.train.gold.bea19_021896,0.03723351625933723,0.03723351625933723,0.03723351625933723,0.03723351625933723
ABC.train.gold.bea19_021909,0.07306737403412657,0.07306737403412657,0.07306737403412657,0.05673127967451193
ABC.train.gold.bea19_021937,0.02318223846974303,0.02318223846974303,0.02318223846974303,0.02318223846974303
ABC.train.gold.bea19_021954,0.01818181818181818,0.00909090909090909,0.01818181818181818,0.01818181818181818
ABC.train.gold.bea19_021962,0.01818181818181818,0.013636363636363636,0.01818181818181818,0.01818181818181818
ABC.train.gold.bea19_021997,0.01818181818181818,0.01818181818181818,0.029713449607333305,0.04050104317016228
ABC.train.gold.bea19_022011,0.03923843828014929,0.013636363636363636,0.00909090909090909,0.034692983734694746
ABC.train.gold.bea19_022015,0.00909090909090909,0.00909090909090909,0.00909090909090909,0.00909090909090909
ABC.train.gold.bea19_022017,0.03649476186146623,0.00909090909090909,0.00909090909090909,0.03649476186146623
ABC.train.gold.bea19_022021,0.00909090909090909,0.00909090909090909,0.00909090909090909,0.00909090909090909
ABC.train.gold.bea19_022057,0.01818181818181818,0.01818181818181818,0.01818181818181818,0.01818181818181818
ABC.train.gold.bea19_022083,0.021978497368983142,0.021436114627959572,0.021978497368983142,0.021978497368983142
ABC.train.gold.bea19_022102,0.013636363636363636,0.013636363636363636,0.013636363636363636,0.013636363636363636
ABC.train.gold.bea19_022111,0.046802149644528036,0.046802149644528036,0.046802149644528036,0.046802149644528036
ABC.train.gold.bea19_022152,0.02727272727272727,0.02727272727272727,0.022727272727272728,0.022727272727272728
ABC.train.gold.bea19_022191,0.01818181818181818,0.013636363636363636,0.013636363636363636,0.013636363636363636
ABC.train.gold.bea19_022199,0.018111969471383275,0.018111969471383275,0.00909090909090909,0.00909090909090909
ABC.train.gold.bea19_022247,0.06851851851851852,0.03653198653198651,0.030428153737469238,0.030428153737469238
ABC.train.gold.bea19_022250,0.024867779865760376,0.013636363636363636,0.013636363636363636,0.01818181818181818
ABC.train.gold.bea19_022262,0.01818181818181818,0.01818181818181818,0.01818181818181818,0.013636363636363636
ABC.train.gold.bea19_022263,0.028780428166557702,0.022727272727272728,0.022727272727272728,0.022727272727272728
ABC.train.gold.bea19_022272,0.040303732292649795,0.040303732292649795,0.02727272727272727,0.02727272727272727
ABC.train.gold.bea19_022321,0.049395875805664714,0.031818181818181815,0.02727272727272727,0.02727272727272727
ABC.train.gold.bea19_022333,0.018792472876257293,0.018792472876257293,0.018792472876257293,0.018792472876257293
ABC.train.gold.bea19_022372,0.004545454545454545,0.02916128663806252,0.004545454545454545,0.02916128663806252
ABC.train.gold.bea19_022373,0.021104205402846042,0.021104205402846042,0.013636363636363636,0.013636363636363636
ABC.train.gold.bea19_022374,0.035919604361317886,0.031374149815863346,0.01818181818181818,0.031374149815863346
ABC.train.gold.bea19_022384,0.045454545454545456,0.045454545454545456,0.045454545454545456,0.045454545454545456
ABC.train.gold.bea19_022395,0.021968869272988627,0.021968869272988627,0.021968869272988627,0.021968869272988627
ABC.train.gold.bea19_022443,0.013636363636363636,0.013636363636363636,0.013636363636363636,0.013636363636363636
ABC.train.gold.bea19_022451,0.10414206370197517,0.09182826981206033,0.09182826981206033,0.08273736072115123
ABC.train.gold.bea19_022474,0.03785937441400426,0.03785937441400426,0.03785937441400426,0.03785937441400426
ABC.train.gold.bea19_022510,0.01818181818181818,0.01818181818181818,0.01818181818181818,0.01818181818181818
ABC.train.gold.bea19_022519,0.027286634522497123,0.02274117997704258,0.027286634522497123,0.02274117997704258
ABC.train.gold.bea19_022524,0.03457515479660282,0.025484245705693735,0.025484245705693735,0.025484245705693735
ABC.train.gold.bea19_022570,0.029863867493001798,0.03588516746411482,0.019532294915717792,0.022727272727272728
ABC.train.gold.bea19_022571,0.013636363636363636,0.013636363636363636,0.013636363636363636,0.013636363636363636
ABC.train.gold.bea19_022587,0.04143356643356645,0.04143356643356645,0.04143356643356645,0.04143356643356645
ABC.train.gold.bea19_022623,0.0545430660568279,0.035381071840397293,0.035381071840397293,0.035381071840397293
ABC.train.gold.bea19_022630,0.013636363636363636,0.013636363636363636,0.013636363636363636,0.013636363636363636
ABC.train.gold.bea19_022650,0.04528116162006917,0.022727272727272728,0.022727272727272728,0.022727272727272728
ABC.train.gold.bea19_022651,0.028088517513544128,0.013636363636363636,0.013636363636363636,0.013636363636363636
ABC.train.gold.bea19_022652,0.026243820169073877,0.026243820169073877,0.026243820169073877,0.026243820169073877
ABC.train.gold.bea19_022679,0.05729948776667598,0.052754033221221436,0.03974601442604435,0.052754033221221436
ABC.train.gold.bea19_022694,0.00909090909090909,0.00909090909090909,0.00909090909090909,0.00909090909090909
ABC.train.gold.bea19_022697,0.00909090909090909,0.00909090909090909,0.00909090909090909,0.00909090909090909
ABC.train.gold.bea19_022700,0.03172527183620869,0.02531841294754724,0.02531841294754724,0.02531841294754724
ABC.train.gold.bea19_022708,0.053341888307209664,0.04879643376175512,0.031818181818181815,0.04879643376175512
ABC.train.gold.bea19_022720,0.015750678561550293,0.015750678561550293,0.015750678561550293,0.020296133107004836
ABC.train.gold.bea19_022753,0.004545454545454545,0.004545454545454545,0.004545454545454545,0.004545454545454545
ABC.train.gold.bea19_022754,0.004545454545454545,0.004545454545454545,0.004545454545454545,0.004545454545454545
ABC.train.gold.bea19_022761,0.06333389698332968,0.06333389698332968,0.06333389698332968,0.06333389698332968
ABC.train.gold.bea19_022782,0.039350709112953984,0.031818181818181815,0.02727272727272727,0.022727272727272728
ABC.train.gold.bea19_022806,0.06510778203174852,0.06510778203174852,0.056016872940839436,0.056016872940839436
ABC.train.gold.bea19_022833,0.06752839832411346,0.04363285351145423,0.03771667543408842,0.04363285351145423
ABC.train.gold.bea19_022836,0.030358608730292315,0.03224800794902275,0.013636363636363636,0.01818181818181818
ABC.train.gold.bea19_022858,0.03493088440030296,0.030385429854848413,0.030385429854848413,0.030385429854848413
ABC.train.gold.bea19_022871,0.014247018330802764,0.014247018330802764,0.014247018330802764,0.014247018330802764
ABC.train.gold.bea19_022884,0.04741326757227065,0.04741326757227065,0.04393939393939393,0.02923144939045247
ABC.train.gold.bea19_022909,0.03266652405414175,0.023575614963232662,0.01841950572333899,0.023575614963232662
ABC.train.gold.bea19_022918,0.00909090909090909,0.00909090909090909,0.00909090909090909,0.00909090909090909
ABC.train.gold.bea19_022923,0.013636363636363636,0.013636363636363636,0.013636363636363636,0.013636363636363636
ABC.train.gold.bea19_022936,0.10531736380097492,0.10531736380097492,0.08210068866195576,0.10531736380097492
ABC.train.gold.bea19_022940,0.013636363636363636,0.03140039744527104,0.01818181818181818,0.022727272727272728
ABC.train.gold.bea19_022942,0.022975616473162628,0.01818181818181818,0.01818181818181818,0.01818181818181818
ABC.train.gold.bea19_022954,0.030956987632109894,0.030956987632109894,0.030956987632109894,0.030956987632109894
ABC.train.gold.bea19_022973,0.039292748604889925,0.025656384968526295,0.01818181818181818,0.025656384968526295
ABC.train.gold.bea19_022981,0.030373096779639817,0.021282187688730726,0.012191278597821636,0.021282187688730726
ABC.train.gold.bea19_022984,0.032750706262521245,0.034848484848484844,0.00909090909090909,0.030303030303030297
ABC.train.gold.bea19_022988,0.00909090909090909,0.00909090909090909,0.00909090909090909,0.00909090909090909
ABC.train.gold.bea19_022993,0.00909090909090909,0.00909090909090909,0.00909090909090909,0.00909090909090909
ABC.train.gold.bea19_022995,0.12123499338545325,0.11590343002628688,0.10109403698189369,0.10563949152734822
ABC.train.gold.bea19_023071,0.02727272727272727,0.0884816816054009,0.03471784339519242,0.03471784339519242
ABC.train.gold.bea19_023090,0.06469533004125251,0.06469533004125251,0.03336416121008369,0.06469533004125251
ABC.train.gold.bea19_023091,0.03372466342682691,0.03372466342682691,0.02727272727272727,0.03372466342682691
ABC.train.gold.bea19_023105,0.00909090909090909,0.00909090909090909,0.00909090909090909,0.00909090909090909
ABC.train.gold.bea19_023120,0.022727272727272728,0.022727272727272728,0.022727272727272728,0.022727272727272728
ABC.train.gold.bea19_023121,0.031818181818181815,0.031818181818181815,0.031818181818181815,0.02727272727272727
ABC.train.gold.bea19_023134,0.09148224298869616,0.08693678844324161,0.08693678844324161,0.08693678844324161
ABC.train.gold.bea19_023135,0.074513853571398,0.074513853571398,0.07220620194345329,0.074513853571398
ABC.train.gold.bea19_023142,0.00909090909090909,0.00909090909090909,0.00909090909090909,0.00909090909090909
ABC.train.gold.bea19_023146,0.02727272727272727,0.02727272727272727,0.02727272727272727,0.02727272727272727
ABC.train.gold.bea19_023158,0.00909090909090909,0.00909090909090909,0.00909090909090909,0.00909090909090909
ABC.train.gold.bea19_023159,0.00909090909090909,0.00909090909090909,0.00909090909090909,0.00909090909090909
ABC.train.gold.bea19_023189,0.021477836377269077,0.021477836377269077,0.021477836377269077,0.021477836377269077
ABC.train.gold.bea19_023203,0.014793402991846977,0.014793402991846977,0.014793402991846977,0.014793402991846977
ABC.train.gold.bea19_023205,0.013636363636363636,0.013636363636363636,0.013636363636363636,0.013636363636363636
ABC.train.gold.bea19_023206,0.0218053137289516,0.0218053137289516,0.0218053137289516,0.0218053137289516
ABC.train.gold.bea19_023208,0.013636363636363636,0.013636363636363636,0.013636363636363636,0.013636363636363636
ABC.train.gold.bea19_023212,0.047404711492764866,0.03306652843051634,0.047404711492764866,0.04285925694731032
ABC.train.gold.bea19_023231,0.00909090909090909,0.00909090909090909,0.00909090909090909,0.00909090909090909
ABC.train.gold.bea19_023232,0.041613395748378725,0.02455066769709554,0.029096122242550083,0.041767219233207066
ABC.train.gold.bea19_023239,0.023188407851219894,0.023188407851219894,0.023188407851219894,0.023188407851219894
ABC.train.gold.bea19_023253,0.0550637810948901,0.0550637810948901,0.0550637810948901,0.0550637810948901
ABC.train.gold.bea19_023258,0.06511207867078296,0.04693026048896477,0.04693026048896477,0.04693026048896477
ABC.train.gold.bea19_023266,0.03443612123390322,0.03443612123390322,0.013636363636363636,0.03443612123390322
ABC.train.gold.bea19_023274,0.027402528270579072,0.02285707372512453,0.02285707372512453,0.02285707372512453
ABC.train.gold.bea19_023285,0.0552876843576951,0.0552876843576951,0.0552876843576951,0.05074222981224056
ABC.train.gold.bea19_023287,0.04222888376868612,0.04222888376868612,0.04222888376868612,0.04222888376868612
ABC.train.gold.bea19_023311,0.02727272727272727,0.01818181818181818,0.01818181818181818,0.02727272727272727
ABC.train.gold.bea19_023369,0.031818181818181815,0.031818181818181815,0.031818181818181815,0.031818181818181815
ABC.train.gold.bea19_023402,0.02439824244602443,0.02439824244602443,0.02439824244602443,0.02439824244602443
ABC.train.gold.bea19_023405,0.018792472876257307,0.018792472876257307,0.018792472876257307,0.018792472876257307
ABC.train.gold.bea19_023430,0.030303030303030297,0.030303030303030297,0.030303030303030297,0.030303030303030297
ABC.train.gold.bea19_023441,0.00909090909090909,0.00909090909090909,0.00909090909090909,0.00909090909090909
ABC.train.gold.bea19_023444,0.02727272727272727,0.02727272727272727,0.02727272727272727,0.02727272727272727
ABC.train.gold.bea19_023464,0.04601147037172694,0.037461797681003745,0.037461797681003745,0.037461797681003745
ABC.train.gold.bea19_023466,0.00909090909090909,0.00909090909090909,0.00909090909090909,0.00909090909090909
ABC.train.gold.bea19_023474,0.029261363636363634,0.029261363636363634,0.029261363636363634,0.029261363636363634
ABC.train.gold.bea19_023489,0.0426784108021301,0.0426784108021301,0.0426784108021301,0.0426784108021301
ABC.train.gold.bea19_023509,0.052813550581381326,0.04826809603592678,0.04826809603592678,0.04826809603592678
ABC.train.gold.bea19_023512,0.00909090909090909,0.00909090909090909,0.00909090909090909,0.00909090909090909
ABC.train.gold.bea19_023525,0.07496160244461275,0.07496160244461275,0.06587069335370366,0.07496160244461275
ABC.train.gold.bea19_023529,0.031818181818181815,0.031818181818181815,0.031818181818181815,0.031818181818181815
ABC.train.gold.bea19_023564,0.004545454545454545,0.004545454545454545,0.004545454545454545,0.004545454545454545
ABC.train.gold.bea19_023583,0.10135723493000848,0.06534348457445621,0.06078539575293029,0.06078539575293029
ABC.train.gold.bea19_023594,0.013636363636363636,0.013636363636363636,0.00909090909090909,0.013636363636363636
ABC.train.gold.bea19_023638,0.044225328468088757,0.044225328468088757,0.044225328468088757,0.044225328468088757
ABC.train.gold.bea19_023650,0.00909090909090909,0.00909090909090909,0.00909090909090909,0.00909090909090909
ABC.train.gold.bea19_023651,0.028276494764751282,0.02184164100056629,0.00909090909090909,0.02184164100056629
ABC.train.gold.bea19_023658,0.01818181818181818,0.01818181818181818,0.01818181818181818,0.01818181818181818
ABC.train.gold.bea19_023668,0.0677947185281273,0.0677947185281273,0.04376037008309857,0.0677947185281273
ABC.train.gold.bea19_023671,0.06888603375605132,0.06888603375605132,0.08597109009829362,0.08597109009829362
ABC.train.gold.bea19_023674,0.01818181818181818,0.01818181818181818,0.01818181818181818,0.01818181818181818
ABC.train.gold.bea19_023692,0.03105123040689757,0.03105123040689757,0.01818181818181818,0.051505775861443046
ABC.train.gold.bea19_023698,0.013636363636363636,0.013636363636363636,0.013636363636363636,0.013636363636363636
ABC.train.gold.bea19_023706,0.01844142017752178,0.01844142017752178,0.01844142017752178,0.01844142017752178
ABC.train.gold.bea19_023718,0.05925925925925925,0.032608916977416566,0.032608916977416566,0.032608916977416566
ABC.train.gold.bea19_023739,0.034162546779382554,0.053292999496588535,0.031818181818181815,0.031818181818181815
ABC.train.gold.bea19_023740,0.01818181818181818,0.01818181818181818,0.01818181818181818,0.01818181818181818
ABC.train.gold.bea19_023754,0.04737959089682473,0.040762200122502805,0.036216745577048265,0.036216745577048265
ABC.train.gold.bea19_023782,0.00909090909090909,0.00909090909090909,0.00909090909090909,0.00909090909090909
ABC.train.gold.bea19_023784,0.00909090909090909,0.00909090909090909,0.00909090909090909,0.00909090909090909
ABC.train.gold.bea19_023796,0.00909090909090909,0.00909090909090909,0.00909090909090909,0.00909090909090909
ABC.train.gold.bea19_023829,0.031818181818181815,0.01818181818181818,0.031818181818181815,0.031818181818181815
ABC.train.gold.bea19_023853,0.013636363636363636,0.00909090909090909,0.00909090909090909,0.00909090909090909
ABC.train.gold.bea19_023857,0.00909090909090909,0.013636363636363636,0.00909090909090909,0.00909090909090909
ABC.train.gold.bea19_023871,0.020090448924279254,0.020090448924279254,0.020090448924279254,0.020090448924279254
ABC.train.gold.bea19_023917,0.013636363636363636,0.013636363636363636,0.013636363636363636,0.013636363636363636
ABC.train.gold.bea19_023980,0.03689674760481337,0.03689674760481337,0.03689674760481337,0.03689674760481337
ABC.train.gold.bea19_024003,0.028970370865320925,0.028970370865320925,0.022727272727272728,0.022727272727272728
ABC.train.gold.bea19_024008,0.00909090909090909,0.00909090909090909,0.00909090909090909,0.00909090909090909
ABC.train.gold.bea19_024024,0.02727272727272727,0.022727272727272728,0.022727272727272728,0.02727272727272727
ABC.train.gold.bea19_024025,0.00909090909090909,0.00909090909090909,0.00909090909090909,0.00909090909090909
ABC.train.gold.bea19_024028,0.028733000550535844,0.047443181818181815,0.047443181818181815,0.047443181818181815
ABC.train.gold.bea19_024032,0.01818181818181818,0.01818181818181818,0.01818181818181818,0.01818181818181818
ABC.train.gold.bea19_024072,0.07348447744839302,0.05122742415685699,0.05122742415685699,0.05122742415685699
ABC.train.gold.bea19_024085,0.039217046144693464,0.030187015675511405,0.032078262233060734,0.039217046144693464
ABC.train.gold.bea19_024100,0.00909090909090909,0.00909090909090909,0.00909090909090909,0.00909090909090909
ABC.train.gold.bea19_024104,0.00909090909090909,0.00909090909090909,0.00909090909090909,0.06938666343392347
ABC.train.gold.bea19_024116,0.00909090909090909,0.00909090909090909,0.00909090909090909,0.00909090909090909
ABC.train.gold.bea19_024120,0.00909090909090909,0.00909090909090909,0.00909090909090909,0.00909090909090909
ABC.train.gold.bea19_024136,0.004545454545454545,0.004545454545454545,0.004545454545454545,0.004545454545454545
ABC.train.gold.bea19_024140,0.03688811188811188,0.03688811188811188,0.03688811188811188,0.03688811188811188
ABC.train.gold.bea19_024154,0.013636363636363636,0.013636363636363636,0.013636363636363636,0.013636363636363636
ABC.train.gold.bea19_024168,0.00909090909090909,0.00909090909090909,0.00909090909090909,0.00909090909090909
ABC.train.gold.bea19_024176,0.01818181818181818,0.01818181818181818,0.01818181818181818,0.01818181818181818
ABC.train.gold.bea19_024191,0.02520141732342241,0.02520141732342241,0.01818181818181818,0.02520141732342241
ABC.train.gold.bea19_024226,0.049132465119918145,0.03636363636363636,0.03636363636363636,0.03636363636363636
ABC.train.gold.bea19_024232,0.00909090909090909,0.00909090909090909,0.00909090909090909,0.00909090909090909
ABC.train.gold.bea19_024245,0.08715176740704524,0.07806085831613614,0.08715176740704524,0.07806085831613614
ABC.train.gold.bea19_024275,0.00909090909090909,0.00909090909090909,0.00909090909090909,0.00909090909090909
ABC.train.gold.bea19_024282,0.043590606972701354,0.043590606972701354,0.03904515242724681,0.043590606972701354
ABC.train.gold.bea19_024289,0.050163094110937174,0.050163094110937174,0.050163094110937174,0.050163094110937174
ABC.train.gold.bea19_024296,0.04369588567200357,0.04369588567200357,0.04369588567200357,0.04369588567200357
ABC.train.gold.bea19_024309,0.08380012759014528,0.07735627732276563,0.07218450569355903,0.07218450569355903
ABC.train.gold.bea19_024313,0.02851137663284259,0.02851137663284259,0.02851137663284259,0.02851137663284259
ABC.train.gold.bea19_024318,0.02727272727272727,0.02727272727272727,0.02727272727272727,0.02727272727272727
ABC.train.gold.bea19_024322,0.00909090909090909,0.00909090909090909,0.00909090909090909,0.00909090909090909
ABC.train.gold.bea19_024331,0.03767173685149787,0.03767173685149787,0.03767173685149787,0.03767173685149787
ABC.train.gold.bea19_024381,0.02976212498152776,0.02976212498152776,0.01818181818181818,0.02976212498152776
ABC.train.gold.bea19_024387,0.023624825231649008,0.023624825231649008,0.01818181818181818,0.023624825231649008
ABC.train.gold.bea19_024425,0.039266455314859394,0.04380507115528009,0.03636363636363636,0.058510953508221254
ABC.train.gold.bea19_024443,0.06930071964057308,0.06363636363636363,0.06363636363636363,0.06363636363636363
ABC.train.gold.bea19_024447,0.03385085641385924,0.03385085641385924,0.03385085641385924,0.03385085641385924
ABC.train.gold.bea19_024457,0.03878301826325077,0.03878301826325077,0.03878301826325077,0.03878301826325077
ABC.train.gold.bea19_024463,0.06107419050865965,0.06041666666666669,0.06041666666666669,0.06041666666666669
ABC.train.gold.bea19_024473,0.11141477101609833,0.10686931647064378,0.10096622465211111,0.10096622465211111
ABC.train.gold.bea19_024480,0.02727272727272727,0.02727272727272727,0.02727272727272727,0.02727272727272727
ABC.train.gold.bea19_024481,0.04090909090909091,0.04090909090909091,0.03636363636363636,0.03636363636363636
ABC.train.gold.bea19_024496,0.01818181818181818,0.01818181818181818,0.01818181818181818,0.01818181818181818
ABC.train.gold.bea19_024513,0.00909090909090909,0.00909090909090909,0.00909090909090909,0.00909090909090909
ABC.train.gold.bea19_024517,0.07926417737968794,0.07471872283423339,0.05641025641025642,0.06095571095571096
ABC.train.gold.bea19_024519,0.019538407182093903,0.013636363636363636,0.013636363636363636,0.013636363636363636
ABC.train.gold.bea19_024535,0.09923837125292018,0.09923837125292018,0.09923837125292018,0.09923837125292018
ABC.train.gold.bea19_024558,0.03636363636363636,0.03636363636363636,0.03636363636363636,0.03636363636363636
ABC.train.gold.bea19_024565,0.02727272727272727,0.02727272727272727,0.02727272727272727,0.02727272727272727
ABC.train.gold.bea19_024570,0.047177475017481534,0.03103926339908429,0.03103926339908429,0.03103926339908429
ABC.train.gold.bea19_024589,0.025085544938243318,0.013636363636363636,0.013636363636363636,0.013636363636363636
ABC.train.gold.bea19_024600,0.01544950866444433,0.01544950866444433,0.01544950866444433,0.01544950866444433
ABC.train.gold.bea19_024631,0.01818181818181818,0.01818181818181818,0.01818181818181818,0.01818181818181818
ABC.train.gold.bea19_024638,0.08581838736257849,0.06532490209476774,0.06532490209476774,0.06532490209476774
ABC.train.gold.bea19_024641,0.02727272727272727,0.02727272727272727,0.02727272727272727,0.02727272727272727
ABC.train.gold.bea19_024659,0.013636363636363636,0.013636363636363636,0.013636363636363636,0.013636363636363636
ABC.train.gold.bea19_024673,0.09873229454400143,0.08088821932179004,0.05889611419858803,0.05889611419858803
ABC.train.gold.bea19_024679,0.039524144414454954,0.039524144414454954,0.039524144414454954,0.03636363636363636
ABC.train.gold.bea19_024682,0.022727272727272728,0.022727272727272728,0.022727272727272728,0.022727272727272728
ABC.train.gold.bea19_024710,0.07420231948337795,0.06511141039246886,0.06511141039246886,0.06511141039246886
ABC.train.gold.bea19_024712,0.029853892788232635,0.029853892788232635,0.029853892788232635,0.029853892788232635
ABC.train.gold.bea19_024713,0.024829796033385074,0.024829796033385074,0.024829796033385074,0.024829796033385074
ABC.train.gold.bea19_024735,0.03357645553908238,0.042667364629991475,0.042667364629991475,0.042667364629991475
ABC.train.gold.bea19_024736,0.02401743759053587,0.02401743759053587,0.02401743759053587,0.02401743759053587
ABC.train.gold.bea19_024762,0.025462365182006945,0.025462365182006945,0.025462365182006945,0.025462365182006945
ABC.train.gold.bea19_024773,0.028256349120084703,0.028256349120084703,0.028256349120084703,0.028256349120084703
ABC.train.gold.bea19_024813,0.004545454545454545,0.004545454545454545,0.004545454545454545,0.004545454545454545
ABC.train.gold.bea19_024818,0.02970649598244838,0.02970649598244838,0.02970649598244838,0.02970649598244838
ABC.train.gold.bea19_024820,0.023394115258724323,0.018848660713269776,0.00909090909090909,0.018848660713269776
ABC.train.gold.bea19_024839,0.017842313316755162,0.00909090909090909,0.00909090909090909,0.00909090909090909
ABC.train.gold.bea19_024892,0.01818181818181818,0.01818181818181818,0.01818181818181818,0.01818181818181818
ABC.train.gold.bea19_024905,0.00909090909090909,0.00909090909090909,0.00909090909090909,0.00909090909090909
ABC.train.gold.bea19_024929,0.01818181818181818,0.01818181818181818,0.00909090909090909,0.02348269647340684
ABC.train.gold.bea19_024934,0.00909090909090909,0.00909090909090909,0.00909090909090909,0.00909090909090909
ABC.train.gold.bea19_024938,0.01818181818181818,0.01818181818181818,0.01818181818181818,0.01818181818181818
ABC.train.gold.bea19_024942,0.026115546703104668,0.026115546703104668,0.026115546703104668,0.026115546703104668
ABC.train.gold.bea19_024954,0.00909090909090909,0.00909090909090909,0.00909090909090909,0.00909090909090909
ABC.train.gold.bea19_024971,0.04322351645135536,0.04322351645135536,0.04322351645135536,0.04322351645135536
ABC.train.gold.bea19_024980,0.020233137522868847,0.020233137522868847,0.01818181818181818,0.01818181818181818
ABC.train.gold.bea19_024983,0.025466520208353136,0.01818181818181818,0.013636363636363636,0.01818181818181818
ABC.train.gold.bea19_024988,0.01818181818181818,0.01818181818181818,0.01818181818181818,0.01818181818181818
ABC.train.gold.bea19_024999,0.04406835448180509,0.04406835448180509,0.04406835448180509,0.04406835448180509
ABC.train.gold.bea19_025030,0.0423119208375502,0.03776646629209565,0.03023727452329469,0.03023727452329469
ABC.train.gold.bea19_025040,0.022727272727272728,0.02291011215807026,0.02291011215807026,0.02291011215807026
ABC.train.gold.bea19_025054,0.01818181818181818,0.022727272727272728,0.01818181818181818,0.01818181818181818
ABC.train.gold.bea19_025056,0.025462365182006945,0.00909090909090909,0.013636363636363636,0.013636363636363636
ABC.train.gold.bea19_025122,0.022727272727272728,0.01818181818181818,0.01818181818181818,0.01818181818181818
ABC.train.gold.bea19_025126,0.02241973647531701,0.00909090909090909,0.00909090909090909,0.00909090909090909
ABC.train.gold.bea19_025134,0.00909090909090909,0.00909090909090909,0.00909090909090909,0.00909090909090909
ABC.train.gold.bea19_025137,0.034657476900509666,0.022727272727272728,0.022727272727272728,0.022727272727272728
ABC.train.gold.bea19_025141,0.07606535356570052,0.05454545454545454,0.05,0.05454545454545454
ABC.train.gold.bea19_025148,0.00909090909090909,0.00909090909090909,0.00909090909090909,0.016918474582044693
ABC.train.gold.bea19_025152,0.037844775724268746,0.037844775724268746,0.037844775724268746,0.037844775724268746
ABC.train.gold.bea19_025206,0.03636363636363636,0.02727272727272727,0.02727272727272727,0.02727272727272727
ABC.train.gold.bea19_025210,0.040483030572505845,0.035937576027051304,0.035937576027051304,0.035937576027051304
ABC.train.gold.bea19_025216,0.04225832741353139,0.023490707543585267,0.023490707543585267,0.04225832741353139
ABC.train.gold.bea19_025220,0.027495039777684367,0.027495039777684367,0.027495039777684367,0.027495039777684367
ABC.train.gold.bea19_025251,0.0429008360472639,0.03835538150180935,0.03835538150180935,0.03835538150180935
ABC.train.gold.bea19_025277,0.01818181818181818,0.022727272727272728,0.01818181818181818,0.01818181818181818
ABC.train.gold.bea19_025293,0.03209281179440592,0.03209281179440592,0.03209281179440592,0.03209281179440592
ABC.train.gold.bea19_025313,0.03377966013093994,0.03377966013093994,0.03377966013093994,0.03377966013093994
ABC.train.gold.bea19_025348,0.014060534754343603,0.014060534754343603,0.00909090909090909,0.00909090909090909
ABC.train.gold.bea19_025370,0.046260561036035444,0.028765056995759476,0.028765056995759476,0.028765056995759476
ABC.train.gold.bea19_025401,0.021243399881149,0.021243399881149,0.021243399881149,0.021243399881149
ABC.train.gold.bea19_025403,0.028197457636741162,0.01818181818181818,0.01818181818181818,0.01818181818181818
ABC.train.gold.bea19_025448,0.0585534278924925,0.0585534278924925,0.0585534278924925,0.054007973347037955
ABC.train.gold.bea19_025473,0.05247640797628819,0.05247640797628819,0.02727272727272727,0.05247640797628819
ABC.train.gold.bea19_025522,0.013910993612587741,0.013910993612587741,0.013910993612587741,0.013910993612587741
ABC.train.gold.bea19_025525,0.03374725869142606,0.028268818556323166,0.028268818556323166,0.03374725869142606
ABC.train.gold.bea19_025527,0.03636363636363636,0.03636363636363636,0.03636363636363636,0.03636363636363636
ABC.train.gold.bea19_025541,0.031818181818181815,0.031818181818181815,0.031818181818181815,0.031818181818181815
ABC.train.gold.bea19_025543,0.04139662244837479,0.04139662244837479,0.04139662244837479,0.04594207699382934
ABC.train.gold.bea19_025550,0.01818181818181818,0.01818181818181818,0.01818181818181818,0.01818181818181818
ABC.train.gold.bea19_025564,0.02891273096886817,0.024367276423413627,0.02891273096886817,0.02891273096886817
ABC.train.gold.bea19_025572,0.11212047756412416,0.10866655029671377,0.10866655029671377,0.0840605199463294
ABC.train.gold.bea19_025581,0.03274291218219572,0.02727272727272727,0.02727272727272727,0.02727272727272727
ABC.train.gold.bea19_025596,0.030938960556693953,0.04107744107744106,0.022727272727272728,0.022727272727272728
ABC.train.gold.bea19_025599,0.01818181818181818,0.01818181818181818,0.01818181818181818,0.01818181818181818
ABC.train.gold.bea19_025623,0.024149612185632382,0.024149612185632382,0.024149612185632382,0.024149612185632382
ABC.train.gold.bea19_025642,0.00909090909090909,0.00909090909090909,0.00909090909090909,0.00909090909090909
ABC.train.gold.bea19_025667,0.004545454545454545,0.004545454545454545,0.004545454545454545,0.004545454545454545
ABC.train.gold.bea19_025697,0.013636363636363636,0.013636363636363636,0.013636363636363636,0.013636363636363636
ABC.train.gold.bea19_025701,0.0598615903685019,0.0598615903685019,0.0598615903685019,0.0598615903685019
ABC.train.gold.bea19_025714,0.013636363636363636,0.013636363636363636,0.013636363636363636,0.013636363636363636
ABC.train.gold.bea19_025718,0.05850879757696048,0.053963343031505934,0.053963343031505934,0.053963343031505934
ABC.train.gold.bea19_025739,0.041397097259704266,0.041397097259704266,0.020057919834674958,0.041397097259704266
ABC.train.gold.bea19_025758,0.013636363636363636,0.013636363636363636,0.013636363636363636,0.013636363636363636
ABC.train.gold.bea19_025760,0.0,0.004545454545454545,0.0,0.004545454545454545
ABC.train.gold.bea19_025769,0.00909090909090909,0.00909090909090909,0.00909090909090909,0.00909090909090909
ABC.train.gold.bea19_025775,0.03636363636363636,0.03636363636363636,0.03636363636363636,0.03636363636363636
ABC.train.gold.bea19_025784,0.031818181818181815,0.031818181818181815,0.031818181818181815,0.031818181818181815
ABC.train.gold.bea19_025816,0.00909090909090909,0.00909090909090909,0.00909090909090909,0.00909090909090909
ABC.train.gold.bea19_025817,0.060909828015905436,0.05281304148149358,0.04826758693603903,0.04826758693603903
ABC.train.gold.bea19_025824,0.00909090909090909,0.00909090909090909,0.00909090909090909,0.00909090909090909
ABC.train.gold.bea19_025834,0.09201917133459034,0.045454545454545456,0.03636363636363636,0.045454545454545456
ABC.train.gold.bea19_025835,0.01455696904347817,0.01818181818181818,0.00909090909090909,0.01818181818181818
ABC.train.gold.bea19_025844,0.01980896640488888,0.01980896640488888,0.01980896640488888,0.01980896640488888
ABC.train.gold.bea19_025859,0.0061726027685252444,0.0061726027685252444,0.0061726027685252444,0.0061726027685252444
ABC.train.gold.bea19_025880,0.01818181818181818,0.01818181818181818,0.01818181818181818,0.01818181818181818
ABC.train.gold.bea19_025902,0.06638605101569896,0.06638605101569896,0.06638605101569896,0.06638605101569896
ABC.train.gold.bea19_025921,0.02727272727272727,0.02727272727272727,0.02727272727272727,0.02727272727272727
ABC.train.gold.bea19_025924,0.05603472672048409,0.05148927217502954,0.04498432601880879,0.04498432601880879
ABC.train.gold.bea19_025948,0.023151443845252695,0.023151443845252695,0.018605989299798148,0.023151443845252695
ABC.train.gold.bea19_025958,0.054964583391178407,0.054964583391178407,0.054964583391178407,0.054964583391178407
ABC.train.gold.bea19_025969,0.00909090909090909,0.00909090909090909,0.00909090909090909,0.00909090909090909
ABC.train.gold.bea19_025972,0.03636363636363636,0.022727272727272728,0.03636363636363636,0.022727272727272728
ABC.train.gold.bea19_025983,0.014001161495710839,0.014001161495710839,0.014001161495710839,0.014001161495710839
ABC.train.gold.bea19_026019,0.014384374998984052,0.014384374998984052,0.014384374998984052,0.014384374998984052
ABC.train.gold.bea19_026021,0.00909090909090909,0.00909090909090909,0.00909090909090909,0.00909090909090909
ABC.train.gold.bea19_026026,0.07032232532030583,0.07032232532030583,0.07032232532030583,0.07032232532030583
ABC.train.gold.bea19_026038,0.05,0.05352193202337396,0.05025252525252526,0.05025252525252526
ABC.train.gold.bea19_026047,0.03629378765320145,0.03629378765320145,0.027400897028446954,0.027400897028446954
ABC.train.gold.bea19_026057,0.00909090909090909,0.00909090909090909,0.00909090909090909,0.00909090909090909
ABC.train.gold.bea19_026072,0.02727272727272727,0.02727272727272727,0.02727272727272727,0.02727272727272727
ABC.train.gold.bea19_026077,0.023104984600339776,0.00909090909090909,0.00909090909090909,0.023104984600339776
ABC.train.gold.bea19_026098,0.041757369997380195,0.041757369997380195,0.03721191545192565,0.041757369997380195
ABC.train.gold.bea19_026100,0.041286802782157954,0.041286802782157954,0.033473144540792185,0.033473144540792185
ABC.train.gold.bea19_026120,0.01818181818181818,0.01818181818181818,0.01818181818181818,0.01818181818181818
ABC.train.gold.bea19_026126,0.013636363636363636,0.013636363636363636,0.013636363636363636,0.013636363636363636
ABC.train.gold.bea19_026138,0.11143614761631054,0.07779270695668654,0.0641563433203229,0.07779270695668654
ABC.train.gold.bea19_026171,0.02727272727272727,0.025214913065420466,0.01818181818181818,0.025214913065420466
ABC.train.gold.bea19_026172,0.05860787178707206,0.05860787178707206,0.05860787178707206,0.05860787178707206
ABC.train.gold.bea19_026178,0.027678253645333998,0.027678253645333998,0.027678253645333998,0.027678253645333998
ABC.train.gold.bea19_026192,0.03471416206437098,0.03471416206437098,0.03471416206437098,0.04653366706599917
ABC.train.gold.bea19_026223,0.02806898113886745,0.00909090909090909,0.00909090909090909,0.00909090909090909
ABC.train.gold.bea19_026233,0.00909090909090909,0.00909090909090909,0.00909090909090909,0.00909090909090909
ABC.train.gold.bea19_026248,0.013636363636363636,0.00909090909090909,0.00909090909090909,0.00909090909090909
ABC.train.gold.bea19_026298,0.0514662153099583,0.042375306219049204,0.0514662153099583,0.042375306219049204
ABC.train.gold.bea19_026299,0.0359003719964129,0.022264008360049267,0.026809462905503813,0.022264008360049267
ABC.train.gold.bea19_026307,0.029305401868404697,0.029305401868404697,0.029305401868404697,0.029305401868404697
ABC.train.gold.bea19_026329,0.08629078112191012,0.09062264391416884,0.09083623566736466,0.09062264391416884
ABC.train.gold.bea19_026351,0.03777071804396758,0.03777071804396758,0.031818181818181815,0.03777071804396758
ABC.train.gold.bea19_026385,0.05133868865626911,0.04679323411081456,0.05133868865626911,0.04679323411081456
ABC.train.gold.bea19_026394,0.025541125541125524,0.00909090909090909,0.00909090909090909,0.00909090909090909
ABC.train.gold.bea19_026401,0.00909090909090909,0.00909090909090909,0.00909090909090909,0.00909090909090909
ABC.train.gold.bea19_026409,0.025605630203772243,0.025605630203772243,0.00909090909090909,0.025605630203772243
ABC.train.gold.bea19_026412,0.0343899365953327,0.0343899365953327,0.0343899365953327,0.0343899365953327
ABC.train.gold.bea19_026418,0.12410004290296248,0.00909090909090909,0.00909090909090909,0.12410004290296248
ABC.train.gold.bea19_026428,0.03569104564204048,0.02350034784379652,0.00909090909090909,0.03569104564204048
ABC.train.gold.bea19_026438,0.04413779158129511,0.04413779158129511,0.04413779158129511,0.04413779158129511
ABC.train.gold.bea19_026453,0.02941323441121492,0.02941323441121492,0.02941323441121492,0.02941323441121492
ABC.train.gold.bea19_026460,0.004545454545454545,0.004545454545454545,0.004545454545454545,0.004545454545454545
ABC.train.gold.bea19_026509,0.03735978792766477,0.03735978792766477,0.03735978792766477,0.03735978792766477
ABC.train.gold.bea19_026529,0.01818181818181818,0.01818181818181818,0.01818181818181818,0.01818181818181818
ABC.train.gold.bea19_026541,0.04899363528392806,0.04899363528392806,0.04899363528392806,0.04899363528392806
ABC.train.gold.bea19_026556,0.00909090909090909,0.00909090909090909,0.00909090909090909,0.00909090909090909
ABC.train.gold.bea19_026557,0.014533916140739914,0.014533916140739914,0.014533916140739914,0.014533916140739914
ABC.train.gold.bea19_026567,0.023960164078274625,0.014869254987365535,0.01818181818181818,0.01818181818181818
ABC.train.gold.bea19_026590,0.02727272727272727,0.03378744838559046,0.02727272727272727,0.02727272727272727
ABC.train.gold.bea19_026612,0.01818181818181818,0.01818181818181818,0.01818181818181818,0.01818181818181818
ABC.train.gold.bea19_026646,0.013636363636363636,0.009254003201846262,0.0228903668382099,0.013636363636363636
ABC.train.gold.bea19_026648,0.00909090909090909,0.00909090909090909,0.00909090909090909,0.00909090909090909
ABC.train.gold.bea19_026656,0.02886258600505147,0.02886258600505147,0.02886258600505147,0.02886258600505147
ABC.train.gold.bea19_026659,0.03818518084644436,0.03818518084644436,0.03818518084644436,0.03363972630098981
ABC.train.gold.bea19_026671,0.025637291801489544,0.018792472876257293,0.018792472876257293,0.018792472876257293
ABC.train.gold.bea19_026690,0.00909090909090909,0.00909090909090909,0.00909090909090909,0.00909090909090909
ABC.train.gold.bea19_026701,0.0320654448834454,0.022727272727272728,0.01818181818181818,0.013636363636363636
ABC.train.gold.bea19_026719,0.13301966310663213,0.11698430957127859,0.08769564155600605,0.08769564155600605
ABC.train.gold.bea19_026724,0.07000835872290469,0.07000835872290469,0.05783467534681336,0.07000835872290469
ABC.train.gold.bea19_026725,0.00909090909090909,0.00909090909090909,0.004545454545454545,0.004545454545454545
ABC.train.gold.bea19_026741,0.0660196175957014,0.06541988713414906,0.06541988713414906,0.06541988713414906
ABC.train.gold.bea19_026755,0.00909090909090909,0.00909090909090909,0.00909090909090909,0.00909090909090909
ABC.train.gold.bea19_026761,0.03255738183181453,0.02927527088613347,0.00909090909090909,0.02927527088613347
ABC.train.gold.bea19_026808,0.02879727337128539,0.013636363636363636,0.013636363636363636,0.013636363636363636
ABC.train.gold.bea19_026827,0.06765760110850531,0.06765760110850531,0.06476609939743111,0.06476609939743111
ABC.train.gold.bea19_026864,0.01818181818181818,0.01818181818181818,0.01818181818181818,0.01818181818181818
ABC.train.gold.bea19_026898,0.00909090909090909,0.00909090909090909,0.00909090909090909,0.00909090909090909
ABC.train.gold.bea19_026923,0.04527288685841837,0.01818181818181818,0.01818181818181818,0.01818181818181818
ABC.train.gold.bea19_026933,0.059291699016826065,0.04090909090909091,0.04090909090909091,0.04090909090909091
ABC.train.gold.bea19_026940,0.029305401868404697,0.029305401868404697,0.024335776204970183,0.029305401868404697
ABC.train.gold.bea19_026950,0.01818181818181818,0.01818181818181818,0.01818181818181818,0.01818181818181818
ABC.train.gold.bea19_026975,0.013636363636363636,0.013636363636363636,0.013636363636363636,0.01818181818181818
ABC.train.gold.bea19_026977,0.013636363636363636,0.013636363636363636,0.013636363636363636,0.013636363636363636
ABC.train.gold.bea19_027012,0.013636363636363636,0.013636363636363636,0.013636363636363636,0.013636363636363636
ABC.train.gold.bea19_027028,0.01818181818181818,0.01818181818181818,0.01818181818181818,0.01818181818181818
ABC.train.gold.bea19_027029,0.00909090909090909,0.00909090909090909,0.00909090909090909,0.00909090909090909
ABC.train.gold.bea19_027037,0.049241940669052825,0.04469648612359828,0.04255597898511063,0.038010524439656086
ABC.train.gold.bea19_027039,0.049375779415558124,0.049375779415558124,0.049375779415558124,0.049375779415558124
ABC.train.gold.bea19_027073,0.022727272727272728,0.022727272727272728,0.022727272727272728,0.022727272727272728
ABC.train.gold.bea19_027078,0.026321664645058276,0.026321664645058276,0.026321664645058276,0.026321664645058276
ABC.train.gold.bea19_027099,0.03939393939393939,0.04509766917022448,0.04509766917022448,0.04509766917022448
ABC.train.gold.bea19_027123,0.024379047098253195,0.019833592552798648,0.024379047098253195,0.019833592552798648
ABC.train.gold.bea19_027125,0.02560483396856955,0.021059379423115004,0.013636363636363636,0.00909090909090909
ABC.train.gold.bea19_027134,0.030049439731090873,0.030049439731090873,0.030049439731090873,0.030049439731090873
ABC.train.gold.bea19_027140,0.03736648135696229,0.03736648135696229,0.031179971338667213,0.03736648135696229
ABC.train.gold.bea19_027142,0.022284456863919513,0.022284456863919513,0.022284456863919513,0.022284456863919513
ABC.train.gold.bea19_027151,0.01818181818181818,0.013636363636363636,0.013636363636363636,0.01818181818181818
ABC.train.gold.bea19_027155,0.013636363636363636,0.013636363636363636,0.013636363636363636,0.013636363636363636
ABC.train.gold.bea19_027162,0.01818181818181818,0.01818181818181818,0.01818181818181818,0.01818181818181818
ABC.train.gold.bea19_027167,0.01715291107816477,0.00909090909090909,0.00909090909090909,0.00909090909090909
ABC.train.gold.bea19_027183,0.06656060447120607,0.04318181818181817,0.04318181818181817,0.04318181818181817
ABC.train.gold.bea19_027186,0.03986941009596339,0.03471416206437098,0.031818181818181815,0.03471416206437098
ABC.train.gold.bea19_027193,0.02727272727272727,0.02727272727272727,0.02727272727272727,0.02727272727272727
ABC.train.gold.bea19_027208,0.06360143928114616,0.031818181818181815,0.031818181818181815,0.03636363636363636
ABC.train.gold.bea19_027216,0.00909090909090909,0.00909090909090909,0.00909090909090909,0.00909090909090909
ABC.train.gold.bea19_027221,0.02041962109932798,0.015874166553873432,0.02041962109932798,0.02041962109932798
ABC.train.gold.bea19_027223,0.02727272727272727,0.02727272727272727,0.02727272727272727,0.02727272727272727
ABC.train.gold.bea19_027225,0.02081111430866048,0.02081111430866048,0.02081111430866048,0.02081111430866048
ABC.train.gold.bea19_027241,0.014091329378833936,0.014091329378833936,0.014091329378833936,0.014091329378833936
ABC.train.gold.bea19_027251,0.050186057859500956,0.03684005255526465,0.03684005255526465,0.0413855071007192
ABC.train.gold.bea19_027271,0.00909090909090909,0.00909090909090909,0.00909090909090909,0.00909090909090909
ABC.train.gold.bea19_027300,0.045454545454545456,0.06842315550806878,0.04090909090909091,0.045454545454545456
ABC.train.gold.bea19_027325,0.04186074414334104,0.04186074414334104,0.04186074414334104,0.04186074414334104
ABC.train.gold.bea19_027361,0.08611051151685152,0.058094312060470964,0.058094312060470964,0.058094312060470964
ABC.train.gold.bea19_027445,0.04996729505362739,0.04996729505362739,0.04996729505362739,0.06388348037822307
ABC.train.gold.bea19_027451,0.064022817209286,0.02727272727272727,0.02727272727272727,0.02727272727272727
ABC.train.gold.bea19_027456,0.022727272727272728,0.02727272727272727,0.02727272727272727,0.022727272727272728
ABC.train.gold.bea19_027457,0.00909090909090909,0.00909090909090909,0.00909090909090909,0.00909090909090909
ABC.train.gold.bea19_027479,0.029306220095693773,0.024760765550239226,0.024760765550239226,0.024760765550239226
ABC.train.gold.bea19_027492,0.018913845237884953,0.018913845237884953,0.018913845237884953,0.018913845237884953
ABC.train.gold.bea19_027537,0.022727272727272728,0.022727272727272728,0.022727272727272728,0.022727272727272728
ABC.train.gold.bea19_027556,0.041454224534684336,0.03690876998922979,0.03690876998922979,0.03690876998922979
ABC.train.gold.bea19_027577,0.04508802699852328,0.04508802699852328,0.04508802699852328,0.04508802699852328
ABC.train.gold.bea19_027578,0.01818181818181818,0.03939393939393939,0.01818181818181818,0.01818181818181818
ABC.train.gold.bea19_027581,0.01818181818181818,0.01818181818181818,0.01818181818181818,0.01818181818181818
ABC.train.gold.bea19_027588,0.038839126822667,0.03636363636363636,0.03636363636363636,0.03636363636363636
ABC.train.gold.bea19_027592,0.032588506050135746,0.032588506050135746,0.032588506050135746,0.032588506050135746
ABC.train.gold.bea19_027595,0.00909090909090909,0.00909090909090909,0.00909090909090909,0.00909090909090909
ABC.train.gold.bea19_027603,0.028291656854299803,0.013636363636363636,0.013636363636363636,0.013636363636363636
ABC.train.gold.bea19_027610,0.01992144715734549,0.01992144715734549,0.01992144715734549,0.01992144715734549
ABC.train.gold.bea19_027634,0.03955963480761698,0.02295192830047776,0.01818181818181818,0.02295192830047776
ABC.train.gold.bea19_027637,0.019289762413481713,0.019289762413481713,0.019289762413481713,0.019289762413481713
ABC.train.gold.bea19_027640,0.03502303889445961,0.03502303889445961,0.03502303889445961,0.03502303889445961
ABC.train.gold.bea19_027642,0.00909090909090909,0.00909090909090909,0.00909090909090909,0.00909090909090909
ABC.train.gold.bea19_027650,0.04608480395275103,0.03493088440030296,0.03493088440030296,0.0394763389457575
ABC.train.gold.bea19_027681,0.004545454545454545,0.004545454545454545,0.004545454545454545,0.004545454545454545
ABC.train.gold.bea19_027692,0.00909090909090909,0.00909090909090909,0.00909090909090909,0.00909090909090909
ABC.train.gold.bea19_027694,0.06884200695539489,0.01818181818181818,0.01818181818181818,0.01818181818181818
ABC.train.gold.bea19_027697,0.021841641000566306,0.00909090909090909,0.00909090909090909,0.00909090909090909
ABC.train.gold.bea19_027711,0.013636363636363636,0.013636363636363636,0.013636363636363636,0.013636363636363636
ABC.train.gold.bea19_027722,0.042746975733077335,0.00909090909090909,0.00909090909090909,0.00909090909090909
ABC.train.gold.bea19_027741,0.00909090909090909,0.00909090909090909,0.00909090909090909,0.00909090909090909
ABC.train.gold.bea19_027760,0.004545454545454545,0.004545454545454545,0.004545454545454545,0.004545454545454545
ABC.train.gold.bea19_027765,0.044595634764655535,0.044595634764655535,0.044595634764655535,0.044595634764655535
ABC.train.gold.bea19_027777,0.036667141638025105,0.02572219681238165,0.027576232547116015,0.027576232547116015
ABC.train.gold.bea19_027786,0.0368442809495703,0.04599288302006112,0.04599288302006112,0.04599288302006112
ABC.train.gold.bea19_027789,0.016532343882552814,0.016532343882552814,0.00909090909090909,0.016532343882552814
ABC.train.gold.bea19_027792,0.036787406005296064,0.03224195145984152,0.03224195145984152,0.03224195145984152
ABC.train.gold.bea19_027797,0.05048270929657783,0.05048270929657783,0.013636363636363636,0.013636363636363636
ABC.train.gold.bea19_027818,0.01818181818181818,0.01818181818181818,0.01818181818181818,0.01818181818181818
ABC.train.gold.bea19_027827,0.00909090909090909,0.00909090909090909,0.00909090909090909,0.00909090909090909
ABC.train.gold.bea19_027832,0.01818181818181818,0.01818181818181818,0.01818181818181818,0.01818181818181818
ABC.train.gold.bea19_027834,0.013636363636363636,0.013636363636363636,0.013636363636363636,0.013636363636363636
ABC.train.gold.bea19_027836,0.077921152487592,0.077921152487592,0.077921152487592,0.077921152487592
ABC.train.gold.bea19_027844,0.058866536125026174,0.058866536125026174,0.058866536125026174,0.058866536125026174
ABC.train.gold.bea19_027849,0.01980896640488888,0.01980896640488888,0.01980896640488888,0.01980896640488888
ABC.train.gold.bea19_027855,0.02640100279579067,0.02640100279579067,0.02640100279579067,0.02640100279579067
ABC.train.gold.bea19_027858,0.07854368869533904,0.04398606992066692,0.07854368869533904,0.05961106992066692
ABC.train.gold.bea19_027889,0.05909090909090909,0.05909090909090909,0.05909090909090909,0.05909090909090909
ABC.train.gold.bea19_027917,0.05052016082975781,0.034088540343107376,0.034088540343107376,0.034088540343107376
ABC.train.gold.bea19_027938,0.021239607220615176,0.021239607220615176,0.021239607220615176,0.021239607220615176
ABC.train.gold.bea19_027940,0.05337182212440737,0.05337182212440737,0.05337182212440737,0.05337182212440737
ABC.train.gold.bea19_027943,0.013636363636363636,0.013636363636363636,0.013636363636363636,0.013636363636363636
ABC.train.gold.bea19_027969,0.00909090909090909,0.00909090909090909,0.00909090909090909,0.00909090909090909
ABC.train.gold.bea19_027978,0.05536122188704286,0.05738174660360319,0.05536122188704286,0.05536122188704286
ABC.train.gold.bea19_028000,0.06674686458344734,0.0692409997878512,0.07025079299240272,0.07025079299240272
ABC.train.gold.bea19_028006,0.00909090909090909,0.00909090909090909,0.00909090909090909,0.00909090909090909
ABC.train.gold.bea19_028008,0.04980930093607128,0.04526384639061673,0.04526384639061673,0.04526384639061673
ABC.train.gold.bea19_028023,0.06393900644081181,0.06393900644081181,0.025029645244480963,0.025029645244480963
ABC.train.gold.bea19_028033,0.03332910058833033,0.024238191497421235,0.03332910058833033,0.024238191497421235
ABC.train.gold.bea19_028037,0.030386257442394673,0.030386257442394673,0.030386257442394673,0.030386257442394673
ABC.train.gold.bea19_028047,0.035596684952352124,0.035596684952352124,0.00909090909090909,0.035596684952352124
ABC.train.gold.bea19_028067,0.06792489696883505,0.0424280323853877,0.046973486930842245,0.0424280323853877
ABC.train.gold.bea19_028070,0.0,0.0,0.0,0.0
ABC.train.gold.bea19_028073,0.01622750385663816,0.014869579337368382,0.014869579337368382,0.014869579337368382
ABC.train.gold.bea19_028079,0.0863285177425197,0.07478993269211967,0.07478993269211967,0.07478993269211967
ABC.train.gold.bea19_028089,0.0322848408659828,0.02727272727272727,0.02727272727272727,0.02727272727272727
ABC.train.gold.bea19_028097,0.03361675173884871,0.013636363636363636,0.013636363636363636,0.013636363636363636
ABC.train.gold.bea19_028122,0.03166118134982026,0.03166118134982026,0.03166118134982026,0.03166118134982026
ABC.train.gold.bea19_028162,0.01980896640488888,0.01980896640488888,0.01980896640488888,0.01980896640488888
ABC.train.gold.bea19_028163,0.025501463819314417,0.025501463819314417,0.025501463819314417,0.025501463819314417
ABC.train.gold.bea19_028193,0.02727272727272727,0.02727272727272727,0.02727272727272727,0.02727272727272727
ABC.train.gold.bea19_028210,0.02727272727272727,0.02727272727272727,0.02727272727272727,0.02727272727272727
ABC.train.gold.bea19_028260,0.029610474110646292,0.02480530491500631,0.02480530491500631,0.02480530491500631
ABC.train.gold.bea19_028295,0.01818181818181818,0.01818181818181818,0.01818181818181818,0.01818181818181818
ABC.train.gold.bea19_028300,0.013636363636363636,0.013636363636363636,0.013636363636363636,0.013636363636363636
ABC.train.gold.bea19_028304,0.04595742257554102,0.00909090909090909,0.00909090909090909,0.00909090909090909
ABC.train.gold.bea19_028305,0.00909090909090909,0.00909090909090909,0.00909090909090909,0.00909090909090909
ABC.train.gold.bea19_028328,0.01818181818181818,0.01818181818181818,0.01818181818181818,0.01818181818181818
ABC.train.gold.bea19_028333,0.025788854426603548,0.025788854426603548,0.025788854426603548,0.025788854426603548
ABC.train.gold.bea19_028345,0.00909090909090909,0.00909090909090909,0.00909090909090909,0.00909090909090909
ABC.train.gold.bea19_028364,0.03240014673162721,0.02785469218617266,0.03240014673162721,0.03240014673162721
ABC.train.gold.bea19_028395,0.013636363636363636,0.030359151775283304,0.02606916103448239,0.02606916103448239
ABC.train.gold.bea19_028403,0.022727272727272728,0.022727272727272728,0.022727272727272728,0.022727272727272728
ABC.train.gold.bea19_028407,0.01818181818181818,0.01818181818181818,0.01818181818181818,0.01818181818181818
ABC.train.gold.bea19_028419,0.022727272727272728,0.02727272727272727,0.02727272727272727,0.02727272727272727
ABC.train.gold.bea19_028424,0.05561265470531295,0.05561265470531295,0.05561265470531295,0.05561265470531295
ABC.train.gold.bea19_028438,0.04326416964525638,0.04326416964525638,0.04326416964525638,0.04326416964525638
ABC.train.gold.bea19_028463,0.03034970628430326,0.025468661182913764,0.02727272727272727,0.02727272727272727
ABC.train.gold.bea19_028472,0.046503496503496514,0.022727272727272728,0.01818181818181818,0.022727272727272728
ABC.train.gold.bea19_028497,0.004545454545454545,0.004545454545454545,0.004545454545454545,0.004545454545454545
ABC.train.gold.bea19_028508,0.02720287856229235,0.02720287856229235,0.02720287856229235,0.02720287856229235
ABC.train.gold.bea19_028509,0.03964574730931742,0.035100292763862874,0.03636363636363636,0.03964574730931742
ABC.train.gold.bea19_028514,0.036927998167824876,0.029791403402095806,0.025245948856641262,0.029791403402095806
ABC.train.gold.bea19_028536,0.08276405716340456,0.06470661720560746,0.07032232532030583,0.06470661720560746
ABC.train.gold.bea19_028594,0.00909090909090909,0.00909090909090909,0.00909090909090909,0.00909090909090909
ABC.train.gold.bea19_028606,0.004545454545454545,0.032079592960446365,0.004545454545454545,0.04730581532913421
ABC.train.gold.bea19_028644,0.01844142017752178,0.01844142017752178,0.01844142017752178,0.01844142017752178
ABC.train.gold.bea19_028660,0.00909090909090909,0.00909090909090909,0.00909090909090909,0.00909090909090909
ABC.train.gold.bea19_028664,0.045454545454545456,0.04090909090909091,0.04090909090909091,0.04090909090909091
ABC.train.gold.bea19_028684,0.01818181818181818,0.01818181818181818,0.01818181818181818,0.01818181818181818
ABC.train.gold.bea19_028686,0.01773900231846497,0.01773900231846497,0.00909090909090909,0.01773900231846497
ABC.train.gold.bea19_028721,0.02177210475171712,0.02177210475171712,0.02177210475171712,0.02177210475171712
ABC.train.gold.bea19_028777,0.00909090909090909,0.00909090909090909,0.00909090909090909,0.00909090909090909
ABC.train.gold.bea19_028790,0.02566987880789077,0.02566987880789077,0.00909090909090909,0.02566987880789077
ABC.train.gold.bea19_028798,0.03260241329990558,0.01818181818181818,0.01818181818181818,0.01818181818181818
ABC.train.gold.bea19_028823,0.07032280507057032,0.07032280507057032,0.07032280507057032,0.07032280507057032
ABC.train.gold.bea19_028863,0.013636363636363636,0.013636363636363636,0.00909090909090909,0.00909090909090909
ABC.train.gold.bea19_028875,0.030514075154485634,0.01509905539163979,0.01509905539163979,0.00909090909090909
ABC.train.gold.bea19_028876,0.033929020446965,0.033929020446965,0.033929020446965,0.033929020446965
ABC.train.gold.bea19_028881,0.00909090909090909,0.00909090909090909,0.00909090909090909,0.00909090909090909
ABC.train.gold.bea19_028887,0.00909090909090909,0.00909090909090909,0.00909090909090909,0.00909090909090909
ABC.train.gold.bea19_028896,0.00909090909090909,0.00909090909090909,0.00909090909090909,0.00909090909090909
ABC.train.gold.bea19_028912,0.01818181818181818,0.00909090909090909,0.00909090909090909,0.00909090909090909
ABC.train.gold.bea19_028954,0.031832089067951666,0.031832089067951666,0.031832089067951666,0.031832089067951666
ABC.train.gold.bea19_028963,0.04937370871951535,0.044828254174060805,0.03351549888935259,0.03351549888935259
ABC.train.gold.bea19_028970,0.00909090909090909,0.00909090909090909,0.00909090909090909,0.00909090909090909
ABC.train.gold.bea19_028979,0.01818181818181818,0.022727272727272728,0.01818181818181818,0.01818181818181818
ABC.train.gold.bea19_029009,0.00909090909090909,0.00909090909090909,0.00909090909090909,0.00909090909090909
ABC.train.gold.bea19_029010,0.00909090909090909,0.00909090909090909,0.00909090909090909,0.00909090909090909
ABC.train.gold.bea19_029020,0.028913794622877388,0.029494573466526383,0.024368340077422845,0.029494573466526383
ABC.train.gold.bea19_029033,0.013636363636363636,0.013636363636363636,0.013636363636363636,0.013636363636363636
ABC.train.gold.bea19_029048,0.04125898828261828,0.00909090909090909,0.00909090909090909,0.00909090909090909
ABC.train.gold.bea19_029058,0.01818181818181818,0.01818181818181818,0.01818181818181818,0.01818181818181818
ABC.train.gold.bea19_029091,0.040151515151515146,0.040151515151515146,0.040151515151515146,0.0356060606060606
ABC.train.gold.bea19_029113,0.00909090909090909,0.00909090909090909,0.00909090909090909,0.00909090909090909
ABC.train.gold.bea19_029125,0.02341667496586312,0.02341667496586312,0.02341667496586312,0.02341667496586312
ABC.train.gold.bea19_029133,0.04442815249266861,0.03079178885630498,0.03533724340175952,0.03079178885630498
ABC.train.gold.bea19_029139,0.00909090909090909,0.00909090909090909,0.00909090909090909,0.00909090909090909
ABC.train.gold.bea19_029156,0.021841641000566306,0.021841641000566306,0.00909090909090909,0.021841641000566306
ABC.train.gold.bea19_029158,0.06950703775471534,0.053445964465651724,0.053445964465651724,0.053445964465651724
ABC.train.gold.bea19_029194,0.022727272727272728,0.022727272727272728,0.022727272727272728,0.022727272727272728
ABC.train.gold.bea19_029201,0.03882595144403889,0.022727272727272728,0.02727272727272727,0.034280496898584346
ABC.train.gold.bea19_029227,0.01583834484992085,0.01583834484992085,0.01583834484992085,0.01583834484992085
ABC.train.gold.bea19_029231,0.03636363636363636,0.04380507115528009,0.03636363636363636,0.04380507115528009
ABC.train.gold.bea19_029239,0.0756452858011203,0.08772398444429734,0.08772398444429734,0.08772398444429734
ABC.train.gold.bea19_029250,0.06411400451743596,0.05881097421440566,0.05343614186449548,0.05217279826472198
ABC.train.gold.bea19_029309,0.022727272727272728,0.022727272727272728,0.022727272727272728,0.022727272727272728
ABC.train.gold.bea19_029317,0.053474113456370743,0.053474113456370743,0.053474113456370743,0.053474113456370743
ABC.train.gold.bea19_029328,0.023587188566034558,0.023587188566034558,0.01818181818181818,0.023587188566034558
ABC.train.gold.bea19_029351,0.03636363636363636,0.031818181818181815,0.031818181818181815,0.031818181818181815
ABC.train.gold.bea19_029359,0.00909090909090909,0.00909090909090909,0.00909090909090909,0.00909090909090909
ABC.train.gold.bea19_029377,0.04749808652928079,0.04749808652928079,0.04749808652928079,0.04749808652928079
ABC.train.gold.bea19_029379,0.01773900231846497,0.01773900231846497,0.01773900231846497,0.01773900231846497
ABC.train.gold.bea19_029424,0.01818181818181818,0.01818181818181818,0.01818181818181818,0.01818181818181818
ABC.train.gold.bea19_029434,0.02727272727272727,0.02727272727272727,0.02727272727272727,0.02727272727272727
ABC.train.gold.bea19_029437,0.06056902771568321,0.06056902771568321,0.06056902771568321,0.06056902771568321
ABC.train.gold.bea19_029441,0.01818181818181818,0.01818181818181818,0.01818181818181818,0.01818181818181818
ABC.train.gold.bea19_029451,0.013636363636363636,0.013636363636363636,0.00909090909090909,0.013636363636363636
ABC.train.gold.bea19_029458,0.01818181818181818,0.01818181818181818,0.01818181818181818,0.01818181818181818
ABC.train.gold.bea19_029459,0.013636363636363636,0.013636363636363636,0.013636363636363636,0.013636363636363636
ABC.train.gold.bea19_029486,0.030541545829050415,0.00909090909090909,0.00909090909090909,0.00909090909090909
ABC.train.gold.bea19_029504,0.01818181818181818,0.013636363636363636,0.013636363636363636,0.013636363636363636
ABC.train.gold.bea19_029520,0.022727272727272728,0.022727272727272728,0.022727272727272728,0.022727272727272728
ABC.train.gold.bea19_029524,0.029871264416500346,0.029871264416500346,0.029871264416500346,0.025325809871045803
ABC.train.gold.bea19_029542,0.020643401391078977,0.016097946845624433,0.016097946845624433,0.016097946845624433
ABC.train.gold.bea19_029549,0.00909090909090909,0.00909090909090909,0.00909090909090909,0.00909090909090909
ABC.train.gold.bea19_029550,0.00909090909090909,0.00909090909090909,0.00909090909090909,0.00909090909090909
ABC.train.gold.bea19_029559,0.013636363636363636,0.013636363636363636,0.013636363636363636,0.013636363636363636
ABC.train.gold.bea19_029575,0.025860516497917554,0.014579738745750784,0.00909090909090909,0.014579738745750784
ABC.train.gold.bea19_029585,0.027553011845011653,0.027553011845011653,0.027553011845011653,0.027553011845011653
ABC.train.gold.bea19_029587,0.03286713286713285,0.00909090909090909,0.00909090909090909,0.00909090909090909
ABC.train.gold.bea19_029595,0.031818181818181815,0.031818181818181815,0.031818181818181815,0.031818181818181815
ABC.train.gold.bea19_029610,0.022727272727272728,0.022727272727272728,0.022727272727272728,0.022727272727272728
ABC.train.gold.bea19_029615,0.050939767398371666,0.050939767398371666,0.050939767398371666,0.050939767398371666
ABC.train.gold.bea19_029616,0.00909090909090909,0.00909090909090909,0.00909090909090909,0.00909090909090909
ABC.train.gold.bea19_029631,0.02727272727272727,0.013636363636363636,0.013636363636363636,0.013636363636363636
ABC.train.gold.bea19_029651,0.04116161616161616,0.04116161616161616,0.04116161616161616,0.04116161616161616
ABC.train.gold.bea19_029658,0.016071109014307233,0.016071109014307233,0.016071109014307233,0.016071109014307233
ABC.train.gold.bea19_029678,0.022727272727272728,0.022727272727272728,0.022727272727272728,0.022727272727272728
ABC.train.gold.bea19_029691,0.031818181818181815,0.031818181818181815,0.031818181818181815,0.031818181818181815
ABC.train.gold.bea19_029693,0.022727272727272728,0.022727272727272728,0.022986874722976326,0.022986874722976326
ABC.train.gold.bea19_029695,0.057423812021954096,0.057423812021954096,0.04090909090909091,0.057423812021954096
ABC.train.gold.bea19_029703,0.04772727272727272,0.030681818181818164,0.030681818181818164,0.030681818181818164
ABC.train.gold.bea19_029716,0.05090909090909092,0.04636363636363637,0.031818181818181815,0.04636363636363637
ABC.train.gold.bea19_029746,0.031818181818181815,0.02727272727272727,0.031818181818181815,0.031818181818181815
ABC.train.gold.bea19_029759,0.07315088088041023,0.06540142541324714,0.05178797653597719,0.05178797653597719
ABC.train.gold.bea19_029778,0.053901000083308934,0.043221972792876706,0.043221972792876706,0.043221972792876706
ABC.train.gold.bea19_029813,0.03743801759384237,0.01818181818181818,0.01818181818181818,0.01818181818181818
ABC.train.gold.bea19_029818,0.0575705333575525,0.045454545454545456,0.045454545454545456,0.0575705333575525
ABC.train.gold.bea19_029830,0.05309572351372928,0.05309572351372928,0.022727272727272728,0.05309572351372928
ABC.train.gold.bea19_029836,0.01818181818181818,0.01818181818181818,0.01818181818181818,0.01818181818181818
ABC.train.gold.bea19_029844,0.00909090909090909,0.00909090909090909,0.00909090909090909,0.00909090909090909
ABC.train.gold.bea19_029854,0.03636363636363636,0.031818181818181815,0.02727272727272727,0.031818181818181815
ABC.train.gold.bea19_029876,0.03336464206792327,0.03824269084841108,0.02727272727272727,0.03824269084841108
ABC.train.gold.bea19_029897,0.04090909090909091,0.04090909090909091,0.04090909090909091,0.04090909090909091
ABC.train.gold.bea19_029907,0.013636363636363636,0.013636363636363636,0.013636363636363636,0.013636363636363636
ABC.train.gold.bea19_029912,0.07680369040494575,0.07680369040494575,0.07680369040494575,0.07680369040494575
ABC.train.gold.bea19_029933,0.030540053667362236,0.025994599121907692,0.025994599121907692,0.025994599121907692
ABC.train.gold.bea19_029938,0.053639414294572786,0.053639414294572786,0.053639414294572786,0.053639414294572786
ABC.train.gold.bea19_029940,0.039630681818181815,0.039630681818181815,0.02727272727272727,0.031818181818181815
ABC.train.gold.bea19_029942,0.05370367657152234,0.05370367657152234,0.05370367657152234,0.05370367657152234
ABC.train.gold.bea19_029951,0.01818181818181818,0.01818181818181818,0.01818181818181818,0.01818181818181818
ABC.train.gold.bea19_029976,0.03360051525546051,0.03360051525546051,0.03360051525546051,0.03360051525546051
ABC.train.gold.bea19_029978,0.004545454545454545,0.00909090909090909,0.00909090909090909,0.004545454545454545
ABC.train.gold.bea19_029986,0.004545454545454545,0.004545454545454545,0.004545454545454545,0.004545454545454545
ABC.train.gold.bea19_030004,0.01818181818181818,0.01818181818181818,0.01818181818181818,0.01818181818181818
ABC.train.gold.bea19_030024,0.00909090909090909,0.00909090909090909,0.00909090909090909,0.00909090909090909
ABC.train.gold.bea19_030026,0.01818181818181818,0.01818181818181818,0.01818181818181818,0.01818181818181818
ABC.train.gold.bea19_030057,0.07200924033797433,0.07200924033797433,0.07200924033797433,0.06746378579251978
ABC.train.gold.bea19_030059,0.025071637688473494,0.01818181818181818,0.013636363636363636,0.020526183143018947
ABC.train.gold.bea19_030123,0.016371456091097854,0.016371456091097854,0.016371456091097854,0.016371456091097854
ABC.train.gold.bea19_030133,0.03929019501032276,0.0527567055436516,0.031818181818181815,0.031818181818181815
ABC.train.gold.bea19_030152,0.034509600628901994,0.034509600628901994,0.034509600628901994,0.034509600628901994
ABC.train.gold.bea19_030159,0.05454545454545454,0.05454545454545454,0.05,0.05454545454545454
ABC.train.gold.bea19_030175,0.031748333107746926,0.02851828463084353,0.02727272727272727,0.02727272727272727
ABC.train.gold.bea19_030180,0.03914023618547208,0.040055930182347085,0.040055930182347085,0.040055930182347085
ABC.train.gold.bea19_030221,0.05909090909090909,0.05454545454545454,0.05454545454545454,0.05454545454545454
ABC.train.gold.bea19_030241,0.01818181818181818,0.02727272727272727,0.01818181818181818,0.02727272727272727
ABC.train.gold.bea19_030245,0.0298537706410404,0.0298537706410404,0.0298537706410404,0.0298537706410404
ABC.train.gold.bea19_030248,0.01818181818181818,0.01818181818181818,0.01818181818181818,0.01818181818181818
ABC.train.gold.bea19_030266,0.039440615375212346,0.02727272727272727,0.02727272727272727,0.02727272727272727
ABC.train.gold.bea19_030270,0.041227964958856785,0.041227964958856785,0.0301035630449812,0.041227964958856785
ABC.train.gold.bea19_030271,0.041662303855038066,0.022727272727272728,0.01818181818181818,0.022727272727272728
ABC.train.gold.bea19_030298,0.01980896640488888,0.01980896640488888,0.01980896640488888,0.01980896640488888
ABC.train.gold.bea19_030301,0.04420473516981586,0.035113826078906764,0.04420473516981586,0.03056837153345222
ABC.train.gold.bea19_030324,0.03288770053475936,0.03288770053475936,0.013636363636363636,0.03288770053475936
ABC.train.gold.bea19_030350,0.021855548250336126,0.021855548250336126,0.021855548250336126,0.021855548250336126
ABC.train.gold.bea19_030359,0.032793296450806766,0.017423414727534094,0.00909090909090909,0.017423414727534094
ABC.train.gold.bea19_030360,0.00909090909090909,0.00909090909090909,0.00909090909090909,0.00909090909090909
ABC.train.gold.bea19_030375,0.00909090909090909,0.00909090909090909,0.00909090909090909,0.00909090909090909
ABC.train.gold.bea19_030381,0.03862494183858938,0.01818181818181818,0.01818181818181818,0.01818181818181818
ABC.train.gold.bea19_030405,0.00909090909090909,0.00909090909090909,0.00909090909090909,0.00909090909090909
ABC.train.gold.bea19_030444,0.06580191393242009,0.06125645938696555,0.038174381432942696,0.050627060790268436
ABC.train.gold.bea19_030455,0.04919132683940626,0.01818181818181818,0.01818181818181818,0.01818181818181818
ABC.train.gold.bea19_030497,0.004545454545454545,0.004545454545454545,0.007799750991595944,0.004545454545454545
ABC.train.gold.bea19_030498,0.049375779415558124,0.049375779415558124,0.049375779415558124,0.049375779415558124
ABC.train.gold.bea19_030501,0.05176695943052954,0.05176695943052954,0.05176695943052954,0.05176695943052954
ABC.train.gold.bea19_030505,0.01818181818181818,0.01818181818181818,0.01818181818181818,0.01818181818181818
ABC.train.gold.bea19_030510,0.04090909090909091,0.021463929127499254,0.013636363636363636,0.021463929127499254
ABC.train.gold.bea19_030527,0.015047369073190061,0.015047369073190061,0.015047369073190061,0.015047369073190061
ABC.train.gold.bea19_030536,0.02727272727272727,0.02727272727272727,0.02727272727272727,0.02727272727272727
ABC.train.gold.bea19_030552,0.00909090909090909,0.00909090909090909,0.00909090909090909,0.00909090909090909
ABC.train.gold.bea19_030567,0.016932381831814544,0.016932381831814544,0.016932381831814544,0.016932381831814544
ABC.train.gold.bea19_030572,0.013636363636363636,0.013636363636363636,0.013636363636363636,0.013636363636363636
ABC.train.gold.bea19_030614,0.013636363636363636,0.013636363636363636,0.01818181818181818,0.013636363636363636
ABC.train.gold.bea19_030624,0.014984755556355436,0.014984755556355436,0.014984755556355436,0.014984755556355436
ABC.train.gold.bea19_030625,0.03513505842027507,0.01818181818181818,0.00909090909090909,0.00909090909090909
ABC.train.gold.bea19_030647,0.014869254987365535,0.013636363636363636,0.00909090909090909,0.00909090909090909
ABC.train.gold.bea19_030650,0.01071805731397979,0.0061726027685252444,0.0061726027685252444,0.0061726027685252444
ABC.train.gold.bea19_030655,0.035439997791329024,0.035439997791329024,0.035439997791329024,0.035439997791329024
ABC.train.gold.bea19_030679,0.04642776248422677,0.04642776248422677,0.04642776248422677,0.04642776248422677
ABC.train.gold.bea19_030688,0.06879125396465838,0.0597003448737493,0.03636363636363636,0.06424579941920384
ABC.train.gold.bea19_030690,0.021582039004862705,0.021582039004862705,0.00909090909090909,0.021582039004862705
ABC.train.gold.bea19_030704,0.02658518023717438,0.01818181818181818,0.01818181818181818,0.01818181818181818
ABC.train.gold.bea19_030708,0.07079487638453182,0.07079487638453182,0.07079487638453182,0.07079487638453182
ABC.train.gold.bea19_030716,0.0559818642338105,0.03822684718384703,0.03822684718384703,0.03822684718384703
ABC.train.gold.bea19_030718,0.004545454545454545,0.004545454545454545,0.004545454545454545,0.004545454545454545
ABC.train.gold.bea19_030726,0.03149763282036128,0.03149763282036128,0.03149763282036128,0.03149763282036128
ABC.train.gold.bea19_030754,0.00909090909090909,0.00909090909090909,0.00909090909090909,0.00909090909090909
ABC.train.gold.bea19_030755,0.04028487032464906,0.04028487032464906,0.004545454545454545,0.04028487032464906
ABC.train.gold.bea19_030758,0.030464669309736153,0.01818181818181818,0.01818181818181818,0.01818181818181818
ABC.train.gold.bea19_030762,0.04090909090909091,0.04090909090909091,0.045454545454545456,0.04090909090909091
ABC.train.gold.bea19_030789,0.02727272727272727,0.02727272727272727,0.02727272727272727,0.02727272727272727
ABC.train.gold.bea19_030815,0.014517577553597711,0.014517577553597711,0.014517577553597711,0.014517577553597711
ABC.train.gold.bea19_030834,0.05378694734766594,0.05556560347414814,0.03727272727272728,0.05556560347414814
ABC.train.gold.bea19_030843,0.0668010271671569,0.047814462736986175,0.06225557262170235,0.047814462736986175
ABC.train.gold.bea19_030861,0.00909090909090909,0.00909090909090909,0.00909090909090909,0.00909090909090909
ABC.train.gold.bea19_030866,0.04090909090909091,0.03636363636363636,0.031818181818181815,0.031818181818181815
ABC.train.gold.bea19_030884,0.047663244742707375,0.047663244742707375,0.01818181818181818,0.01818181818181818
ABC.train.gold.bea19_030886,0.029510530190237097,0.024965075644782554,0.029510530190237097,0.024965075644782554
ABC.train.gold.bea19_030892,0.05105201431721192,0.04038238070361679,0.04038238070361679,0.04038238070361679
ABC.train.gold.bea19_030896,0.06621547252389039,0.05454545454545454,0.05454545454545454,0.05454545454545454
ABC.train.gold.bea19_030908,0.026243820169073864,0.035800138082734974,0.035800138082734974,0.02051227589324911
ABC.train.gold.bea19_030947,0.05907810499459713,0.03403150059218639,0.03403150059218639,0.03403150059218639
ABC.train.gold.bea19_030958,0.019063032099052257,0.014517577553597711,0.013636363636363636,0.014517577553597711
ABC.train.gold.bea19_030975,0.01818181818181818,0.01818181818181818,0.08485882678513187,0.03636363636363636
ABC.train.gold.bea19_030987,0.06812497937241795,0.034279765027442614,0.02727272727272727,0.02727272727272727
ABC.train.gold.bea19_030988,0.00909090909090909,0.00909090909090909,0.00909090909090909,0.00909090909090909
ABC.train.gold.bea19_030994,0.00909090909090909,0.00909090909090909,0.00909090909090909,0.00909090909090909
ABC.train.gold.bea19_031005,0.04231094949097941,0.02727272727272727,0.02727272727272727,0.02727272727272727
ABC.train.gold.bea19_031024,0.03681837300465943,0.03681837300465943,0.03681837300465943,0.03681837300465943
ABC.train.gold.bea19_031029,0.022727272727272728,0.022727272727272728,0.022727272727272728,0.022727272727272728
ABC.train.gold.bea19_031039,0.02727272727272727,0.02727272727272727,0.02727272727272727,0.02727272727272727
ABC.train.gold.bea19_031071,0.029290120666821007,0.029290120666821007,0.029290120666821007,0.029290120666821007
ABC.train.gold.bea19_031075,0.00909090909090909,0.00909090909090909,0.00909090909090909,0.00909090909090909
ABC.train.gold.bea19_031081,0.00909090909090909,0.00909090909090909,0.00909090909090909,0.00909090909090909
ABC.train.gold.bea19_031087,0.04076749704507065,0.04076749704507065,0.04076749704507065,0.04076749704507065
ABC.train.gold.bea19_031093,0.013636363636363636,0.013636363636363636,0.013636363636363636,0.013636363636363636
ABC.train.gold.bea19_031095,0.026570309413670463,0.026570309413670463,0.026570309413670463,0.026570309413670463
ABC.train.gold.bea19_031126,0.03437891743541703,0.02727272727272727,0.02727272727272727,0.02727272727272727
ABC.train.gold.bea19_031185,0.01818181818181818,0.01818181818181818,0.01818181818181818,0.01818181818181818
ABC.train.gold.bea19_031198,0.0558601245257503,0.03909875300700287,0.03909875300700287,0.03909875300700287
ABC.train.gold.bea19_031217,0.01818181818181818,0.01818181818181818,0.01818181818181818,0.01818181818181818
ABC.train.gold.bea19_031224,0.023223878039849346,0.023223878039849346,0.023223878039849346,0.023223878039849346
ABC.train.gold.bea19_031233,0.029471119432207843,0.029471119432207843,0.029471119432207843,0.029471119432207843
ABC.train.gold.bea19_031249,0.01983678090442854,0.01983678090442854,0.01983678090442854,0.01983678090442854
ABC.train.gold.bea19_031294,0.032749750887229576,0.032749750887229576,0.01818181818181818,0.032749750887229576
ABC.train.gold.bea19_031298,0.00909090909090909,0.00909090909090909,0.00909090909090909,0.00909090909090909
ABC.train.gold.bea19_031309,0.01907937068619446,0.01907937068619446,0.01907937068619446,0.01907937068619446
ABC.train.gold.bea19_031311,0.023104984600339776,0.00909090909090909,0.00909090909090909,0.023104984600339776
ABC.train.gold.bea19_031369,0.00909090909090909,0.00909090909090909,0.00909090909090909,0.00909090909090909
ABC.train.gold.bea19_031370,0.00909090909090909,0.00909090909090909,0.00909090909090909,0.00909090909090909
ABC.train.gold.bea19_031377,0.00909090909090909,0.00909090909090909,0.00909090909090909,0.00909090909090909
ABC.train.gold.bea19_031388,0.00909090909090909,0.00909090909090909,0.00909090909090909,0.00909090909090909
ABC.train.gold.bea19_031435,0.05713659476572907,0.05713659476572907,0.05713659476572907,0.05713659476572907
ABC.train.gold.bea19_031452,0.029411400533019733,0.029411400533019733,0.029411400533019733,0.029411400533019733
ABC.train.gold.bea19_031453,0.00909090909090909,0.00909090909090909,0.00909090909090909,0.00909090909090909
ABC.train.gold.bea19_031458,0.02998389090331906,0.02998389090331906,0.02998389090331906,0.02998389090331906
ABC.train.gold.bea19_031463,0.06552327330918015,0.05,0.03825054603645288,0.04734145512736197
ABC.train.gold.bea19_031478,0.023132799099879434,0.023132799099879434,0.023132799099879434,0.023132799099879434
ABC.train.gold.bea19_031496,0.04018057492229507,0.04018057492229507,0.04018057492229507,0.04018057492229507
ABC.train.gold.bea19_031507,0.05,0.05,0.04090909090909091,0.05
ABC.train.gold.bea19_031525,0.03702651515151513,0.02727272727272727,0.02727272727272727,0.02727272727272727
ABC.train.gold.bea19_031535,0.00909090909090909,0.00909090909090909,0.00909090909090909,0.00909090909090909
ABC.train.gold.bea19_031536,0.00909090909090909,0.00909090909090909,0.00909090909090909,0.00909090909090909
ABC.train.gold.bea19_031549,0.018573437304655067,0.018573437304655067,0.00909090909090909,0.018573437304655067
ABC.train.gold.bea19_031664,0.054335908414149786,0.01818181818181818,0.01818181818181818,0.01818181818181818
ABC.train.gold.bea19_031675,0.08476416329458702,0.08476416329458702,0.07851087255273256,0.08476416329458702
ABC.train.gold.bea19_031678,0.01818181818181818,0.01818181818181818,0.01818181818181818,0.01818181818181818
ABC.train.gold.bea19_031684,0.013636363636363636,0.013636363636363636,0.00909090909090909,0.00909090909090909
ABC.train.gold.bea19_031699,0.07062771583028084,0.07062771583028084,0.06545975860618644,0.06545975860618644
ABC.train.gold.bea19_031707,0.013636363636363636,0.034217873379635756,0.01818181818181818,0.01818181818181818
ABC.train.gold.bea19_031750,0.013636363636363636,0.013636363636363636,0.013636363636363636,0.013636363636363636
ABC.train.gold.bea19_031754,0.041189146796728734,0.041189146796728734,0.01818181818181818,0.01818181818181818
ABC.train.gold.bea19_031757,0.04090909090909091,0.04090909090909091,0.04090909090909091,0.04090909090909091
ABC.train.gold.bea19_031759,0.01818181818181818,0.01818181818181818,0.01818181818181818,0.01818181818181818
ABC.train.gold.bea19_031763,0.07044117887561349,0.03636363636363636,0.03636363636363636,0.03636363636363636
ABC.train.gold.bea19_031780,0.038190038872200176,0.022727272727272728,0.024553675235836542,0.024553675235836542
ABC.train.gold.bea19_031798,0.013636363636363636,0.00909090909090909,0.00909090909090909,0.00909090909090909
ABC.train.gold.bea19_031803,0.00909090909090909,0.00909090909090909,0.00909090909090909,0.00909090909090909
ABC.train.gold.bea19_031814,0.022727272727272728,0.022727272727272728,0.01818181818181818,0.022727272727272728
ABC.train.gold.bea19_031828,0.07591621774245023,0.06537731852844654,0.04873285239489883,0.04873285239489883
ABC.train.gold.bea19_031836,0.013636363636363636,0.013636363636363636,0.00909090909090909,0.013636363636363636
ABC.train.gold.bea19_031840,0.030640833641014845,0.030640833641014845,0.03537097445659462,0.030640833641014845
ABC.train.gold.bea19_031842,0.022727272727272728,0.022727272727272728,0.022727272727272728,0.022727272727272728
ABC.train.gold.bea19_031854,0.00909090909090909,0.00909090909090909,0.00909090909090909,0.00909090909090909
ABC.train.gold.bea19_031864,0.028526908342879652,0.028526908342879652,0.028526908342879652,0.028526908342879652
ABC.train.gold.bea19_031868,0.031818181818181815,0.03636363636363636,0.03636363636363636,0.031818181818181815
ABC.train.gold.bea19_031875,0.03472883226729749,0.03018337772184295,0.022727272727272728,0.01818181818181818
ABC.train.gold.bea19_031877,0.04214071670190629,0.02850435306554265,0.03247996450216506,0.0330498076109972
ABC.train.gold.bea19_031887,0.022727272727272728,0.022727272727272728,0.01818181818181818,0.022727272727272728
ABC.train.gold.bea19_031891,0.022906430827248823,0.022906430827248823,0.022906430827248823,0.022906430827248823
ABC.train.gold.bea19_031897,0.033787448385590446,0.033787448385590446,0.02727272727272727,0.033787448385590446
ABC.train.gold.bea19_031920,0.03762434221417794,0.03762434221417794,0.03762434221417794,0.03762434221417794
ABC.train.gold.bea19_031927,0.029012356248254597,0.029012356248254597,0.029012356248254597,0.029012356248254597
ABC.train.gold.bea19_031929,0.037851287789559984,0.022727272727272728,0.022727272727272728,0.022727272727272728
ABC.train.gold.bea19_031934,0.015776870774851282,0.015776870774851282,0.00909090909090909,0.015776870774851282
ABC.train.gold.bea19_031949,0.039015151515151524,0.039015151515151524,0.039015151515151524,0.039015151515151524
ABC.train.gold.bea19_031951,0.019602344408308478,0.019602344408308478,0.01818181818181818,0.019602344408308478
ABC.train.gold.bea19_031952,0.02727272727272727,0.022727272727272728,0.022727272727272728,0.022727272727272728
ABC.train.gold.bea19_031970,0.05097522497695212,0.02727272727272727,0.02727272727272727,0.02727272727272727
ABC.train.gold.bea19_031971,0.03218297967752902,0.027637525132074476,0.02727272727272727,0.031818181818181815
ABC.train.gold.bea19_031977,0.022727272727272728,0.022727272727272728,0.022727272727272728,0.022727272727272728
ABC.train.gold.bea19_031983,0.03048259880187292,0.03048259880187292,0.03048259880187292,0.03048259880187292
ABC.train.gold.bea19_031986,0.061852247991646674,0.05650503617793944,0.056187891987437205,0.056187891987437205
ABC.train.gold.bea19_032011,0.06998747974539228,0.06998747974539228,0.06998747974539228,0.06998747974539228
ABC.train.gold.bea19_032015,0.02107779842800736,0.013636363636363636,0.013636363636363636,0.016532343882552814
ABC.train.gold.bea19_032044,0.04769234837205525,0.0431468938266007,0.0431468938266007,0.03934360198728871
ABC.train.gold.bea19_032054,0.03890354125169603,0.03890354125169603,0.03890354125169603,0.03890354125169603
ABC.train.gold.bea19_032069,0.015276367332504535,0.015276367332504535,0.00909090909090909,0.015276367332504535
ABC.train.gold.bea19_032113,0.01818181818181818,0.01818181818181818,0.01818181818181818,0.01818181818181818
ABC.train.gold.bea19_032123,0.013827588320698872,0.013827588320698872,0.00909090909090909,0.013827588320698872
ABC.train.gold.bea19_032126,0.048490961654292765,0.036751819423001396,0.031818181818181815,0.04129727396845594
ABC.train.gold.bea19_032158,0.022727272727272728,0.022727272727272728,0.022727272727272728,0.022727272727272728
ABC.train.gold.bea19_032165,0.03388732609072318,0.03388732609072318,0.03388732609072318,0.03388732609072318
ABC.train.gold.bea19_032184,0.05896805896805897,0.04766584766584765,0.04766584766584765,0.04766584766584765
ABC.train.gold.bea19_032190,0.01773900231846497,0.01773900231846497,0.00909090909090909,0.00909090909090909
ABC.train.gold.bea19_032192,0.06173997175890754,0.03781924250611865,0.03781924250611865,0.03781924250611865
ABC.train.gold.bea19_032300,0.04457666051591055,0.02727272727272727,0.02727272727272727,0.02727272727272727
ABC.train.gold.bea19_032334,0.062796400811277,0.05694444444444445,0.045454545454545456,0.045454545454545456
ABC.train.gold.bea19_032335,0.00909090909090909,0.00909090909090909,0.00909090909090909,0.00909090909090909
ABC.train.gold.bea19_032345,0.03662371677851523,0.03662371677851523,0.03662371677851523,0.03662371677851523
ABC.train.gold.bea19_032381,0.04723320158102766,0.038100227967544004,0.038100227967544004,0.038100227967544004
ABC.train.gold.bea19_032382,0.00909090909090909,0.00909090909090909,0.00909090909090909,0.00909090909090909
ABC.train.gold.bea19_032385,0.034357077311097314,0.029956550947454728,0.029956550947454728,0.029956550947454728
ABC.train.gold.bea19_032404,0.00909090909090909,0.00909090909090909,0.00909090909090909,0.00909090909090909
ABC.train.gold.bea19_032418,0.00909090909090909,0.00909090909090909,0.00909090909090909,0.00909090909090909
ABC.train.gold.bea19_032463,0.022727272727272728,0.022727272727272728,0.022727272727272728,0.022727272727272728
ABC.train.gold.bea19_032478,0.03371170736376706,0.031818181818181815,0.033690283933217734,0.033690283933217734
ABC.train.gold.bea19_032491,0.01818181818181818,0.01818181818181818,0.01818181818181818,0.01818181818181818
ABC.train.gold.bea19_032528,0.01818181818181818,0.01818181818181818,0.01818181818181818,0.01818181818181818
ABC.train.gold.bea19_032533,0.00909090909090909,0.00909090909090909,0.00909090909090909,0.00909090909090909
ABC.train.gold.bea19_032548,0.022727272727272728,0.022727272727272728,0.022727272727272728,0.022727272727272728
ABC.train.gold.bea19_032560,0.03952339827946731,0.03952339827946731,0.03952339827946731,0.03952339827946731
ABC.train.gold.bea19_032563,0.04633692351695344,0.05090909090909092,0.04633692351695344,0.04633692351695344
ABC.train.gold.bea19_032584,0.004545454545454545,0.004545454545454545,0.004545454545454545,0.004545454545454545
ABC.train.gold.bea19_032589,0.03395868895666946,0.024867779865760376,0.03395868895666946,0.024867779865760376
ABC.train.gold.bea19_032611,0.043123654090144924,0.038578199544690384,0.013636363636363636,0.013636363636363636
ABC.train.gold.bea19_032656,0.04636889218141167,0.022727272727272728,0.022727272727272728,0.022727272727272728
ABC.train.gold.bea19_032693,0.022727272727272728,0.022727272727272728,0.022727272727272728,0.022727272727272728
ABC.train.gold.bea19_032707,0.031818181818181815,0.01818181818181818,0.01818181818181818,0.01818181818181818
ABC.train.gold.bea19_032709,0.03914023618547208,0.03914023618547208,0.03914023618547208,0.03914023618547208
ABC.train.gold.bea19_032716,0.030570812838110077,0.03511626738356462,0.02881253911720951,0.02881253911720951
ABC.train.gold.bea19_032723,0.00909090909090909,0.00909090909090909,0.00909090909090909,0.00909090909090909
ABC.train.gold.bea19_032741,0.00909090909090909,0.00909090909090909,0.00909090909090909,0.00909090909090909
ABC.train.gold.bea19_032751,0.047906548113964824,0.02727272727272727,0.02727272727272727,0.02727272727272727
ABC.train.gold.bea19_032755,0.00909090909090909,0.00909090909090909,0.00909090909090909,0.00909090909090909
ABC.train.gold.bea19_032764,0.02727272727272727,0.022727272727272728,0.022727272727272728,0.022727272727272728
ABC.train.gold.bea19_032766,0.06836393378437712,0.06836393378437712,0.06836393378437712,0.06836393378437712
ABC.train.gold.bea19_032784,0.023210052969282705,0.01818181818181818,0.01818181818181818,0.023210052969282705
ABC.train.gold.bea19_032812,0.04694009981359588,0.04239464526814133,0.04239464526814133,0.04239464526814133
ABC.train.gold.bea19_032821,0.04090909090909091,0.04090909090909091,0.04090909090909091,0.04090909090909091
ABC.train.gold.bea19_032828,0.07878265724773793,0.07727272727272727,0.07727272727272727,0.07727272727272727
ABC.train.gold.bea19_032830,0.07727272727272727,0.07272727272727272,0.07272727272727272,0.07272727272727272
ABC.train.gold.bea19_032845,0.013636363636363636,0.004545454545454545,0.004545454545454545,0.013636363636363636
ABC.train.gold.bea19_032846,0.00909090909090909,0.00909090909090909,0.00909090909090909,0.00909090909090909
ABC.train.gold.bea19_032867,0.028458817003097478,0.028458817003097478,0.023913362457642934,0.028458817003097478
ABC.train.gold.bea19_032895,0.03170312099997244,0.03170312099997244,0.01818181818181818,0.03170312099997244
ABC.train.gold.bea19_032909,0.030789274714528407,0.026243820169073864,0.026243820169073864,0.026243820169073864
ABC.train.gold.bea19_032915,0.04853975659625619,0.04853975659625619,0.041559794589639966,0.041559794589639966
ABC.train.gold.bea19_032944,0.027978194190938166,0.027978194190938166,0.013636363636363636,0.027978194190938166
ABC.train.gold.bea19_032971,0.01818181818181818,0.01818181818181818,0.01818181818181818,0.01818181818181818
ABC.train.gold.bea19_032991,0.02727272727272727,0.02727272727272727,0.02727272727272727,0.02727272727272727
ABC.train.gold.bea19_033012,0.049304093623653615,0.049304093623653615,0.03850358852629707,0.049304093623653615
ABC.train.gold.bea19_033019,0.030681818181818164,0.013636363636363636,0.013636363636363636,0.013636363636363636
ABC.train.gold.bea19_033031,0.00909090909090909,0.00909090909090909,0.00909090909090909,0.00909090909090909
ABC.train.gold.bea19_033058,0.02862111919271907,0.02862111919271907,0.01818181818181818,0.02862111919271907
ABC.train.gold.bea19_033060,0.03409090909090908,0.01818181818181818,0.024999999999999988,0.01818181818181818
ABC.train.gold.bea19_033068,0.05095074808510011,0.01818181818181818,0.01818181818181818,0.01818181818181818
ABC.train.gold.bea19_033079,0.01818181818181818,0.013636363636363636,0.013636363636363636,0.013636363636363636
ABC.train.gold.bea19_033113,0.013636363636363636,0.013636363636363636,0.013636363636363636,0.013636363636363636
ABC.train.gold.bea19_033128,0.013636363636363636,0.013636363636363636,0.013636363636363636,0.013636363636363636
ABC.train.gold.bea19_033134,0.04216144905646598,0.04216144905646598,0.01818181818181818,0.04216144905646598
ABC.train.gold.bea19_033147,0.030303030303030297,0.030303030303030297,0.030303030303030297,0.030303030303030297
ABC.train.gold.bea19_033152,0.04393939393939393,0.04393939393939393,0.01818181818181818,0.04393939393939393
ABC.train.gold.bea19_033196,0.02348269647340681,0.02348269647340681,0.02348269647340681,0.02348269647340681
ABC.train.gold.bea19_033213,0.004545454545454545,0.004545454545454545,0.004545454545454545,0.004545454545454545
ABC.train.gold.bea19_033262,0.02727272727272727,0.02727272727272727,0.02727272727272727,0.02727272727272727
ABC.train.gold.bea19_033272,0.01818181818181818,0.01818181818181818,0.01818181818181818,0.01818181818181818
ABC.train.gold.bea19_033286,0.01818181818181818,0.01818181818181818,0.01818181818181818,0.01818181818181818
ABC.train.gold.bea19_033296,0.00909090909090909,0.00909090909090909,0.00909090909090909,0.00909090909090909
ABC.train.gold.bea19_033340,0.052229182793206465,0.04768372824775192,0.052229182793206465,0.04768372824775192
ABC.train.gold.bea19_033385,0.013636363636363636,0.026862790186183826,0.026862790186183826,0.026862790186183826
ABC.train.gold.bea19_033392,0.014353580374493703,0.014353580374493703,0.014353580374493703,0.014353580374493703
ABC.train.gold.bea19_033393,0.05027055922279497,0.00909090909090909,0.00909090909090909,0.00909090909090909
ABC.train.gold.bea19_033410,0.02066945851996592,0.02066945851996592,0.00909090909090909,0.00909090909090909
ABC.train.gold.bea19_033413,0.04820739253046309,0.04820739253046309,0.04820739253046309,0.04820739253046309
ABC.train.gold.bea19_033437,0.01818181818181818,0.01818181818181818,0.013636363636363636,0.01818181818181818
ABC.train.gold.bea19_033438,0.01818181818181818,0.01818181818181818,0.01818181818181818,0.01818181818181818
ABC.train.gold.bea19_033441,0.022727272727272728,0.01818181818181818,0.02423497362110316,0.02423497362110316
ABC.train.gold.bea19_033450,0.00909090909090909,0.00909090909090909,0.00909090909090909,0.00909090909090909
ABC.train.gold.bea19_033464,0.013636363636363636,0.00909090909090909,0.013636363636363636,0.013636363636363636
ABC.train.gold.bea19_033486,0.013636363636363636,0.013636363636363636,0.013636363636363636,0.013636363636363636
ABC.train.gold.bea19_033503,0.03455327427291603,0.025462365182006945,0.01818181818181818,0.025462365182006945
ABC.train.gold.bea19_033510,0.06225435184808331,0.042667364629991475,0.031818181818181815,0.031818181818181815
ABC.train.gold.bea19_033525,0.02437042794648474,0.02437042794648474,0.02437042794648474,0.02437042794648474
ABC.train.gold.bea19_033527,0.04562289562289561,0.04107744107744106,0.04107744107744106,0.04562289562289561
ABC.train.gold.bea19_033532,0.022727272727272728,0.022727272727272728,0.01818181818181818,0.022727272727272728
ABC.train.gold.bea19_033540,0.12231851820641297,0.11776218588444493,0.11776218588444493,0.11776218588444493
ABC.train.gold.bea19_033542,0.022727272727272728,0.022727272727272728,0.022727272727272728,0.022727272727272728
ABC.train.gold.bea19_033544,0.031818181818181815,0.031818181818181815,0.031818181818181815,0.031818181818181815
ABC.train.gold.bea19_033553,0.045119541342292596,0.033730658241936565,0.033730658241936565,0.033730658241936565
ABC.train.gold.bea19_033564,0.01768979205004861,0.01768979205004861,0.01768979205004861,0.01768979205004861
ABC.train.gold.bea19_033578,0.00909090909090909,0.00909090909090909,0.00909090909090909,0.00909090909090909
ABC.train.gold.bea19_033592,0.08161592931196493,0.05769248383801407,0.05769248383801407,0.05769248383801407
ABC.train.gold.bea19_033605,0.04908798844804833,0.04908798844804833,0.047277626357328,0.047277626357328
ABC.train.gold.bea19_033606,0.013636363636363636,0.01742341472753408,0.00909090909090909,0.013636363636363636
ABC.train.gold.bea19_033614,0.01968759404326122,0.01968759404326122,0.01968759404326122,0.01968759404326122
ABC.train.gold.bea19_033627,0.04090909090909091,0.03636363636363636,0.031818181818181815,0.04090909090909091
ABC.train.gold.bea19_033628,0.022727272727272728,0.01818181818181818,0.022727272727272728,0.01818181818181818
ABC.train.gold.bea19_033629,0.00909090909090909,0.00909090909090909,0.00909090909090909,0.00909090909090909
ABC.train.gold.bea19_033664,0.04804467037072717,0.04804467037072717,0.04804467037072717,0.04804467037072717
ABC.train.gold.bea19_033686,0.035759367546413984,0.024097996259183994,0.024097996259183994,0.024097996259183994
ABC.train.gold.bea19_033695,0.08036903299665386,0.05051735409927059,0.044565280577095585,0.05051735409927059
ABC.train.gold.bea19_033707,0.02727272727272727,0.02727272727272727,0.02727272727272727,0.02727272727272727
ABC.train.gold.bea19_033708,0.018344912292755353,0.013636363636363636,0.00909090909090909,0.013636363636363636
ABC.train.gold.bea19_033713,0.004545454545454545,0.004545454545454545,0.004545454545454545,0.004545454545454545
ABC.train.gold.bea19_033729,0.049198124233498355,0.01855953005488526,0.01855953005488526,0.01855953005488526
ABC.train.gold.bea19_033739,0.023328223276957653,0.023328223276957653,0.023328223276957653,0.023328223276957653
ABC.train.gold.bea19_033764,0.07454910102697793,0.06726855402678916,0.04883421059244571,0.06726855402678916
ABC.train.gold.bea19_033780,0.05674580880645345,0.0522003542609989,0.013636363636363636,0.013636363636363636
ABC.train.gold.bea19_033789,0.03522727272727271,0.013636363636363636,0.00909090909090909,0.026136363636363617
ABC.train.gold.bea19_033803,0.00909090909090909,0.00909090909090909,0.00909090909090909,0.00909090909090909
ABC.train.gold.bea19_033822,0.03762945888552789,0.033084004340073345,0.03446969696969695,0.01752187729176992
ABC.train.gold.bea19_033824,0.01818181818181818,0.013636363636363636,0.013636363636363636,0.013636363636363636
ABC.train.gold.bea19_033842,0.04715218904713911,0.04715218904713911,0.04090909090909091,0.04090909090909091
ABC.train.gold.bea19_033869,0.02888123075042473,0.02888123075042473,0.02888123075042473,0.02888123075042473
ABC.train.gold.bea19_033877,0.00909090909090909,0.00909090909090909,0.00909090909090909,0.00909090909090909
ABC.train.gold.bea19_033914,0.004545454545454545,0.004545454545454545,0.004545454545454545,0.004545454545454545
ABC.train.gold.bea19_033924,0.03586023726924034,0.03586023726924034,0.03586023726924034,0.03586023726924034
ABC.train.gold.bea19_033928,0.01818181818181818,0.01818181818181818,0.01818181818181818,0.01818181818181818
ABC.train.gold.bea19_033975,0.00909090909090909,0.00909090909090909,0.00909090909090909,0.00909090909090909
ABC.train.gold.bea19_033979,0.022727272727272728,0.01818181818181818,0.01818181818181818,0.01818181818181818
ABC.train.gold.bea19_033990,0.046674906621848464,0.046674906621848464,0.046674906621848464,0.046674906621848464
ABC.train.gold.bea19_033994,0.013636363636363636,0.013636363636363636,0.013636363636363636,0.013636363636363636
ABC.train.gold.bea19_034008,0.01818181818181818,0.01818181818181818,0.01818181818181818,0.01818181818181818
ABC.train.gold.bea19_034015,0.013636363636363636,0.013636363636363636,0.00909090909090909,0.013636363636363636
ABC.train.gold.bea19_034040,0.04291612187485851,0.022727272727272728,0.01818181818181818,0.022727272727272728
ABC.train.gold.bea19_034053,0.03198653198653197,0.022727272727272728,0.022727272727272728,0.022727272727272728
ABC.train.gold.bea19_034074,0.02916128663806252,0.004545454545454545,0.004545454545454545,0.02916128663806252
ABC.train.gold.bea19_034078,0.04411985161682238,0.03288843538742564,0.03288843538742564,0.03288843538742564
ABC.train.gold.bea19_034096,0.00909090909090909,0.00909090909090909,0.00909090909090909,0.00909090909090909
ABC.train.gold.bea19_034123,0.00909090909090909,0.00909090909090909,0.00909090909090909,0.00909090909090909
ABC.train.gold.bea19_034124,0.03825716190922159,0.03671728832411212,0.022727272727272728,0.032827779962878556
ABC.train.gold.bea19_034127,0.05523013223241858,0.05523013223241858,0.05523013223241858,0.05523013223241858
ABC.train.gold.bea19_034159,0.05044831171044974,0.031818181818181815,0.031818181818181815,0.05044831171044974
ABC.train.gold.bea19_034177,0.10640003083894092,0.10640003083894092,0.10640003083894092,0.10640003083894092
ABC.train.gold.bea19_034189,0.013636363636363636,0.013636363636363636,0.013636363636363636,0.013636363636363636
ABC.train.gold.bea19_034216,0.04477721769680185,0.04477721769680185,0.02727272727272727,0.04477721769680185
ABC.train.gold.bea19_034264,0.055543029375758265,0.055543029375758265,0.04090909090909091,0.04090909090909091
ABC.train.gold.bea19_034267,0.00909090909090909,0.00909090909090909,0.00909090909090909,0.00909090909090909
ABC.train.gold.bea19_034291,0.03455327427291603,0.02727272727272727,0.02727272727272727,0.03455327427291603
ABC.train.gold.bea19_034301,0.03636363636363636,0.03636363636363636,0.03636363636363636,0.03636363636363636
