sentence_id,condition,oci_A_Default,oci_B_Edit_heavy,oci_C_Style_heavy,oci_D_Similarity_heavy,oci_E_Equal_weights
B.train.gold.bea19_007913,fewshot,0.009204395993228946,0.013020866806862232,0.006513974286788934,0.006521056053504572,0.006257490396986968
B.train.gold.bea19_007913,instruction,0.009204395993228946,0.013020866806862232,0.006513974286788934,0.006521056053504572,0.006257490396986968
B.train.gold.bea19_007913,role,0.009204395993228946,0.013020866806862232,0.006513974286788934,0.006521056053504572,0.006257490396986968
B.train.gold.bea19_001618,fewshot,0.012389669826740817,0.01752206603465188,0.008761033017325977,0.00876103301732605,0.008499509643674475
B.train.gold.bea19_001618,instruction,0.012389669826740817,0.01752206603465188,0.008761033017325977,0.00876103301732605,0.008499509643674475
B.train.gold.bea19_001618,role,0.012389669826740817,0.01752206603465188,0.008761033017325977,0.00876103301732605,0.008499509643674475
C.train.gold.bea19_009782,fewshot,0.02485817668352935,0.03539983926662663,0.017699955042470183,0.01770002586078392,0.015099122796084248
C.train.gold.bea19_009782,instruction,0.02485817668352935,0.03539983926662663,0.017699955042470183,0.01770002586078392,0.015099122796084248
C.train.gold.bea19_009782,role,0.02485817668352935,0.03539983926662663,0.017699955042470183,0.01770002586078392,0.015099122796084248
B.train.gold.bea19_001862,fewshot,0.009201521928234724,0.01301895076353275,0.0065111002217947125,0.006514349901851386,0.006253658310328004
B.train.gold.bea19_001862,instruction,0.012798946640331198,0.01771210150872249,0.009211717698411183,0.00992305158651106,0.009045212061794984
B.train.gold.bea19_001862,role,0.009201521928234724,0.01301895076353275,0.0065111002217947125,0.006514349901851386,0.006253658310328004
ABC.train.gold.bea19_018763,fewshot,0.08965307336979458,0.05877152150772618,0.10385629029248561,0.0667303902874948,0.08475046374117973
ABC.train.gold.bea19_018763,instruction,0.08965307336979458,0.05877152150772618,0.10385629029248561,0.0667303902874948,0.08475046374117973
ABC.train.gold.bea19_018763,role,0.08965307336979458,0.05877152150772618,0.10385629029248561,0.0667303902874948,0.08475046374117973
ABC.train.gold.bea19_017069,fewshot,0.030390487340837886,0.03498679284421237,0.027436555858729453,0.023059281102267664,0.024287759870683445
ABC.train.gold.bea19_017069,instruction,0.030390487340837886,0.03498679284421237,0.027436555858729453,0.023059281102267664,0.024287759870683445
ABC.train.gold.bea19_017069,role,0.030390487340837886,0.03498679284421237,0.027436555858729453,0.023059281102267664,0.024287759870683445
ABC.train.gold.bea19_005791,fewshot,0.012393780227701559,0.017524806301959045,0.008765143418286719,0.008770623952901116,0.008504990178288799
ABC.train.gold.bea19_005791,instruction,0.012393780227701559,0.017524806301959045,0.008765143418286719,0.008770623952901116,0.008504990178288799
ABC.train.gold.bea19_005791,role,0.012393780227701559,0.017524806301959045,0.008765143418286719,0.008770623952901116,0.008504990178288799
B.train.gold.bea19_008031,fewshot,0.019936177136587133,0.027494772989172942,0.014337942419359284,0.01551905426890491,0.014551494327479594
B.train.gold.bea19_008031,instruction,0.01676111992834915,0.023010736811772924,0.012095924330659275,0.0132770361802049,0.01232309724782393
B.train.gold.bea19_008031,role,0.019936177136587133,0.027494772989172942,0.014337942419359284,0.01551905426890491,0.014551494327479594
B.train.gold.bea19_004082,fewshot,0.009879857868404692,0.013905957332341715,0.006972044857616854,0.00701017724050885,0.00715810623055463
B.train.gold.bea19_004082,instruction,0.009879857868404692,0.013905957332341715,0.006972044857616854,0.00701017724050885,0.00715810623055463
B.train.gold.bea19_004082,role,0.009879857868404692,0.013905957332341715,0.006972044857616854,0.00701017724050885,0.00715810623055463
A.train.gold.bea19_005257,fewshot,0.016552347618058308,0.022732201871356064,0.011956828720479916,0.013138284290083686,0.012044734167436143
A.train.gold.bea19_005257,instruction,0.018799507129026633,0.026569768903865046,0.01328488445193256,0.013284884451932632,0.01303593431739892
A.train.gold.bea19_005257,role,0.016552347618058308,0.022732201871356064,0.011956828720479916,0.013138284290083686,0.012044734167436143
A.train.gold.bea19_004486,fewshot,0.0060304213218469235,0.008541814895294573,0.004270907447647358,0.004270907447647502,0.0040305366998059245
A.train.gold.bea19_004486,instruction,0.009050639395633005,0.012816060618183607,0.006411368584333658,0.006418045134817365,0.006052481600192379
A.train.gold.bea19_004486,role,0.0060304213218469235,0.008541814895294573,0.004270907447647358,0.004270907447647502,0.0040305366998059245
ABC.train.gold.bea19_016268,fewshot,0.019336292997487726,0.026927626149505775,0.013912654850208784,0.014355415752044918,0.013751648808680378
ABC.train.gold.bea19_016268,instruction,0.019336292997487726,0.026927626149505775,0.013912654850208784,0.014355415752044918,0.013751648808680378
ABC.train.gold.bea19_016268,role,0.019336292997487726,0.026927626149505775,0.013912654850208784,0.014355415752044918,0.013751648808680378
ABC.train.gold.bea19_005141,fewshot,0.006271354336272963,0.008859824274575519,0.004433146777241607,0.004439616057149302,0.004351780719040645
ABC.train.gold.bea19_005141,instruction,0.006271354336272963,0.008859824274575519,0.004433146777241607,0.004439616057149302,0.004351780719040645
ABC.train.gold.bea19_005141,role,0.006271354336272963,0.008859824274575519,0.004433146777241607,0.004439616057149302,0.004351780719040645
A.train.gold.bea19_005655,fewshot,0.009309563160488966,0.01315309005294448,0.006588085553427835,0.006611166607339026,0.006397713286666994
A.train.gold.bea19_005655,instruction,0.009309563160488966,0.01315309005294448,0.006588085553427835,0.006611166607339026,0.006397713286666994
A.train.gold.bea19_005655,role,0.009309563160488966,0.01315309005294448,0.006588085553427835,0.006611166607339026,0.006397713286666994
C.train.gold.bea19_002319,fewshot,0.015390220284630706,0.020212564131492212,0.011936949423301568,0.012996126585699656,0.012500243587527661
C.train.gold.bea19_002319,instruction,0.015390220284630706,0.020212564131492212,0.011936949423301568,0.012996126585699656,0.012500243587527661
C.train.gold.bea19_002319,role,0.015390220284630706,0.020212564131492212,0.011936949423301568,0.012996126585699656,0.012500243587527661
A.train.gold.bea19_009180,fewshot,0.10384324587117642,0.09413922888636106,0.10634314443214857,0.07672768876301898,0.08769003018200618
A.train.gold.bea19_009180,instruction,0.1389599847189079,0.1089578931184105,0.15144916907485492,0.10299264511930466,0.12361413537052485
A.train.gold.bea19_009180,role,0.14987810423283246,0.11173016596663173,0.16645210107633757,0.11116224276315415,0.13544545779138703
B.train.gold.bea19_000368,fewshot,0.012035351362588355,0.015224375920032007,0.010761465818683843,0.009186826889349922,0.010032097556132845
B.train.gold.bea19_000368,instruction,0.012035351362588355,0.015224375920032007,0.010761465818683843,0.009186826889349922,0.010032097556132845
B.train.gold.bea19_000368,role,0.012035351362588355,0.015224375920032007,0.010761465818683843,0.009186826889349922,0.010032097556132845
ABC.train.gold.bea19_006239,fewshot,0.009045631982770223,0.012812722342941753,0.006406361171470877,0.006406361171470877,0.006045805049708671
ABC.train.gold.bea19_006239,instruction,0.012496520933809445,0.017374081983999545,0.008977493185410315,0.0095583975722314,0.008641977786432645
ABC.train.gold.bea19_006239,role,0.009045631982770223,0.012812722342941753,0.006406361171470877,0.006406361171470877,0.006045805049708671
ABC.train.gold.bea19_022305,fewshot,0.044102745995185544,0.04523489157660948,0.04309300072234591,0.03572572351886315,0.03800165631438274
ABC.train.gold.bea19_022305,instruction,0.03863221833909008,0.03931112147744939,0.03719802322293767,0.030525556658689862,0.03271263197091709
ABC.train.gold.bea19_022305,role,0.03863221833909008,0.03931112147744939,0.03719802322293767,0.030525556658689862,0.03271263197091709
B.train.gold.bea19_000537,fewshot,0.011703008857853815,0.014904000020959969,0.010335381434998,0.008944694605243478,0.009588974216486794
B.train.gold.bea19_000537,instruction,0.011703008857853815,0.014904000020959969,0.010335381434998,0.008944694605243478,0.009588974216486794
B.train.gold.bea19_000537,role,0.011703008857853815,0.014904000020959969,0.010335381434998,0.008944694605243478,0.009588974216486794
ABC.train.gold.bea19_002209,fewshot,0.017051396965950386,0.022286198827251223,0.012599050939207802,0.015488713327528505,0.014715145829287237
ABC.train.gold.bea19_002209,instruction,0.017051396965950386,0.022286198827251223,0.012599050939207802,0.015488713327528505,0.014715145829287237
ABC.train.gold.bea19_002209,role,0.017051396965950386,0.022286198827251223,0.012599050939207802,0.015488713327528505,0.014715145829287237
ABC.train.gold.bea19_030671,fewshot,0.011256459076100976,0.014451020663352486,0.009834080582000288,0.008555725517846162,0.008993574507483008
ABC.train.gold.bea19_030671,instruction,0.011256459076100976,0.014451020663352486,0.009834080582000288,0.008555725517846162,0.008993574507483008
ABC.train.gold.bea19_030671,role,0.011256459076100976,0.014451020663352486,0.009834080582000288,0.008555725517846162,0.008993574507483008
B.train.gold.bea19_003379,fewshot,0.014253023864007843,0.020006538084341288,0.010003269042170644,0.010003269042170644,0.010983981693363846
B.train.gold.bea19_003379,instruction,0.014253023864007843,0.020006538084341288,0.010003269042170644,0.010003269042170644,0.010983981693363846
B.train.gold.bea19_003379,role,0.014253023864007843,0.020006538084341288,0.010003269042170644,0.010003269042170644,0.010983981693363846
ABC.train.gold.bea19_022377,fewshot,0.00997180663618624,0.01374986520651492,0.007263673807387448,0.007586233566571764,0.007280704587596695
ABC.train.gold.bea19_022377,instruction,0.006350114416475971,0.008968072354800042,0.004484036177400021,0.004484036177400021,0.004456794159311321
ABC.train.gold.bea19_022377,role,0.006350114416475971,0.008968072354800042,0.004484036177400021,0.004484036177400021,0.004456794159311321
ABC.train.gold.bea19_028533,fewshot,0.015195938215103028,0.021514383785550865,0.01075719189277547,0.010757191892775542,0.0102361882968291
ABC.train.gold.bea19_028533,instruction,0.015195938215103028,0.021514383785550865,0.01075719189277547,0.010757191892775542,0.0102361882968291
ABC.train.gold.bea19_028533,role,0.015195938215103028,0.021514383785550865,0.01075719189277547,0.010757191892775542,0.0102361882968291
A.train.gold.bea19_000484,fewshot,0.008760846096928846,0.008715141813338856,0.010723461647652918,0.007708853836280682,0.009676115597910142
A.train.gold.bea19_000484,instruction,0.008760846096928846,0.008715141813338856,0.010723461647652918,0.007708853836280682,0.009676115597910142
A.train.gold.bea19_000484,role,0.008760846096928846,0.008715141813338856,0.010723461647652918,0.007708853836280682,0.009676115597910142
A.train.gold.bea19_008598,fewshot,0.09199832765001613,0.06739998666816038,0.10248513768628593,0.06884065464258578,0.08389706388878893
A.train.gold.bea19_008598,instruction,0.09199832765001613,0.06739998666816038,0.10248513768628593,0.06884065464258578,0.08389706388878893
A.train.gold.bea19_008598,role,0.09198356976702358,0.0673901480794987,0.10247037980329339,0.06880621958226985,0.08387738671146554
ABC.train.gold.bea19_000524,fewshot,0.007126511932003921,0.010003269042170644,0.005001634521085322,0.005001634521085322,0.005491990846681923
ABC.train.gold.bea19_000524,instruction,0.007126511932003921,0.010003269042170644,0.005001634521085322,0.005001634521085322,0.005491990846681923
ABC.train.gold.bea19_000524,role,0.007126511932003921,0.010003269042170644,0.005001634521085322,0.005001634521085322,0.005491990846681923
ABCN.dev.gold.bea19_001851,fewshot,0.03766719654368788,0.04099979822090957,0.03401302285388241,0.027636344822257335,0.02978722407868625
ABCN.dev.gold.bea19_001851,instruction,0.03766719654368788,0.04099979822090957,0.03401302285388241,0.027636344822257335,0.02978722407868625
ABCN.dev.gold.bea19_001851,role,0.03766719654368788,0.04099979822090957,0.03401302285388241,0.027636344822257335,0.02978722407868625
N.dev.gold.bea19_000112,fewshot,0.009428428326573732,0.013067919905477426,0.006789157515274385,0.00729955264034573,0.006556200174780016
N.dev.gold.bea19_000112,instruction,0.009428428326573732,0.013067919905477426,0.006789157515274385,0.00729955264034573,0.006556200174780016
N.dev.gold.bea19_000112,role,0.009428428326573732,0.013067919905477426,0.006789157515274385,0.00729955264034573,0.006556200174780016
A.train.gold.bea19_007069,fewshot,0.00953939626978473,0.013461591628913912,0.006740278911170804,0.006759245104598501,0.00670415743239468
A.train.gold.bea19_007069,instruction,0.00953939626978473,0.013461591628913912,0.006740278911170804,0.006759245104598501,0.00670415743239468
A.train.gold.bea19_007069,role,0.00953939626978473,0.013461591628913912,0.006740278911170804,0.006759245104598501,0.00670415743239468
A.train.gold.bea19_002571,fewshot,0.008524027459954286,0.01186662307943776,0.0059333115397189155,0.0059333115397189875,0.007355344883949075
A.train.gold.bea19_002571,instruction,0.008524027459954286,0.01186662307943776,0.0059333115397189155,0.0059333115397189875,0.007355344883949075
A.train.gold.bea19_002571,role,0.008524027459954286,0.01186662307943776,0.0059333115397189155,0.0059333115397189875,0.007355344883949075
A.train.gold.bea19_008015,fewshot,0.014874141876430257,0.020834695434237802,0.010417347717118938,0.01041734771711901,0.011812139043260396
A.train.gold.bea19_008015,instruction,0.014874141876430257,0.020834695434237802,0.010417347717118938,0.01041734771711901,0.011812139043260396
A.train.gold.bea19_008015,role,0.014874141876430257,0.020834695434237802,0.010417347717118938,0.01041734771711901,0.011812139043260396
B.train.gold.bea19_006446,fewshot,0.12665556568317368,0.0768788201664856,0.15062970479605592,0.0945865361591284,0.12170616777806618
B.train.gold.bea19_006446,instruction,0.12665556568317368,0.0768788201664856,0.15062970479605592,0.0945865361591284,0.12170616777806618
B.train.gold.bea19_006446,role,0.12665556568317368,0.0768788201664856,0.15062970479605592,0.0945865361591284,0.12170616777806618
A.train.gold.bea19_009370,fewshot,0.017042074094214446,0.020830708217108425,0.01330991761606255,0.019099044631079223,0.01470271533363932
A.train.gold.bea19_009370,instruction,0.01621314152911433,0.020278086507041677,0.014822926848403981,0.012480985050962502,0.013597471913505821
A.train.gold.bea19_009370,role,0.012700228832951996,0.017936144709600123,0.008968072354800098,0.00896807235480017,0.008913588318622715
B.train.gold.bea19_012562,fewshot,0.011784897025171678,0.01621444916639428,0.008107224583197176,0.008107224583197249,0.011703170970905596
B.train.gold.bea19_012562,instruction,0.011784897025171678,0.01621444916639428,0.008107224583197176,0.008107224583197249,0.011703170970905596
B.train.gold.bea19_012562,role,0.011784897025171678,0.01621444916639428,0.008107224583197176,0.008107224583197249,0.011703170970905596
C.train.gold.bea19_001640,fewshot,0.08462860109631322,0.06095805701204664,0.0950643945917824,0.06281394840758821,0.07746971374245272
C.train.gold.bea19_001640,instruction,0.08462860109631322,0.06095805701204664,0.0950643945917824,0.06281394840758821,0.07746971374245272
C.train.gold.bea19_001640,role,0.08462860109631322,0.06095805701204664,0.0950643945917824,0.06281394840758821,0.07746971374245272
A.train.gold.bea19_008833,fewshot,0.022225400457665957,0.03138825324180019,0.015694126620900133,0.015694126620900202,0.015598779557589698
A.train.gold.bea19_008833,instruction,0.022225400457665957,0.03138825324180019,0.015694126620900133,0.015694126620900202,0.015598779557589698
A.train.gold.bea19_008833,role,0.022225400457665957,0.03138825324180019,0.015694126620900133,0.015694126620900202,0.015598779557589698
C.train.gold.bea19_009457,fewshot,0.031593676596280366,0.039247550670911235,0.026000496795712633,0.023065588221279354,0.02218584995247954
C.train.gold.bea19_009457,instruction,0.03159146832268326,0.039246078488513164,0.02599828852211553,0.023060435582886108,0.022182905587683398
C.train.gold.bea19_009457,role,0.031593676596280366,0.039247550670911235,0.026000496795712633,0.023065588221279354,0.02218584995247954
A.train.gold.bea19_000493,fewshot,0.006266502376342246,0.008856589634621707,0.004428294817310889,0.004428294817310961,0.004345311439133022
A.train.gold.bea19_000493,instruction,0.010161745200450385,0.013792878875890572,0.007404433861903352,0.008420422709819483,0.007533956006615556
A.train.gold.bea19_000493,role,0.006266502376342246,0.008856589634621707,0.004428294817310889,0.004428294817310961,0.004345311439133022
A.train.gold.bea19_008517,fewshot,0.010702645303414747,0.013965351854232476,0.009089156796240826,0.008053322103376944,0.008255156143901371
A.train.gold.bea19_008517,instruction,0.010702645303414747,0.013965351854232476,0.009089156796240826,0.008053322103376944,0.008255156143901371
A.train.gold.bea19_008517,role,0.010702645303414747,0.013965351854232476,0.009089156796240826,0.008053322103376944,0.008255156143901371
A.train.gold.bea19_008370,fewshot,0.017979117913683434,0.02368338206843948,0.0140560757853609,0.015122461441363914,0.013947094561602973
A.train.gold.bea19_008370,instruction,0.017979117913683434,0.02368338206843948,0.0140560757853609,0.015122461441363914,0.013947094561602973
A.train.gold.bea19_008370,role,0.017979117913683434,0.02368338206843948,0.0140560757853609,0.015122461441363914,0.013947094561602973
ABC.train.gold.bea19_032688,fewshot,0.029678161681913198,0.03953187715464813,0.02363522169230516,0.023500593275597732,0.02152576946059605
ABC.train.gold.bea19_032688,instruction,0.029678161681913198,0.03953187715464813,0.02363522169230516,0.023500593275597732,0.02152576946059605
ABC.train.gold.bea19_032688,role,0.029678161681913198,0.03953187715464813,0.02363522169230516,0.023500593275597732,0.02152576946059605
ABC.train.gold.bea19_030414,fewshot,0.012389669826740817,0.01752206603465188,0.008761033017325977,0.00876103301732605,0.008499509643674475
ABC.train.gold.bea19_030414,instruction,0.012389669826740817,0.01752206603465188,0.008761033017325977,0.00876103301732605,0.008499509643674475
ABC.train.gold.bea19_030414,role,0.012389669826740817,0.01752206603465188,0.008761033017325977,0.00876103301732605,0.008499509643674475
ABC.train.gold.bea19_000749,fewshot,0.022110809324146323,0.030804612775975508,0.015848898221798764,0.016663384159358453,0.015445991379563524
ABC.train.gold.bea19_000749,instruction,0.01878890261874007,0.02629514070191258,0.013423798751872513,0.013897557823642628,0.013021794970350173
ABC.train.gold.bea19_000749,role,0.01878890261874007,0.02629514070191258,0.013423798751872513,0.013897557823642628,0.013021794970350173
ABC.train.gold.bea19_015001,fewshot,0.0216312505748855,0.02304456696274921,0.018338151605178578,0.030635448082164562,0.022826629839195714
ABC.train.gold.bea19_015001,instruction,0.0216312505748855,0.02304456696274921,0.018338151605178578,0.030635448082164562,0.022826629839195714
ABC.train.gold.bea19_015001,role,0.0216312505748855,0.02304456696274921,0.018338151605178578,0.030635448082164562,0.022826629839195714
ABC.train.gold.bea19_033890,fewshot,0.006132723112128199,0.00867821728233631,0.004339108641168191,0.004339108641168263,0.004166939086847625
ABC.train.gold.bea19_033890,instruction,0.006132723112128199,0.00867821728233631,0.004339108641168191,0.004339108641168263,0.004166939086847625
ABC.train.gold.bea19_033890,role,0.006132723112128199,0.00867821728233631,0.004339108641168191,0.004339108641168263,0.004166939086847625
ABC.train.gold.bea19_019045,fewshot,0.020603283181540293,0.02921988520264395,0.014615487605644033,0.01462657761428815,0.013435956522755482
ABC.train.gold.bea19_019045,instruction,0.02384230692329804,0.033591286232618214,0.016999111979416597,0.017406049705631577,0.015749642313770826
ABC.train.gold.bea19_019045,role,0.020603283181540293,0.02921988520264395,0.014615487605644033,0.01462657761428815,0.013435956522755482
B.train.gold.bea19_004985,fewshot,0.008524027459954286,0.01186662307943776,0.0059333115397189155,0.0059333115397189875,0.007355344883949075
B.train.gold.bea19_004985,instruction,0.008524027459954286,0.01186662307943776,0.0059333115397189155,0.0059333115397189875,0.007355344883949075
B.train.gold.bea19_004985,role,0.008524027459954286,0.01186662307943776,0.0059333115397189155,0.0059333115397189875,0.007355344883949075
ABC.train.gold.bea19_017632,fewshot,0.017963386727688838,0.025454941702081325,0.012727470851040699,0.012727470851040772,0.011921107115615196
ABC.train.gold.bea19_017632,instruction,0.017963386727688838,0.025454941702081325,0.012727470851040699,0.012727470851040772,0.011921107115615196
ABC.train.gold.bea19_017632,role,0.017963386727688838,0.025454941702081325,0.012727470851040699,0.012727470851040772,0.011921107115615196
ABC.train.gold.bea19_030151,fewshot,0.02009433620635661,0.0233033628502018,0.01742557947268435,0.014584207384267737,0.014921231772346744
ABC.train.gold.bea19_030151,instruction,0.02009433620635661,0.0233033628502018,0.01742557947268435,0.014584207384267737,0.014921231772346744
ABC.train.gold.bea19_030151,role,0.02009433620635661,0.0233033628502018,0.01742557947268435,0.014584207384267737,0.014921231772346744
C.train.gold.bea19_004380,fewshot,0.01622585306651627,0.02174809513576839,0.013147483216847075,0.01202471852829261,0.011609408098713421
C.train.gold.bea19_004380,instruction,0.01622585306651627,0.02174809513576839,0.013147483216847075,0.01202471852829261,0.011609408098713421
C.train.gold.bea19_004380,role,0.01622585306651627,0.02174809513576839,0.013147483216847075,0.01202471852829261,0.011609408098713421
B.train.gold.bea19_003647,fewshot,0.08868357720819314,0.07834861694769804,0.09161312172232514,0.0655297961367665,0.07527193150899529
B.train.gold.bea19_003647,instruction,0.08868357720819314,0.07834861694769804,0.09161312172232514,0.0655297961367665,0.07527193150899529
B.train.gold.bea19_003647,role,0.08868357720819314,0.07834861694769804,0.09161312172232514,0.0655297961367665,0.07527193150899529
ABC.train.gold.bea19_004542,fewshot,0.05680063205425008,0.044244006896317654,0.06188842194614563,0.04203174379767986,0.05059868777895043
ABC.train.gold.bea19_004542,instruction,0.05680063205425008,0.044244006896317654,0.06188842194614563,0.04203174379767986,0.05059868777895043
ABC.train.gold.bea19_004542,role,0.05680063205425008,0.044244006896317654,0.06188842194614563,0.04203174379767986,0.05059868777895043
A.train.gold.bea19_001569,fewshot,0.006893592677345537,0.009692710035959463,0.0048463550179797315,0.0048463550179797315,0.005181431840470742
A.train.gold.bea19_001569,instruction,0.006893592677345537,0.009692710035959463,0.0048463550179797315,0.0048463550179797315,0.005181431840470742
A.train.gold.bea19_001569,role,0.006893592677345537,0.009692710035959463,0.0048463550179797315,0.0048463550179797315,0.005181431840470742
ABC.train.gold.bea19_028754,fewshot,0.009207296402782386,0.013022800413231192,0.006516874696342375,0.006527823675795932,0.006261357609724888
ABC.train.gold.bea19_028754,instruction,0.009207296402782386,0.013022800413231192,0.006516874696342375,0.006527823675795932,0.006261357609724888
ABC.train.gold.bea19_028754,role,0.009207296402782386,0.013022800413231192,0.006516874696342375,0.006527823675795932,0.006261357609724888
C.train.gold.bea19_005366,fewshot,0.014349611442479211,0.02029273255705084,0.01023958181019373,0.010426012873530349,0.009107752599997345
C.train.gold.bea19_005366,instruction,0.014349611442479211,0.02029273255705084,0.01023958181019373,0.010426012873530349,0.009107752599997345
C.train.gold.bea19_005366,role,0.014349611442479211,0.02029273255705084,0.01023958181019373,0.010426012873530349,0.009107752599997345
B.dev.gold.bea19_000552,fewshot,0.1417662303318195,0.07726480663652666,0.1739044800764527,0.1071564622733195,0.14056717093532492
B.dev.gold.bea19_000552,instruction,0.006712433257055682,0.009451164142239657,0.004725582071119829,0.004725582071119829,0.004939885946750935
B.dev.gold.bea19_000552,role,0.006712433257055682,0.009451164142239657,0.004725582071119829,0.004725582071119829,0.004939885946750935
B.train.gold.bea19_000595,fewshot,0.08055065189077999,0.0643283631107979,0.08661048045126112,0.059436119160750055,0.07126051831051375
B.train.gold.bea19_000595,instruction,0.08055065189077999,0.0643283631107979,0.08661048045126112,0.059436119160750055,0.07126051831051375
B.train.gold.bea19_000595,role,0.08055065189077999,0.0643283631107979,0.08661048045126112,0.059436119160750055,0.07126051831051375
ABC.train.gold.bea19_029091,fewshot,0.05984996416835222,0.048219484121388136,0.06411126279535449,0.04411430426467542,0.052431531171838054
ABC.train.gold.bea19_029091,instruction,0.05061052183149774,0.041068399087629104,0.05428883624144336,0.03743279278644095,0.04441613782873974
ABC.train.gold.bea19_029091,role,0.05061052183149774,0.041068399087629104,0.05428883624144336,0.03743279278644095,0.04441613782873974
ABC.train.gold.bea19_021151,fewshot,0.01905034324942797,0.026904217064400163,0.013452108532200118,0.013452108532200191,0.013370382477934038
ABC.train.gold.bea19_021151,instruction,0.012700228832951996,0.017936144709600123,0.008968072354800098,0.00896807235480017,0.008913588318622715
ABC.train.gold.bea19_021151,role,0.01905034324942797,0.026904217064400163,0.013452108532200118,0.013452108532200191,0.013370382477934038
B.train.gold.bea19_003253,fewshot,0.024907550948680482,0.026367237855733524,0.0234454524398041,0.01843388409065433,0.02024382880434417
B.train.gold.bea19_003253,instruction,0.024907550948680482,0.026367237855733524,0.0234454524398041,0.01843388409065433,0.02024382880434417
B.train.gold.bea19_003253,role,0.024907550948680482,0.026367237855733524,0.0234454524398041,0.01843388409065433,0.02024382880434417
A.train.gold.bea19_009677,fewshot,0.009610983981693416,0.013315898441756601,0.006657949220878336,0.006657949220878408,0.008804620246267915
A.train.gold.bea19_009677,instruction,0.009610983981693416,0.013315898441756601,0.006657949220878336,0.006657949220878408,0.008804620246267915
A.train.gold.bea19_009677,role,0.009610983981693416,0.013315898441756601,0.006657949220878336,0.006657949220878408,0.008804620246267915
ABC.train.gold.bea19_000439,fewshot,0.07447321220760254,0.045645729790357685,0.08825234614780399,0.05564939998506445,0.07161591201615178
ABC.train.gold.bea19_000439,instruction,0.07447321220760254,0.045645729790357685,0.08825234614780399,0.05564939998506445,0.07161591201615178
ABC.train.gold.bea19_000439,role,0.07447321220760254,0.045645729790357685,0.08825234614780399,0.05564939998506445,0.07161591201615178
C.dev.gold.bea19_000203,fewshot,0.005884275907159255,0.008346954342377718,0.004173477171188895,0.004173477171188967,0.0038356761468890336
C.dev.gold.bea19_000203,instruction,0.005884275907159255,0.008346954342377718,0.004173477171188895,0.004173477171188967,0.0038356761468890336
C.dev.gold.bea19_000203,role,0.005884275907159255,0.008346954342377718,0.004173477171188895,0.004173477171188967,0.0038356761468890336
ABC.train.gold.bea19_028019,fewshot,0.03170587249489668,0.04490046070870414,0.022581158536086617,0.02284301489955571,0.02021935881525072
ABC.train.gold.bea19_028019,instruction,0.03170587249489668,0.04490046070870414,0.022581158536086617,0.02284301489955571,0.02021935881525072
ABC.train.gold.bea19_028019,role,0.03170587249489668,0.04490046070870414,0.022581158536086617,0.02284301489955571,0.02021935881525072
ABC.train.gold.bea19_019656,fewshot,0.011650041429730876,0.013018955373988615,0.012149562234368813,0.010307740251335148,0.011523363510317864
ABC.train.gold.bea19_019656,instruction,0.01474697685376606,0.017709709533762746,0.01418405895294469,0.011720476247288667,0.013647598211036453
ABC.train.gold.bea19_019656,role,0.011650041429730876,0.013018955373988615,0.012149562234368813,0.010307740251335148,0.011523363510317864
B.train.gold.bea19_008314,fewshot,0.04325242716740328,0.0402158107228989,0.04353162244244264,0.03226582482184835,0.03622740776316544
B.train.gold.bea19_008314,instruction,0.04325242716740328,0.0402158107228989,0.04353162244244264,0.03226582482184835,0.03622740776316544
B.train.gold.bea19_008314,role,0.08041670343923583,0.056170390668644335,0.09152274093226397,0.06028460034556663,0.07445145532360378
A.train.gold.bea19_007102,fewshot,0.016678931767269617,0.0228165913041636,0.01263659881096724,0.012327275422358045,0.01221351303305122
A.train.gold.bea19_007102,instruction,0.016678931767269617,0.0228165913041636,0.01263659881096724,0.012327275422358045,0.01221351303305122
A.train.gold.bea19_007102,role,0.016678931767269617,0.0228165913041636,0.01263659881096724,0.012327275422358045,0.01221351303305122
A.train.gold.bea19_000129,fewshot,0.08828347716123473,0.08109973992289794,0.0886702048500219,0.06491087462716805,0.07364112744304986
A.train.gold.bea19_000129,instruction,0.08179027812741525,0.07522603314796898,0.08224050164000729,0.05994097452241799,0.06821931049338813
A.train.gold.bea19_000129,role,0.08828347716123473,0.08109973992289794,0.0886702048500219,0.06491087462716805,0.07364112744304986
A.train.gold.bea19_005664,fewshot,0.17464566936503434,0.11724601447883294,0.2018316634404466,0.13174131370640382,0.16434110817745448
A.train.gold.bea19_005664,instruction,0.17464566936503434,0.11724601447883294,0.2018316634404466,0.13174131370640382,0.16434110817745448
A.train.gold.bea19_005664,role,0.17464566936503434,0.11724601447883294,0.2018316634404466,0.13174131370640382,0.16434110817745448
A.train.gold.bea19_005492,fewshot,0.011784897025171678,0.01621444916639428,0.008107224583197176,0.008107224583197249,0.011703170970905596
A.train.gold.bea19_005492,instruction,0.011784897025171678,0.01621444916639428,0.008107224583197176,0.008107224583197249,0.011703170970905596
A.train.gold.bea19_005492,role,0.011784897025171678,0.01621444916639428,0.008107224583197176,0.008107224583197249,0.011703170970905596
A.train.gold.bea19_004980,fewshot,0.033381879647503464,0.04266878819598517,0.027023156372300614,0.024182613699435043,0.022957546048553264
A.train.gold.bea19_004980,instruction,0.05917941994608726,0.05294584833872955,0.060681563447977545,0.04357851015890645,0.04974966936838376
A.train.gold.bea19_004980,role,0.05917941994608726,0.05294584833872955,0.060681563447977545,0.04357851015890645,0.04974966936838376
B.train.gold.bea19_003023,fewshot,0.023030820396470673,0.03255340080479542,0.01657518135045578,0.016476599782083903,0.014667660278001001
B.train.gold.bea19_003023,instruction,0.023030820396470673,0.03255340080479542,0.01657518135045578,0.016476599782083903,0.014667660278001001
B.train.gold.bea19_003023,role,0.023030820396470673,0.03255340080479542,0.01657518135045578,0.016476599782083903,0.014667660278001001
A.train.gold.bea19_003621,fewshot,0.013142039039521254,0.01811920212713459,0.00962818294806158,0.009952551584034956,0.009502668594048393
A.train.gold.bea19_003621,instruction,0.013142039039521254,0.01811920212713459,0.00962818294806158,0.009952551584034956,0.009502668594048393
A.train.gold.bea19_003621,role,0.013142039039521254,0.01811920212713459,0.00962818294806158,0.009952551584034956,0.009502668594048393
ABC.train.gold.bea19_019662,fewshot,0.017483446958270005,0.021685471793019745,0.014502565587695027,0.01278948963637024,0.012260558928744074
ABC.train.gold.bea19_019662,instruction,0.02020435169216615,0.02560794048234922,0.01641983078797452,0.014618816547879243,0.013883419375943945
ABC.train.gold.bea19_019662,role,0.02020435169216615,0.02560794048234922,0.01641983078797452,0.014618816547879243,0.013883419375943945
C.train.gold.bea19_008172,fewshot,0.011830663615560693,0.016776724419745048,0.00838836220987256,0.008388362209872633,0.007754168028767643
C.train.gold.bea19_008172,instruction,0.011830663615560693,0.016776724419745048,0.00838836220987256,0.008388362209872633,0.007754168028767643
C.train.gold.bea19_008172,role,0.011830663615560693,0.016776724419745048,0.00838836220987256,0.008388362209872633,0.007754168028767643
ABC.train.gold.bea19_023475,fewshot,0.02077726506187385,0.029269996970033647,0.014822407562393926,0.015197225717148133,0.013667932363200222
ABC.train.gold.bea19_023475,instruction,0.02077726506187385,0.029269996970033647,0.014822407562393926,0.015197225717148133,0.013667932363200222
ABC.train.gold.bea19_023475,role,0.02077726506187385,0.029269996970033647,0.014822407562393926,0.015197225717148133,0.013667932363200222
B.train.gold.bea19_005811,fewshot,0.008524027459954286,0.01186662307943776,0.0059333115397189155,0.0059333115397189875,0.007355344883949075
B.train.gold.bea19_005811,instruction,0.008524027459954286,0.01186662307943776,0.0059333115397189155,0.0059333115397189875,0.007355344883949075
B.train.gold.bea19_005811,role,0.008524027459954286,0.01186662307943776,0.0059333115397189155,0.0059333115397189875,0.007355344883949075
A.train.gold.bea19_003634,fewshot,0.007126511932003975,0.01000326904217068,0.005001634521085376,0.005001634521085448,0.005491990846681995
A.train.gold.bea19_003634,instruction,0.007126511932003975,0.01000326904217068,0.005001634521085376,0.005001634521085448,0.005491990846681995
A.train.gold.bea19_003634,role,0.007126511932003975,0.01000326904217068,0.005001634521085376,0.005001634521085448,0.005491990846681995
A.train.gold.bea19_004905,fewshot,0.010865522636827094,0.014444490102857834,0.008016998163588663,0.009606504387908155,0.008472325921784499
A.train.gold.bea19_004905,instruction,0.010865522636827094,0.014444490102857834,0.008016998163588663,0.009606504387908155,0.008472325921784499
A.train.gold.bea19_004905,role,0.010865522636827094,0.014444490102857834,0.008016998163588663,0.009606504387908155,0.008472325921784499
C.train.gold.bea19_002868,fewshot,0.01451754508087016,0.020609223145337655,0.010305248033904922,0.010306520956377112,0.009331664117851943
C.train.gold.bea19_002868,instruction,0.01451754508087016,0.020609223145337655,0.010305248033904922,0.010306520956377112,0.009331664117851943
C.train.gold.bea19_002868,role,0.01451754508087016,0.020609223145337655,0.010305248033904922,0.010306520956377112,0.009331664117851943
C.train.gold.bea19_001767,fewshot,0.01004507516754385,0.007913387217000988,0.010960624634120831,0.007613185098949948,0.009190618827594652
C.train.gold.bea19_001767,instruction,0.016458849180596372,0.014504808096575506,0.018716723629582387,0.013042640281946386,0.015737304980336365
C.train.gold.bea19_001767,role,0.016458849180596372,0.014504808096575506,0.018716723629582387,0.013042640281946386,0.015737304980336365
A.train.gold.bea19_004887,fewshot,0.48842813549516473,0.5342596486094378,0.47668120877638,0.3719805817849636,0.3841631358490384
A.train.gold.bea19_004887,instruction,0.5906373947859911,0.6386897525539548,0.6157924028272855,0.46850505988907987,0.49612335628747595
A.train.gold.bea19_004887,role,0.48842813549516473,0.5342596486094378,0.47668120877638,0.3719805817849636,0.3841631358490384
A.train.gold.bea19_009530,fewshot,0.006194834913370381,0.008761033017325923,0.004380516508662962,0.004380516508662962,0.004249754821837201
A.train.gold.bea19_009530,instruction,0.006194834913370381,0.008761033017325923,0.004380516508662962,0.004380516508662962,0.004249754821837201
A.train.gold.bea19_009530,role,0.006194834913370381,0.008761033017325923,0.004380516508662962,0.004380516508662962,0.004249754821837201
N.dev.gold.bea19_000116,fewshot,0.00904605966443986,0.012638629412438939,0.006493977878948463,0.006843304224406451,0.006046375291934851
N.dev.gold.bea19_000116,instruction,0.012750529684651386,0.017310917082406303,0.00934775397066286,0.010732344829582276,0.008980656120888568
N.dev.gold.bea19_000116,role,0.00904605966443986,0.012638629412438939,0.006493977878948463,0.006843304224406451,0.006046375291934851
B.train.gold.bea19_008477,fewshot,0.0,0.0,0.0,0.0,0.0
B.train.gold.bea19_008477,instruction,0.008524027459954233,0.011866623079437724,0.005933311539718862,0.005933311539718862,0.007355344883949003
B.train.gold.bea19_008477,role,0.014223708233693708,0.01875837931499816,0.010337634353340654,0.012254523745023801,0.012949906717606654
A.train.gold.bea19_000146,fewshot,0.0156784594147851,0.02214960973584059,0.01108294051720671,0.011099211815779537,0.0108795498964052
A.train.gold.bea19_000146,instruction,0.0156784594147851,0.02214960973584059,0.01108294051720671,0.011099211815779537,0.0108795498964052
A.train.gold.bea19_000146,role,0.0156784594147851,0.02214960973584059,0.01108294051720671,0.011099211815779537,0.0108795498964052
C.train.gold.bea19_007506,fewshot,0.009851258581235697,0.013886891140895717,0.006943445570447859,0.006943445570447859,0.007119973847662635
C.train.gold.bea19_007506,instruction,0.006567505720823798,0.009257927427263812,0.004628963713631906,0.004628963713631906,0.00474664923177509
C.train.gold.bea19_007506,role,0.006567505720823798,0.009257927427263812,0.004628963713631906,0.004628963713631906,0.00474664923177509
ABC.train.gold.bea19_024480,fewshot,0.01765486971100449,0.02504222435348431,0.012522473503093413,0.012525196155795934,0.011509751093369405
ABC.train.gold.bea19_024480,instruction,0.01765282772147766,0.025040863027133084,0.012520431513566578,0.012520431513566651,0.011507028440666957
ABC.train.gold.bea19_024480,role,0.01765486971100449,0.02504222435348431,0.012522473503093413,0.012525196155795934,0.011509751093369405
C.train.gold.bea19_009501,fewshot,0.0068935926773456445,0.009692710035959534,0.004846355017979839,0.004846355017979983,0.005181431840470886
C.train.gold.bea19_009501,instruction,0.0068935926773456445,0.009692710035959534,0.004846355017979839,0.004846355017979983,0.005181431840470886
C.train.gold.bea19_009501,role,0.0068935926773456445,0.009692710035959534,0.004846355017979839,0.004846355017979983,0.005181431840470886
A.train.gold.bea19_002819,fewshot,0.02209567514459458,0.030287276946129416,0.016997905878366186,0.016075149720339958,0.015425812473494534
A.train.gold.bea19_002819,instruction,0.020703661327231174,0.029359267734553808,0.01467963386727694,0.014679633867277013,0.013569794050343321
A.train.gold.bea19_002819,role,0.02209567514459458,0.030287276946129416,0.016997905878366186,0.016075149720339958,0.015425812473494534
A.dev.gold.bea19_000628,fewshot,0.007871853546910808,0.010997057862046456,0.005498528931023264,0.005498528931023336,0.0064857796665577705
A.dev.gold.bea19_000628,instruction,0.007871853546910808,0.010997057862046456,0.005498528931023264,0.005498528931023336,0.0064857796665577705
A.dev.gold.bea19_000628,role,0.007871853546910808,0.010997057862046456,0.005498528931023264,0.005498528931023336,0.0064857796665577705
ABC.train.gold.bea19_033897,fewshot,0.030812425126982224,0.04204101742692353,0.023988457988835248,0.022827018862113982,0.021033108189359762
ABC.train.gold.bea19_033897,instruction,0.030812425126982224,0.04204101742692353,0.023988457988835248,0.022827018862113982,0.021033108189359762
ABC.train.gold.bea19_033897,role,0.020112117952754444,0.028457659108091064,0.014341713681206009,0.014567481935526963,0.012781069551041016
ABC.train.gold.bea19_033141,fewshot,0.03824680728979381,0.054504501814624025,0.02725226407557096,0.02725229041208886,0.022925567614461923
ABC.train.gold.bea19_033141,instruction,0.041012672920465974,0.05842031439850747,0.029232805190941492,0.029278101174317003,0.02460837592402982
ABC.train.gold.bea19_033141,role,0.041012672920465974,0.05842031439850747,0.029232805190941492,0.029278101174317003,0.02460837592402982
C.train.gold.bea19_004612,fewshot,0.03607228710207592,0.03997990046945055,0.03274275186805718,0.02744476246776057,0.028526870787435488
C.train.gold.bea19_004612,instruction,0.03607228710207592,0.03997990046945055,0.03274275186805718,0.02744476246776057,0.028526870787435488
C.train.gold.bea19_004612,role,0.03607228710207592,0.03997990046945055,0.03274275186805718,0.02744476246776057,0.028526870787435488
ABC.train.gold.bea19_027322,fewshot,0.010291137045204506,0.011957739614532108,0.010493383570601445,0.0082749901734585,0.009711490997616033
ABC.train.gold.bea19_027322,instruction,0.010291137045204506,0.011957739614532108,0.010493383570601445,0.0082749901734585,0.009711490997616033
ABC.train.gold.bea19_027322,role,0.010291137045204506,0.011957739614532108,0.010493383570601445,0.0082749901734585,0.009711490997616033
C.train.gold.bea19_009221,fewshot,0.44850291070910275,0.39378963434509734,0.43318377301193667,0.5582536355716616,0.4974190856238331
C.train.gold.bea19_009221,instruction,0.011784897025171678,0.01621444916639428,0.008107224583197176,0.008107224583197249,0.011703170970905596
C.train.gold.bea19_009221,role,0.011784897025171678,0.01621444916639428,0.008107224583197176,0.008107224583197249,0.011703170970905596
B.train.gold.bea19_011216,fewshot,0.07878346889163337,0.07578599851404674,0.0776199588065921,0.0577599441487394,0.0640712239437964
B.train.gold.bea19_011216,instruction,0.04007232571510239,0.05643018263291857,0.029231396275222424,0.028724265984145587,0.025359592181540037
B.train.gold.bea19_011216,role,0.07878346889163337,0.07578599851404674,0.0776199588065921,0.0577599441487394,0.0640712239437964
ABCN.dev.gold.bea19_002179,fewshot,0.014876742632377486,0.021087055837951993,0.010545261756274184,0.010548729430870558,0.009810594186528377
ABCN.dev.gold.bea19_002179,instruction,0.014876742632377486,0.021087055837951993,0.010545261756274184,0.010548729430870558,0.009810594186528377
ABCN.dev.gold.bea19_002179,role,0.014876742632377486,0.021087055837951993,0.010545261756274184,0.010548729430870558,0.009810594186528377
B.train.gold.bea19_004631,fewshot,0.12655596239809339,0.09031009497525325,0.1425351151041617,0.0942126164689901,0.11651724484069637
B.train.gold.bea19_004631,instruction,0.07636376655073397,0.06255112842710826,0.08151402437523583,0.05659479243008283,0.06740960625538743
B.train.gold.bea19_004631,role,0.02734503013141389,0.03537495753002956,0.0219330578057201,0.019884891804285987,0.019467558972211047
ABC.train.gold.bea19_022938,fewshot,0.06601508230021569,0.04109416831247996,0.07778175807094921,0.049228746690671614,0.06295745309201689
ABC.train.gold.bea19_022938,instruction,0.005856043270230966,0.008309310826473335,0.004154655413236703,0.004154655413236775,0.003798032630984648
ABC.train.gold.bea19_022938,role,0.005856043270230966,0.008309310826473335,0.004154655413236703,0.004154655413236775,0.003798032630984648
B.train.gold.bea19_009268,fewshot,0.014245036722383931,0.02024639148605698,0.010123319385563621,0.010123566670633886,0.008968319639870307
B.train.gold.bea19_009268,instruction,0.01139588100686504,0.01619701427481751,0.008098507137408792,0.008098507137408865,0.0071744578838401065
B.train.gold.bea19_009268,role,0.01139588100686504,0.01619701427481751,0.008098507137408792,0.008098507137408865,0.0071744578838401065
ABC.train.gold.bea19_026634,fewshot,0.011975591151792576,0.016969961134720893,0.008484980567360483,0.008484980567360556,0.007947404743743489
ABC.train.gold.bea19_026634,instruction,0.011975591151792576,0.016969961134720893,0.008484980567360483,0.008484980567360556,0.007947404743743489
ABC.train.gold.bea19_026634,role,0.011975591151792576,0.016969961134720893,0.008484980567360483,0.008484980567360556,0.007947404743743489
C.train.gold.bea19_000561,fewshot,0.0057648301355395165,0.008187693313551436,0.004093846656775718,0.004093846656775718,0.0036764151180627156
C.train.gold.bea19_000561,instruction,0.008835109262241599,0.012406782676282039,0.006328634044095904,0.006579119456005671,0.0057651080890038404
C.train.gold.bea19_000561,role,0.0057648301355395165,0.008187693313551436,0.004093846656775718,0.004093846656775718,0.0036764151180627156
C.train.gold.bea19_005760,fewshot,0.020213544935029394,0.027512460774533558,0.01518053370242343,0.015621083110296195,0.014921318058735937
C.train.gold.bea19_005760,instruction,0.020213544935029394,0.027512460774533558,0.01518053370242343,0.015621083110296195,0.014921318058735937
C.train.gold.bea19_005760,role,0.020213544935029394,0.027512460774533558,0.01518053370242343,0.015621083110296195,0.014921318058735937
ABC.train.gold.bea19_029612,fewshot,0.012930953759051131,0.012152877815545342,0.012766306778292652,0.009655927157829803,0.011033444418276039
ABC.train.gold.bea19_029612,instruction,0.012930953759051131,0.012152877815545342,0.012766306778292652,0.009655927157829803,0.011033444418276039
ABC.train.gold.bea19_029612,role,0.012930953759051131,0.012152877815545342,0.012766306778292652,0.009655927157829803,0.011033444418276039
B.train.gold.bea19_011582,fewshot,0.07525452381519071,0.05648040263290908,0.08323414327814338,0.05584286901150739,0.06820903927238467
B.train.gold.bea19_011582,instruction,0.07525452381519071,0.05648040263290908,0.08323414327814338,0.05584286901150739,0.06820903927238467
B.train.gold.bea19_011582,role,0.07525452381519071,0.05648040263290908,0.08323414327814338,0.05584286901150739,0.06820903927238467
B.train.gold.bea19_012209,fewshot,0.02111149572776168,0.029899699534395974,0.014953197168063204,0.014959891969793635,0.014113573251050664
B.train.gold.bea19_012209,instruction,0.02111149572776168,0.029899699534395974,0.014953197168063204,0.014959891969793635,0.014113573251050664
B.train.gold.bea19_012209,role,0.02111149572776168,0.029899699534395974,0.014953197168063204,0.014959891969793635,0.014113573251050664
ABC.train.gold.bea19_019193,fewshot,0.014832287962744193,0.020858434215925384,0.0106002996744431,0.010942464807403919,0.009751321293683985
ABC.train.gold.bea19_019193,instruction,0.014832287962744193,0.020858434215925384,0.0106002996744431,0.010942464807403919,0.009751321293683985
ABC.train.gold.bea19_019193,role,0.014832287962744193,0.020858434215925384,0.0106002996744431,0.010942464807403919,0.009751321293683985
A.train.gold.bea19_007887,fewshot,0.006893592677345537,0.009692710035959463,0.0048463550179797315,0.0048463550179797315,0.005181431840470742
A.train.gold.bea19_007887,instruction,0.006893592677345537,0.009692710035959463,0.0048463550179797315,0.0048463550179797315,0.005181431840470742
A.train.gold.bea19_007887,role,0.006893592677345537,0.009692710035959463,0.0048463550179797315,0.0048463550179797315,0.005181431840470742
C.train.gold.bea19_001199,fewshot,0.065708821728062,0.05392287458001087,0.06984966109887294,0.0484294197241999,0.05732664780844188
C.train.gold.bea19_001199,instruction,0.065708821728062,0.05392287458001087,0.06984966109887294,0.0484294197241999,0.05732664780844188
C.train.gold.bea19_001199,role,0.065708821728062,0.05392287458001087,0.06984966109887294,0.0484294197241999,0.05732664780844188
ABC.train.gold.bea19_014835,fewshot,0.019892952801529907,0.021425353585610197,0.018343940977323742,0.014966586178559555,0.016306084745591105
ABC.train.gold.bea19_014835,instruction,0.019892952801529907,0.021425353585610197,0.018343940977323742,0.014966586178559555,0.016306084745591105
ABC.train.gold.bea19_014835,role,0.019892952801529907,0.021425353585610197,0.018343940977323742,0.014966586178559555,0.016306084745591105
C.train.gold.bea19_003516,fewshot,0.04654891740112821,0.042801804403731464,0.047920539234529685,0.0362989491635857,0.040599794924930516
C.train.gold.bea19_003516,instruction,0.04654891740112821,0.042801804403731464,0.047920539234529685,0.0362989491635857,0.040599794924930516
C.train.gold.bea19_003516,role,0.026549957425039638,0.027005844995793036,0.02571932816669639,0.01976240685954091,0.021866108646920058
A.train.gold.bea19_007497,fewshot,0.006078375286041242,0.00860575351422037,0.004302876757110221,0.004302876757110293,0.004094475318731684
A.train.gold.bea19_007497,instruction,0.006078375286041242,0.00860575351422037,0.004302876757110221,0.004302876757110293,0.004094475318731684
A.train.gold.bea19_007497,role,0.006078375286041242,0.00860575351422037,0.004302876757110221,0.004302876757110293,0.004094475318731684
B.train.gold.bea19_011486,fewshot,0.09042380713869841,0.07412598317234839,0.09660389120946483,0.06689853873418877,0.0790974223760796
B.train.gold.bea19_011486,instruction,0.075633660691584,0.06656473611565143,0.07772681250227013,0.05550459028004792,0.06397492826268568
B.train.gold.bea19_011486,role,0.075633660691584,0.06656473611565143,0.07772681250227013,0.05550459028004792,0.06397492826268568
B.train.gold.bea19_005893,fewshot,0.03416243031875648,0.03475671955506362,0.03242685671054201,0.026543878364828844,0.029075387459260943
B.train.gold.bea19_005893,instruction,0.03416243031875648,0.03475671955506362,0.03242685671054201,0.026543878364828844,0.029075387459260943
B.train.gold.bea19_005893,role,0.03416243031875648,0.03475671955506362,0.03242685671054201,0.026543878364828844,0.029075387459260943
ABC.train.gold.bea19_023748,fewshot,0.005884275907159255,0.008346954342377718,0.004173477171188895,0.004173477171188967,0.0038356761468890336
ABC.train.gold.bea19_023748,instruction,0.005884275907159255,0.008346954342377718,0.004173477171188895,0.004173477171188967,0.0038356761468890336
ABC.train.gold.bea19_023748,role,0.005884275907159255,0.008346954342377718,0.004173477171188895,0.004173477171188967,0.0038356761468890336
A.train.gold.bea19_004941,fewshot,0.007863278060087188,0.009795688696917666,0.006087779531156167,0.008467649896550834,0.0064743456841262785
A.train.gold.bea19_004941,instruction,0.007863278060087188,0.009795688696917666,0.006087779531156167,0.008467649896550834,0.0064743456841262785
A.train.gold.bea19_004941,role,0.007863278060087188,0.009795688696917666,0.006087779531156167,0.008467649896550834,0.0064743456841262785
B.train.gold.bea19_000066,fewshot,0.041511802700125694,0.05910841875551585,0.02955425938531693,0.029554359400434944,0.025273882296909446
B.train.gold.bea19_000066,instruction,0.03597690567495406,0.051227302922454934,0.025613701468786474,0.025613801483904488,0.021904044659337256
B.train.gold.bea19_000066,role,0.03597690567495406,0.051227302922454934,0.025613701468786474,0.025613801483904488,0.021904044659337256
B.train.gold.bea19_008351,fewshot,0.009531635210250479,0.013456417589224412,0.006732517851636553,0.0067411359656852484,0.0066938093530156785
B.train.gold.bea19_008351,instruction,0.009531635210250479,0.013456417589224412,0.006732517851636553,0.0067411359656852484,0.0066938093530156785
B.train.gold.bea19_008351,role,0.009531635210250479,0.013456417589224412,0.006732517851636553,0.0067411359656852484,0.0066938093530156785
A.train.gold.bea19_007923,fewshot,0.007437070938215155,0.01041734771711892,0.005208673858559496,0.005208673858559568,0.005906069521630235
A.train.gold.bea19_007923,instruction,0.007437070938215155,0.01041734771711892,0.005208673858559496,0.005208673858559568,0.005906069521630235
A.train.gold.bea19_007923,role,0.007437070938215155,0.01041734771711892,0.005208673858559496,0.005208673858559568,0.005906069521630235
ABC.train.gold.bea19_014155,fewshot,0.00919124791979492,0.012794710120225056,0.006609521865528823,0.007033855476361413,0.006239959632408269
ABC.train.gold.bea19_014155,instruction,0.00919124791979492,0.012794710120225056,0.006609521865528823,0.007033855476361413,0.006239959632408269
ABC.train.gold.bea19_014155,role,0.00919124791979492,0.012794710120225056,0.006609521865528823,0.007033855476361413,0.006239959632408269
ABC.train.gold.bea19_016254,fewshot,0.009047265421617363,0.01281381130217318,0.006407994610318017,0.00641017252878087,0.006047982968171524
ABC.train.gold.bea19_016254,instruction,0.009047265421617363,0.01281381130217318,0.006407994610318017,0.00641017252878087,0.006047982968171524
ABC.train.gold.bea19_016254,role,0.009047265421617363,0.01281381130217318,0.006407994610318017,0.00641017252878087,0.006047982968171524
ABC.train.gold.bea19_024221,fewshot,0.007437070938215102,0.010417347717118884,0.005208673858559442,0.005208673858559442,0.005906069521630163
ABC.train.gold.bea19_024221,instruction,0.007437070938215102,0.010417347717118884,0.005208673858559442,0.005208673858559442,0.005906069521630163
ABC.train.gold.bea19_024221,role,0.007437070938215102,0.010417347717118884,0.005208673858559442,0.005208673858559442,0.005906069521630163
B.train.gold.bea19_003470,fewshot,0.020071715726927192,0.02355113401082495,0.017798709397437006,0.014804337695560082,0.015287949616942482
B.train.gold.bea19_003470,instruction,0.02244979458049245,0.027315445488008377,0.01898171463037942,0.016370228915381903,0.016453708890367843
B.train.gold.bea19_003470,role,0.015493138912496011,0.021223387149030246,0.011983583429009285,0.011304235030749963,0.010632455893353078
C.train.gold.bea19_003639,fewshot,0.011799314805298482,0.01622406101981215,0.00812164236332398,0.00814086607015979,0.011722394677741334
C.train.gold.bea19_003639,instruction,0.011799314805298482,0.01622406101981215,0.00812164236332398,0.00814086607015979,0.011722394677741334
C.train.gold.bea19_003639,role,0.011799314805298482,0.01622406101981215,0.00812164236332398,0.00814086607015979,0.011722394677741334
C.train.gold.bea19_007337,fewshot,0.014412075338848846,0.020469233283878625,0.010234616641939349,0.010234616641939422,0.00919103779515686
C.train.gold.bea19_007337,instruction,0.014412075338848846,0.020469233283878625,0.010234616641939349,0.010234616641939422,0.00919103779515686
C.train.gold.bea19_007337,role,0.014412075338848846,0.020469233283878625,0.010234616641939349,0.010234616641939422,0.00919103779515686
B.train.gold.bea19_003074,fewshot,0.0,0.0,0.0,0.0,0.0
B.train.gold.bea19_003074,instruction,0.0,0.0,0.0,0.0,0.0
B.train.gold.bea19_003074,role,0.23070482794262287,0.22368444342954855,0.2032939540188906,0.36233318739583376,0.285551299412219
ABC.train.gold.bea19_016483,fewshot,0.06916227433895412,0.056029706068163834,0.07414348017669746,0.05161714576178506,0.0611565026887958
ABC.train.gold.bea19_016483,instruction,0.06916227433895412,0.056029706068163834,0.07414348017669746,0.05161714576178506,0.0611565026887958
ABC.train.gold.bea19_016483,role,0.06916227433895412,0.056029706068163834,0.07414348017669746,0.05161714576178506,0.0611565026887958
ABC.train.gold.bea19_005847,fewshot,0.07396077038468832,0.07856163941534665,0.06850371843183296,0.054089929531081236,0.05712239530578232
ABC.train.gold.bea19_005847,instruction,0.06674630511194536,0.06976839111970277,0.06252204013575503,0.04884133342717769,0.05203600915510844
ABC.train.gold.bea19_005847,role,0.06674630511194536,0.06976839111970277,0.06252204013575503,0.04884133342717769,0.05203600915510844
ABC.train.gold.bea19_019297,fewshot,0.008784064905346422,0.012463966239709983,0.006231983119855027,0.006231983119855099,0.005697048946476936
ABC.train.gold.bea19_019297,instruction,0.011967719632892906,0.01678904371456732,0.00856494391890438,0.008905788042145821,0.007936909385210595
ABC.train.gold.bea19_019297,role,0.008784064905346422,0.012463966239709983,0.006231983119855027,0.006231983119855099,0.005697048946476936
ABC.train.gold.bea19_008817,fewshot,0.01723874904652942,0.024488758127202095,0.012244379063601084,0.012244379063601157,0.01095492354073597
ABC.train.gold.bea19_008817,instruction,0.01723874904652942,0.024488758127202095,0.012244379063601084,0.012244379063601157,0.01095492354073597
ABC.train.gold.bea19_008817,role,0.01723874904652942,0.024488758127202095,0.012244379063601084,0.012244379063601157,0.01095492354073597
A.train.gold.bea19_001018,fewshot,0.006350114416476025,0.008968072354800079,0.004484036177400075,0.004484036177400147,0.004456794159311393
A.train.gold.bea19_001018,instruction,0.006350114416476025,0.008968072354800079,0.004484036177400075,0.004484036177400147,0.004456794159311393
A.train.gold.bea19_001018,role,0.006350114416476025,0.008968072354800079,0.004484036177400075,0.004484036177400147,0.004456794159311393
ABC.train.gold.bea19_017383,fewshot,0.006350114416476025,0.008968072354800079,0.004484036177400075,0.004484036177400147,0.004456794159311393
ABC.train.gold.bea19_017383,instruction,0.010386322596883851,0.014026209180313328,0.007587205238269928,0.008735406534496455,0.00783339253519351
ABC.train.gold.bea19_017383,role,0.006350114416476025,0.008968072354800079,0.004484036177400075,0.004484036177400147,0.004456794159311393
A.train.gold.bea19_001293,fewshot,0.01853302017070693,0.024356694022093128,0.015360118311310131,0.013850466265167661,0.01468563090430097
A.train.gold.bea19_001293,instruction,0.01853302017070693,0.024356694022093128,0.015360118311310131,0.013850466265167661,0.01468563090430097
A.train.gold.bea19_001293,role,0.01853302017070693,0.024356694022093128,0.015360118311310131,0.013850466265167661,0.01468563090430097
B.train.gold.bea19_008666,fewshot,0.012700228832951996,0.017936144709600123,0.008968072354800098,0.00896807235480017,0.008913588318622715
B.train.gold.bea19_008666,instruction,0.012700228832951996,0.017936144709600123,0.008968072354800098,0.00896807235480017,0.008913588318622715
B.train.gold.bea19_008666,role,0.012700228832951996,0.017936144709600123,0.008968072354800098,0.00896807235480017,0.008913588318622715
B.train.gold.bea19_011733,fewshot,0.017906992820233596,0.024735333828568965,0.013012082911189889,0.014300914905000702,0.011845915239008206
B.train.gold.bea19_011733,instruction,0.017907452216213007,0.024735640092555237,0.0130125423071693,0.014301986828952663,0.011846527766980754
B.train.gold.bea19_011733,role,0.017906992820233596,0.024735333828568965,0.013012082911189889,0.014300914905000702,0.011845915239008206
A.train.gold.bea19_004378,fewshot,0.006350114416476079,0.008968072354800113,0.004484036177400129,0.004484036177400273,0.004456794159311465
A.train.gold.bea19_004378,instruction,0.006350114416476079,0.008968072354800113,0.004484036177400129,0.004484036177400273,0.004456794159311465
A.train.gold.bea19_004378,role,0.006350114416476079,0.008968072354800113,0.004484036177400129,0.004484036177400273,0.004456794159311465
C.dev.gold.bea19_000490,fewshot,0.00961098398169347,0.013315898441756636,0.00665794922087839,0.006657949220878534,0.008804620246267988
C.dev.gold.bea19_000490,instruction,0.00961098398169347,0.013315898441756636,0.00665794922087839,0.006657949220878534,0.008804620246267988
C.dev.gold.bea19_000490,role,0.00961098398169347,0.013315898441756636,0.00665794922087839,0.006657949220878534,0.008804620246267988
ABC.train.gold.bea19_014715,fewshot,0.06689840928879746,0.05697032667063844,0.06986490653829303,0.04917611708217149,0.05735966282149917
ABC.train.gold.bea19_014715,instruction,0.02268306636155606,0.03224910101340307,0.016124550506701536,0.016124550506701536,0.014203988231448186
ABC.train.gold.bea19_014715,role,0.02268306636155606,0.03224910101340307,0.016124550506701536,0.016124550506701536,0.014203988231448186
A.train.gold.bea19_003743,fewshot,0.02800695296757499,0.027392016808937974,0.027394390465475912,0.020578713747216926,0.022969715213168533
A.train.gold.bea19_003743,instruction,0.02800695296757499,0.027392016808937974,0.027394390465475912,0.020578713747216926,0.022969715213168533
A.train.gold.bea19_003743,role,0.02800695296757499,0.027392016808937974,0.027394390465475912,0.020578713747216926,0.022969715213168533
ABC.train.gold.bea19_012547,fewshot,0.009378435256703684,0.012991965446280172,0.0067604773183796135,0.007289466508858669,0.0064895427482866185
ABC.train.gold.bea19_012547,instruction,0.009378435256703684,0.012991965446280172,0.0067604773183796135,0.007289466508858669,0.0064895427482866185
ABC.train.gold.bea19_012547,role,0.009378435256703684,0.012991965446280172,0.0067604773183796135,0.007289466508858669,0.0064895427482866185
ABCN.dev.gold.bea19_002315,fewshot,0.026032036613272365,0.03696502124877414,0.01848251062438711,0.018482510624387178,0.016664269369074933
ABCN.dev.gold.bea19_002315,instruction,0.026032036613272365,0.03696502124877414,0.01848251062438711,0.018482510624387178,0.016664269369074933
ABCN.dev.gold.bea19_002315,role,0.026032036613272365,0.03696502124877414,0.01848251062438711,0.018482510624387178,0.016664269369074933
C.train.gold.bea19_006437,fewshot,0.006266502376342246,0.008856589634621707,0.004428294817310889,0.004428294817310961,0.004345311439133022
C.train.gold.bea19_006437,instruction,0.006266502376342246,0.008856589634621707,0.004428294817310889,0.004428294817310961,0.004345311439133022
C.train.gold.bea19_006437,role,0.006266502376342246,0.008856589634621707,0.004428294817310889,0.004428294817310961,0.004345311439133022
ABC.train.gold.bea19_000578,fewshot,0.0182952654456627,0.0236951546253203,0.013815504168012003,0.016416918108093745,0.016373637135570315
ABC.train.gold.bea19_000578,instruction,0.007871853546910754,0.01099705786204642,0.00549852893102321,0.00549852893102321,0.0064857796665576985
ABC.train.gold.bea19_000578,role,0.007871853546910754,0.01099705786204642,0.00549852893102321,0.00549852893102321,0.0064857796665576985
ABCN.dev.gold.bea19_003325,fewshot,0.008524027459954286,0.01186662307943776,0.0059333115397189155,0.0059333115397189875,0.007355344883949075
ABCN.dev.gold.bea19_003325,instruction,0.008524027459954286,0.01186662307943776,0.0059333115397189155,0.0059333115397189875,0.007355344883949075
ABCN.dev.gold.bea19_003325,role,0.008524027459954286,0.01186662307943776,0.0059333115397189155,0.0059333115397189875,0.007355344883949075
B.train.gold.bea19_008655,fewshot,0.007437070938215155,0.01041734771711892,0.005208673858559496,0.005208673858559568,0.005906069521630235
B.train.gold.bea19_008655,instruction,0.007437070938215155,0.01041734771711892,0.005208673858559496,0.005208673858559568,0.005906069521630235
B.train.gold.bea19_008655,role,0.007437070938215155,0.01041734771711892,0.005208673858559496,0.005208673858559568,0.005906069521630235
ABC.train.gold.bea19_019249,fewshot,0.005746249682176454,0.00816291937573402,0.00408145968786701,0.00408145968786701,0.003651641180245299
ABC.train.gold.bea19_019249,instruction,0.005746249682176454,0.00816291937573402,0.00408145968786701,0.00408145968786701,0.003651641180245299
ABC.train.gold.bea19_019249,role,0.005746249682176454,0.00816291937573402,0.00408145968786701,0.00408145968786701,0.003651641180245299
ABC.train.gold.bea19_018666,fewshot,0.08021828343424262,0.07485294301522243,0.08015065089440945,0.06014279511970518,0.06716257122168383
ABC.train.gold.bea19_018666,instruction,0.08340060069847481,0.07914672446963979,0.08249747641925975,0.06288949023983877,0.06940064837599845
ABC.train.gold.bea19_018666,role,0.08021828343424262,0.07485294301522243,0.08015065089440945,0.06014279511970518,0.06716257122168383
ABC.train.gold.bea19_000490,fewshot,0.009610983981693416,0.013315898441756601,0.006657949220878336,0.006657949220878408,0.008804620246267915
ABC.train.gold.bea19_000490,instruction,0.009610983981693416,0.013315898441756601,0.006657949220878336,0.006657949220878408,0.008804620246267915
ABC.train.gold.bea19_000490,role,0.009610983981693416,0.013315898441756601,0.006657949220878336,0.006657949220878408,0.008804620246267915
ABC.train.gold.bea19_033377,fewshot,0.025463680195901083,0.03620667033021042,0.01810387752717393,0.018104962251311377,0.015906460812579893
ABC.train.gold.bea19_033377,instruction,0.025463680195901083,0.03620667033021042,0.01810387752717393,0.018104962251311377,0.015906460812579893
ABC.train.gold.bea19_033377,role,0.025463680195901083,0.03620667033021042,0.01810387752717393,0.018104962251311377,0.015906460812579893
B.train.gold.bea19_012527,fewshot,0.008524027459954286,0.01186662307943776,0.0059333115397189155,0.0059333115397189875,0.007355344883949075
B.train.gold.bea19_012527,instruction,0.008524027459954286,0.01186662307943776,0.0059333115397189155,0.0059333115397189875,0.007355344883949075
B.train.gold.bea19_012527,role,0.008524027459954286,0.01186662307943776,0.0059333115397189155,0.0059333115397189875,0.007355344883949075
ABC.train.gold.bea19_001510,fewshot,0.017225074211055808,0.019734322389916008,0.015011666937846087,0.013399955985157587,0.013476127254133717
ABC.train.gold.bea19_001510,instruction,0.017225074211055808,0.019734322389916008,0.015011666937846087,0.013399955985157587,0.013476127254133717
ABC.train.gold.bea19_001510,role,0.01240488114655777,0.01725615446456436,0.008914270562125678,0.009486657221812677,0.008519791403430416
A.train.gold.bea19_000498,fewshot,0.01708876324648036,0.021344926106058645,0.014562928025733486,0.015104522215517644,0.01476496753666053
A.train.gold.bea19_000498,instruction,0.0067124332570557355,0.009451164142239694,0.004725582071119882,0.004725582071119954,0.004939885946751007
A.train.gold.bea19_000498,role,0.013118561594061204,0.01621002068567794,0.011586151966282258,0.011309099457544661,0.011476377864763312
ABC.train.gold.bea19_023089,fewshot,0.10586924898130655,0.06466420942388779,0.1253739617176194,0.07988871427203145,0.10236971774719805
ABC.train.gold.bea19_023089,instruction,0.10586924898130655,0.06466420942388779,0.1253739617176194,0.07988871427203145,0.10236971774719805
ABC.train.gold.bea19_023089,role,0.10586924898130655,0.06466420942388779,0.1253739617176194,0.07988871427203145,0.10236971774719805
ABC.train.gold.bea19_023173,fewshot,0.008611011441465654,0.012150968805291446,0.00615774388522327,0.0063222628503783644,0.005466310994635911
ABC.train.gold.bea19_023173,instruction,0.008611011441465654,0.012150968805291446,0.00615774388522327,0.0063222628503783644,0.005466310994635911
ABC.train.gold.bea19_023173,role,0.008611011441465654,0.012150968805291446,0.00615774388522327,0.0063222628503783644,0.005466310994635911
ABC.train.gold.bea19_006662,fewshot,0.009201738476923385,0.01301909512932519,0.006511316770483374,0.006514855182124929,0.0062539470419128865
ABC.train.gold.bea19_006662,instruction,0.012822202847217284,0.017727605646646546,0.009234973905297268,0.00997731606924526,0.009076220337643099
ABC.train.gold.bea19_006662,role,0.009201738476923385,0.01301909512932519,0.006511316770483374,0.006514855182124929,0.0062539470419128865
C.train.gold.bea19_009919,fewshot,0.006567505720823798,0.009257927427263812,0.004628963713631906,0.004628963713631906,0.00474664923177509
C.train.gold.bea19_009919,instruction,0.006567505720823798,0.009257927427263812,0.004628963713631906,0.004628963713631906,0.00474664923177509
C.train.gold.bea19_009919,role,0.006567505720823798,0.009257927427263812,0.004628963713631906,0.004628963713631906,0.00474664923177509
B.train.gold.bea19_000232,fewshot,0.016883464507449028,0.01470993089861318,0.020135312047611986,0.022054180641370283,0.020506273478603718
B.train.gold.bea19_000232,instruction,0.00505627787833665,0.0068251398125382615,0.0035797604979291102,0.003914141681249069,0.004736691306453881
B.train.gold.bea19_000232,role,0.00505627787833665,0.0068251398125382615,0.0035797604979291102,0.003914141681249069,0.004736691306453881
ABC.train.gold.bea19_023003,fewshot,0.11703701310479969,0.07727715442684588,0.13565832208181444,0.08723199919897008,0.11001426308710138
ABC.train.gold.bea19_023003,instruction,0.06772124079273012,0.04988771397732625,0.07542339430174519,0.05020661475321651,0.061598245869003594
ABC.train.gold.bea19_023003,role,0.06772124079273012,0.04988771397732625,0.07542339430174519,0.05020661475321651,0.061598245869003594
ABC.train.gold.bea19_014777,fewshot,0.035048274905544595,0.049108696432651665,0.025814059359793,0.025184203788059505,0.022670882831452948
ABC.train.gold.bea19_014777,instruction,0.032206592355952,0.045068976413843664,0.023794382736657505,0.023164893937461024,0.020886985296657813
ABC.train.gold.bea19_014777,role,0.032206592355952,0.045068976413843664,0.023794382736657505,0.023164893937461024,0.020886985296657813
A.train.gold.bea19_004512,fewshot,0.015389703697059333,0.018448753102169445,0.013626195139478502,0.014534397006752763,0.014504567335427484
A.train.gold.bea19_004512,instruction,0.011155606407322707,0.01562602157567836,0.007813010787839216,0.007813010787839289,0.008859104282445315
A.train.gold.bea19_004512,role,0.011671168227951782,0.013240079243610004,0.011021858210198781,0.011930060077473043,0.011551532574612403
ABC.train.gold.bea19_032719,fewshot,0.050095381411029816,0.04348873965277714,0.05194064474424797,0.03852091871222144,0.04313308571287697
ABC.train.gold.bea19_032719,instruction,0.050095381411029816,0.04348873965277714,0.05194064474424797,0.03852091871222144,0.04313308571287697
ABC.train.gold.bea19_032719,role,0.050095381411029816,0.04348873965277714,0.05194064474424797,0.03852091871222144,0.04313308571287697
A.train.gold.bea19_003599,fewshot,0.14320516188065555,0.09576097816554066,0.16530500848289442,0.10761324155531811,0.13437658454040063
A.train.gold.bea19_003599,instruction,0.016079688962003,0.02158097569931473,0.011902230265093504,0.014125715095965781,0.011414522626029067
A.train.gold.bea19_003599,role,0.05871437135823086,0.04819472436614559,0.0621631124542185,0.04565485048435918,0.05194304845065063
B.train.gold.bea19_001397,fewshot,0.007437070938215209,0.010417347717118955,0.0052086738585595494,0.005208673858559693,0.0059060695216303066
B.train.gold.bea19_001397,instruction,0.007437070938215209,0.010417347717118955,0.0052086738585595494,0.005208673858559693,0.0059060695216303066
B.train.gold.bea19_001397,role,0.007437070938215209,0.010417347717118955,0.0052086738585595494,0.005208673858559693,0.0059060695216303066
A.train.gold.bea19_001047,fewshot,0.016898180534915284,0.020866531483240993,0.013100147903930708,0.018433912228551126,0.014510857254573763
A.train.gold.bea19_001047,instruction,0.016898180534915284,0.020866531483240993,0.013100147903930708,0.018433912228551126,0.014510857254573763
A.train.gold.bea19_001047,role,0.016898180534915284,0.020866531483240993,0.013100147903930708,0.018433912228551126,0.014510857254573763
ABC.train.gold.bea19_025090,fewshot,0.018398169336384492,0.02603465184700886,0.013017325923504467,0.01301732592350454,0.012500817260542732
ABC.train.gold.bea19_025090,instruction,0.018398169336384492,0.02603465184700886,0.013017325923504467,0.01301732592350454,0.012500817260542732
ABC.train.gold.bea19_025090,role,0.018398169336384492,0.02603465184700886,0.013017325923504467,0.01301732592350454,0.012500817260542732
A.train.gold.bea19_005448,fewshot,0.087364063130945,0.08009687652931678,0.08839028487545858,0.06653552011154597,0.07315208417459332
A.train.gold.bea19_005448,instruction,0.05487148733201807,0.05603041526172575,0.05243476927698975,0.04143889755016253,0.043670947828848464
A.train.gold.bea19_005448,role,0.04579459697835894,0.043660780728226885,0.045765186372945556,0.03379978337152882,0.03758346495128792
A.train.gold.bea19_009943,fewshot,0.12246344032901461,0.08118462764878626,0.1411893485418953,0.09200330483011639,0.11591616605272126
A.train.gold.bea19_009943,instruction,0.11914894605863664,0.07665939326432811,0.13878201347387104,0.08930653401050176,0.1135018528902123
A.train.gold.bea19_009943,role,0.11914894605863664,0.07665939326432811,0.13878201347387104,0.08930653401050176,0.1135018528902123
ABCN.dev.gold.bea19_001538,fewshot,0.07404503555828185,0.06350532531954299,0.07747092409296244,0.05488033783094851,0.06386177394961116
ABCN.dev.gold.bea19_001538,instruction,0.11277590005910282,0.0853961831375771,0.12408507693633689,0.08364636510540578,0.1013286019167319
ABCN.dev.gold.bea19_001538,role,0.11277590005910282,0.0853961831375771,0.12408507693633689,0.08364636510540578,0.1013286019167319
N.dev.gold.bea19_000905,fewshot,0.011975591151792576,0.016969961134720893,0.008484980567360483,0.008484980567360556,0.007947404743743489
N.dev.gold.bea19_000905,instruction,0.011975591151792576,0.016969961134720893,0.008484980567360483,0.008484980567360556,0.007947404743743489
N.dev.gold.bea19_000905,role,0.011975591151792576,0.016969961134720893,0.008484980567360483,0.008484980567360556,0.007947404743743489
A.train.gold.bea19_009914,fewshot,0.006078375286041242,0.00860575351422037,0.004302876757110221,0.004302876757110293,0.004094475318731684
A.train.gold.bea19_009914,instruction,0.006078375286041242,0.00860575351422037,0.004302876757110221,0.004302876757110293,0.004094475318731684
A.train.gold.bea19_009914,role,0.006078375286041242,0.00860575351422037,0.004302876757110221,0.004302876757110293,0.004094475318731684
ABC.train.gold.bea19_011592,fewshot,0.01505710367301924,0.021098328459358363,0.010780106833093338,0.01124199203992165,0.010051075574050715
ABC.train.gold.bea19_011592,instruction,0.01505710367301924,0.021098328459358363,0.010780106833093338,0.01124199203992165,0.010051075574050715
ABC.train.gold.bea19_011592,role,0.01505710367301924,0.021098328459358363,0.010780106833093338,0.01124199203992165,0.010051075574050715
ABC.train.gold.bea19_020427,fewshot,0.01139588100686504,0.01619701427481751,0.008098507137408792,0.008098507137408865,0.0071744578838401065
ABC.train.gold.bea19_020427,instruction,0.01139588100686504,0.01619701427481751,0.008098507137408792,0.008098507137408865,0.0071744578838401065
ABC.train.gold.bea19_020427,role,0.01139588100686504,0.01619701427481751,0.008098507137408792,0.008098507137408865,0.0071744578838401065
C.train.gold.bea19_004821,fewshot,0.01697524443519872,0.024137418645427833,0.012068709322713953,0.012068709322714026,0.010603584058961705
C.train.gold.bea19_004821,instruction,0.01697524443519872,0.024137418645427833,0.012068709322713953,0.012068709322714026,0.010603584058961705
C.train.gold.bea19_004821,role,0.014276504796658351,0.02020149404940725,0.010187725536254378,0.01036168255935588,0.009010277072236198
B.train.gold.bea19_012043,fewshot,0.009487574084689119,0.013107350410887685,0.0068483032733897735,0.007437559409281635,0.006635061185600533
B.train.gold.bea19_012043,instruction,0.009487574084689119,0.013107350410887685,0.0068483032733897735,0.007437559409281635,0.006635061185600533
B.train.gold.bea19_012043,role,0.009487574084689119,0.013107350410887685,0.0068483032733897735,0.007437559409281635,0.006635061185600533
ABC.train.gold.bea19_014492,fewshot,0.03698907054908923,0.047759270559771194,0.029737792839710776,0.02825072668035092,0.02616472178860637
ABC.train.gold.bea19_014492,instruction,0.03698907054908923,0.047759270559771194,0.029737792839710776,0.02825072668035092,0.02616472178860637
ABC.train.gold.bea19_014492,role,0.03698907054908923,0.047759270559771194,0.029737792839710776,0.02825072668035092,0.02616472178860637
A.train.gold.bea19_002358,fewshot,0.03190091005312699,0.029658723007340567,0.03189808200473527,0.023558925534974122,0.026953928525305527
A.train.gold.bea19_002358,instruction,0.013569550861349863,0.017981749173993512,0.010979165565652734,0.010581750497037135,0.010072684356486538
A.train.gold.bea19_002358,role,0.010238867630611251,0.013527448203561037,0.008514778510134782,0.007642890300915754,0.007636785913496707
ABC.train.gold.bea19_031653,fewshot,0.025578269625968778,0.03635956462236231,0.018180216287854913,0.018181084241202426,0.016059246719336822
ABC.train.gold.bea19_031653,instruction,0.02273566103196279,0.03231922724061205,0.016159613620306025,0.016159613620306025,0.014274114458657162
ABC.train.gold.bea19_031653,role,0.02273566103196279,0.03231922724061205,0.016159613620306025,0.016159613620306025,0.014274114458657162
A.train.gold.bea19_007158,fewshot,0.006266502376342192,0.008856589634621671,0.0044282948173108355,0.0044282948173108355,0.00434531143913295
A.train.gold.bea19_007158,instruction,0.006266502376342192,0.008856589634621671,0.0044282948173108355,0.0044282948173108355,0.00434531143913295
A.train.gold.bea19_007158,role,0.006266502376342192,0.008856589634621671,0.0044282948173108355,0.0044282948173108355,0.00434531143913295
A.dev.gold.bea19_000254,fewshot,0.027473678008345267,0.038534811164329996,0.019619804193373058,0.02032460141578918,0.018586457895838807
A.dev.gold.bea19_000254,instruction,0.027473678008345267,0.038534811164329996,0.019619804193373058,0.02032460141578918,0.018586457895838807
A.dev.gold.bea19_000254,role,0.027473678008345267,0.038534811164329996,0.019619804193373058,0.02032460141578918,0.018586457895838807
ABC.train.gold.bea19_024670,fewshot,0.017146644752241195,0.02343244374311597,0.012403552096079214,0.01375597188227797,0.012837130346346655
ABC.train.gold.bea19_024670,instruction,0.017146644752241195,0.02343244374311597,0.012403552096079214,0.01375597188227797,0.012837130346346655
ABC.train.gold.bea19_024670,role,0.017146644752241195,0.02343244374311597,0.012403552096079214,0.01375597188227797,0.012837130346346655
ABC.train.gold.bea19_027078,fewshot,0.018047669603868513,0.023729083195229532,0.01460179078746535,0.01432808876129037,0.014038496815183082
ABC.train.gold.bea19_027078,instruction,0.018047669603868513,0.023729083195229532,0.01460179078746535,0.01432808876129037,0.014038496815183082
ABC.train.gold.bea19_027078,role,0.018047669603868513,0.023729083195229532,0.01460179078746535,0.01432808876129037,0.014038496815183082
A.train.gold.bea19_004187,fewshot,0.006194834913370435,0.00876103301732596,0.0043805165086630155,0.0043805165086630874,0.004249754821837273
A.train.gold.bea19_004187,instruction,0.006194834913370435,0.00876103301732596,0.0043805165086630155,0.0043805165086630874,0.004249754821837273
A.train.gold.bea19_004187,role,0.006194834913370435,0.00876103301732596,0.0043805165086630155,0.0043805165086630874,0.004249754821837273
C.train.gold.bea19_001346,fewshot,0.006194834913370381,0.008761033017325923,0.004380516508662962,0.004380516508662962,0.004249754821837201
C.train.gold.bea19_001346,instruction,0.006194834913370381,0.008761033017325923,0.004380516508662962,0.004380516508662962,0.004249754821837201
C.train.gold.bea19_001346,role,0.006194834913370381,0.008761033017325923,0.004380516508662962,0.004380516508662962,0.004249754821837201
ABC.train.gold.bea19_012238,fewshot,0.014566394857597878,0.020541145540772878,0.010404419871824267,0.010672114074699922,0.009396797153488902
ABC.train.gold.bea19_012238,instruction,0.01723874904652942,0.024488758127202095,0.012244379063601084,0.012244379063601157,0.01095492354073597
ABC.train.gold.bea19_012238,role,0.014566394857597878,0.020541145540772878,0.010404419871824267,0.010672114074699922,0.009396797153488902
ABC.train.gold.bea19_015559,fewshot,0.03066751678189514,0.03386290750293047,0.0278039731030317,0.02242725257087549,0.023521601323228586
ABC.train.gold.bea19_015559,instruction,0.03724056893900663,0.04255481741195729,0.032723340824165684,0.028493445825250624,0.028275645803387258
ABC.train.gold.bea19_015559,role,0.030681585485127644,0.03387228663841881,0.027818041806264203,0.022460079545084666,0.023540359594205258
A.train.gold.bea19_007124,fewshot,0.039586144743722504,0.02708815882555241,0.04473000135796897,0.03452629106455828,0.03924769173849721
A.train.gold.bea19_007124,instruction,0.20624188940603713,0.1068909098165125,0.25565701864188933,0.1574335072307553,0.2063175066767212
A.train.gold.bea19_007124,role,0.20624188940603713,0.1068909098165125,0.25565701864188933,0.1574335072307553,0.2063175066767212
C.train.gold.bea19_000820,fewshot,0.03539590184234151,0.03596514410716414,0.030214470001870764,0.05467826589844815,0.0391744856644754
C.train.gold.bea19_000820,instruction,0.03539590184234151,0.03596514410716414,0.030214470001870764,0.05467826589844815,0.0391744856644754
C.train.gold.bea19_000820,role,0.03539590184234151,0.03596514410716414,0.030214470001870764,0.05467826589844815,0.0391744856644754
A.train.gold.bea19_002766,fewshot,0.11848953700457132,0.0778943331247984,0.13741836560564824,0.08819180111274291,0.11134226596795624
A.train.gold.bea19_002766,instruction,0.12425436714011083,0.08608202643834985,0.14151221226242397,0.09228564776951863,0.11501868108601895
A.train.gold.bea19_002766,role,0.12425436714011083,0.08608202643834985,0.14151221226242397,0.09228564776951863,0.11501868108601895
ABC.train.gold.bea19_032502,fewshot,0.006194834913370435,0.00876103301732596,0.0043805165086630155,0.0043805165086630874,0.004249754821837273
ABC.train.gold.bea19_032502,instruction,0.009936079272560005,0.013570767460991838,0.007214601665498874,0.008073037535504785,0.007233068102761713
ABC.train.gold.bea19_032502,role,0.009936079272560005,0.013570767460991838,0.007214601665498874,0.008073037535504785,0.007233068102761713
ABC.train.gold.bea19_012764,fewshot,0.14112917105391937,0.11895395840689622,0.148506096506917,0.10402591664228437,0.12061824995890819
ABC.train.gold.bea19_012764,instruction,0.09055002848765203,0.08854939539720852,0.08817234682631017,0.0662387690709183,0.07215540466109957
ABC.train.gold.bea19_012764,role,0.09738839718812264,0.09448315192076041,0.09517647938253584,0.07121241504635917,0.07784977734741996
B.train.gold.bea19_012037,fewshot,0.01749079693562835,0.024824821979334,0.012412410989667036,0.01241241098966711,0.011290987392867874
B.train.gold.bea19_012037,instruction,0.01749079693562835,0.024824821979334,0.012412410989667036,0.01241241098966711,0.011290987392867874
B.train.gold.bea19_012037,role,0.01749079693562835,0.024824821979334,0.012412410989667036,0.01241241098966711,0.011290987392867874
ABC.train.gold.bea19_000093,fewshot,0.007871853546910754,0.01099705786204642,0.00549852893102321,0.00549852893102321,0.0064857796665576985
ABC.train.gold.bea19_000093,instruction,0.013734593164546895,0.01778012868919014,0.01017460624071558,0.012743690032956598,0.012297753292077569
ABC.train.gold.bea19_000093,role,0.013734593164546895,0.01778012868919014,0.01017460624071558,0.012743690032956598,0.012297753292077569
ABC.train.gold.bea19_000921,fewshot,0.017568129810692792,0.024927932479419927,0.01246396623971,0.012463966239710073,0.0113940978929538
ABC.train.gold.bea19_000921,instruction,0.017568129810692792,0.024927932479419927,0.01246396623971,0.012463966239710073,0.0113940978929538
ABC.train.gold.bea19_000921,role,0.017568129810692792,0.024927932479419927,0.01246396623971,0.012463966239710073,0.0113940978929538
ABC.train.gold.bea19_024808,fewshot,0.017652827721477603,0.02504086302713305,0.012520431513566525,0.012520431513566525,0.011507028440666886
ABC.train.gold.bea19_024808,instruction,0.017652827721477603,0.02504086302713305,0.012520431513566525,0.012520431513566525,0.011507028440666886
ABC.train.gold.bea19_024808,role,0.017652827721477603,0.02504086302713305,0.012520431513566525,0.012520431513566525,0.011507028440666886
B.train.gold.bea19_010779,fewshot,0.023661327231121333,0.03355344883949006,0.01677672441974507,0.016776724419745138,0.015508336057535214
B.train.gold.bea19_010779,instruction,0.023661327231121333,0.03355344883949006,0.01677672441974507,0.016776724419745138,0.015508336057535214
B.train.gold.bea19_010779,role,0.023661327231121333,0.03355344883949006,0.01677672441974507,0.016776724419745138,0.015508336057535214
ABC.train.gold.bea19_002786,fewshot,0.03493503678349851,0.0407135239824451,0.029906010126525013,0.025464438536842233,0.027509645763735133
ABC.train.gold.bea19_002786,instruction,0.03493503678349851,0.0407135239824451,0.029906010126525013,0.025464438536842233,0.027509645763735133
ABC.train.gold.bea19_002786,role,0.03493503678349851,0.0407135239824451,0.029906010126525013,0.025464438536842233,0.027509645763735133
A.train.gold.bea19_000185,fewshot,0.0177986443034682,0.022059726037770344,0.014683393597369181,0.017094331691174237,0.01571147561264432
A.train.gold.bea19_000185,instruction,0.0177986443034682,0.022059726037770344,0.014683393597369181,0.017094331691174237,0.01571147561264432
A.train.gold.bea19_000185,role,0.0177986443034682,0.022059726037770344,0.014683393597369181,0.017094331691174237,0.01571147561264432
A.train.gold.bea19_009684,fewshot,0.018160183614807004,0.022611311251540728,0.015930516426687535,0.015079799859933227,0.01619352802776273
A.train.gold.bea19_009684,instruction,0.018160183614807004,0.022611311251540728,0.015930516426687535,0.015079799859933227,0.01619352802776273
A.train.gold.bea19_009684,role,0.018160183614807004,0.022611311251540728,0.015930516426687535,0.015079799859933227,0.01619352802776273
ABC.train.gold.bea19_024205,fewshot,0.06494561041829788,0.06358220673486033,0.06350673544952319,0.047663484842240034,0.052375266689727175
ABC.train.gold.bea19_024205,instruction,0.06494561041829788,0.06358220673486033,0.06350673544952319,0.047663484842240034,0.052375266689727175
ABC.train.gold.bea19_024205,role,0.059357960524666374,0.05562969043876817,0.05953154060656183,0.04369041660944808,0.04893509189420846
ABC.train.gold.bea19_013781,fewshot,0.013818731586690242,0.016314481840184258,0.013881987536060438,0.011019614228076463,0.012409937854935365
ABC.train.gold.bea19_013781,instruction,0.013818731586690242,0.016314481840184258,0.013881987536060438,0.011019614228076463,0.012409937854935365
ABC.train.gold.bea19_013781,role,0.013818731586690242,0.016314481840184258,0.013881987536060438,0.011019614228076463,0.012409937854935365
C.train.gold.bea19_008368,fewshot,0.055817117825481474,0.051295185605333526,0.05635994412122342,0.041228403023865476,0.046395536297296695
C.train.gold.bea19_008368,instruction,0.055817117825481474,0.051295185605333526,0.05635994412122342,0.041228403023865476,0.046395536297296695
C.train.gold.bea19_008368,role,0.055817117825481474,0.051295185605333526,0.05635994412122342,0.041228403023865476,0.046395536297296695
ABC.train.gold.bea19_013311,fewshot,0.011147507510655304,0.014378386286388704,0.009637290618466415,0.008477181994649334,0.008848305753555446
ABC.train.gold.bea19_013311,instruction,0.021116033744863743,0.02224074088116609,0.020432208145566323,0.01609006926318769,0.017936859336702884
ABC.train.gold.bea19_013311,role,0.01622228833058381,0.016662672400773293,0.015320879841258727,0.011957863292564543,0.013416877982324627
C.train.gold.bea19_001538,fewshot,0.011492499364352963,0.016325838751468078,0.008162919375734075,0.008162919375734148,0.007303282360490671
C.train.gold.bea19_001538,instruction,0.011492499364352963,0.016325838751468078,0.008162919375734075,0.008162919375734148,0.007303282360490671
C.train.gold.bea19_001538,role,0.011492499364352963,0.016325838751468078,0.008162919375734075,0.008162919375734148,0.007303282360490671
ABC.train.gold.bea19_004645,fewshot,0.025628391925559,0.023922780292224752,0.025591272394466992,0.01889737815758191,0.021739374402883063
ABC.train.gold.bea19_004645,instruction,0.028987412757521126,0.02842289452056448,0.02807053628932933,0.021835055613829212,0.024213056314170915
ABC.train.gold.bea19_004645,role,0.025628391925559,0.023922780292224752,0.025591272394466992,0.01889737815758191,0.021739374402883063
ABC.train.gold.bea19_027125,fewshot,0.006266502376342192,0.008856589634621671,0.0044282948173108355,0.0044282948173108355,0.00434531143913295
ABC.train.gold.bea19_027125,instruction,0.010114298080552283,0.01376124746262517,0.007356986742005249,0.008309712763390577,0.007470693180084752
ABC.train.gold.bea19_027125,role,0.006266502376342192,0.008856589634621671,0.0044282948173108355,0.0044282948173108355,0.00434531143913295
ABC.train.gold.bea19_027099,fewshot,0.09513075909322567,0.06139100776397535,0.11073197440772672,0.07080491545920498,0.09014928280099264
ABC.train.gold.bea19_027099,instruction,0.0988071584198064,0.06610270765539415,0.11389908269543274,0.07374221093977892,0.09304613603843861
ABC.train.gold.bea19_027099,role,0.0988071584198064,0.06610270765539415,0.11389908269543274,0.07374221093977892,0.09304613603843861
C.train.gold.bea19_002445,fewshot,0.01792528184693528,0.025222499110771502,0.012792885639024202,0.013156157806301107,0.01187030060794379
C.train.gold.bea19_002445,instruction,0.02165573510918022,0.02992151982107057,0.01566793953328396,0.017082298778781316,0.014839225759608719
C.train.gold.bea19_002445,role,0.01792528184693528,0.025222499110771502,0.012792885639024202,0.013156157806301107,0.01187030060794379
ABC.train.gold.bea19_033083,fewshot,0.007871853546910754,0.01099705786204642,0.00549852893102321,0.00549852893102321,0.0064857796665576985
ABC.train.gold.bea19_033083,instruction,0.007871853546910754,0.01099705786204642,0.00549852893102321,0.00549852893102321,0.0064857796665576985
ABC.train.gold.bea19_033083,role,0.007871853546910754,0.01099705786204642,0.00549852893102321,0.00549852893102321,0.0064857796665576985
ABC.train.gold.bea19_032486,fewshot,0.017238749046529365,0.02448875812720206,0.01224437906360103,0.01224437906360103,0.010954923540735899
ABC.train.gold.bea19_032486,instruction,0.017238749046529365,0.02448875812720206,0.01224437906360103,0.01224437906360103,0.010954923540735899
ABC.train.gold.bea19_032486,role,0.017238749046529365,0.02448875812720206,0.01224437906360103,0.01224437906360103,0.010954923540735899
C.train.gold.bea19_010088,fewshot,0.0225885277954182,0.030996280162620526,0.016546000413544048,0.017783133731089484,0.01608294934125936
C.train.gold.bea19_010088,instruction,0.0225885277954182,0.030996280162620526,0.016546000413544048,0.017783133731089484,0.01608294934125936
C.train.gold.bea19_010088,role,0.0225885277954182,0.030996280162620526,0.016546000413544048,0.017783133731089484,0.01608294934125936
A.train.gold.bea19_003573,fewshot,0.11548708728342602,0.07190258254331484,0.13595129127165745,0.08595129127165753,0.11062438705459308
A.train.gold.bea19_003573,instruction,0.11548708728342602,0.07190258254331484,0.13595129127165745,0.08595129127165753,0.11062438705459308
A.train.gold.bea19_003573,role,0.11548708728342602,0.07190258254331484,0.13595129127165745,0.08595129127165753,0.11062438705459308
A.train.gold.bea19_008872,fewshot,0.008524027459954286,0.01186662307943776,0.0059333115397189155,0.0059333115397189875,0.007355344883949075
A.train.gold.bea19_008872,instruction,0.008524027459954286,0.01186662307943776,0.0059333115397189155,0.0059333115397189875,0.007355344883949075
A.train.gold.bea19_008872,role,0.008524027459954286,0.01186662307943776,0.0059333115397189155,0.0059333115397189875,0.007355344883949075
ABC.train.gold.bea19_001051,fewshot,0.06876049574869007,0.053092809522772795,0.07522536583723292,0.05089966981165793,0.06164557327895518
ABC.train.gold.bea19_001051,instruction,0.06876049574869007,0.053092809522772795,0.07522536583723292,0.05089966981165793,0.06164557327895518
ABC.train.gold.bea19_001051,role,0.06586804723610426,0.04898558493957567,0.07317175354563436,0.04884605752005937,0.05979398779350242
ABC.train.gold.bea19_014362,fewshot,0.006266502376342246,0.008856589634621707,0.004428294817310889,0.004428294817310961,0.004345311439133022
ABC.train.gold.bea19_014362,instruction,0.010153215347620781,0.013787192307337501,0.007395904009073747,0.00840051971988374,0.007522582869509416
ABC.train.gold.bea19_014362,role,0.006266502376342246,0.008856589634621707,0.004428294817310889,0.004428294817310961,0.004345311439133022
A.train.gold.bea19_003088,fewshot,0.011749186099096778,0.012011716307537766,0.009910349878109528,0.017719333326790817,0.013660568934134053
A.train.gold.bea19_003088,instruction,0.011749186099096778,0.012011716307537766,0.009910349878109528,0.017719333326790817,0.013660568934134053
A.train.gold.bea19_003088,role,0.011749186099096778,0.012011716307537766,0.009910349878109528,0.017719333326790817,0.013660568934134053
C.train.gold.bea19_008643,fewshot,0.02715226105600356,0.03844841043395385,0.019234448622105518,0.0192549354323627,0.0181579019593832
C.train.gold.bea19_008643,instruction,0.027143291383303278,0.038442430652153664,0.019225478949405236,0.019234006196062043,0.01814594239578282
C.train.gold.bea19_008643,role,0.027143291383303278,0.038442430652153664,0.019225478949405236,0.019234006196062043,0.01814594239578282
C.train.gold.bea19_008035,fewshot,0.02529726959376679,0.03002913708475963,0.025423198753231145,0.020218883647805483,0.021699617603719135
C.train.gold.bea19_008035,instruction,0.02529726959376679,0.03002913708475963,0.025423198753231145,0.020218883647805483,0.021699617603719135
C.train.gold.bea19_008035,role,0.02529726959376679,0.03002913708475963,0.025423198753231145,0.020218883647805483,0.021699617603719135
C.train.gold.bea19_006575,fewshot,0.005987795575896315,0.008484980567360466,0.004242490283680268,0.00424249028368034,0.003973702371871781
C.train.gold.bea19_006575,instruction,0.005987795575896315,0.008484980567360466,0.004242490283680268,0.00424249028368034,0.003973702371871781
C.train.gold.bea19_006575,role,0.005987795575896315,0.008484980567360466,0.004242490283680268,0.00424249028368034,0.003973702371871781
C.train.gold.bea19_002752,fewshot,0.009610983981693362,0.013315898441756565,0.0066579492208782825,0.0066579492208782825,0.008804620246267844
C.train.gold.bea19_002752,instruction,0.009610983981693362,0.013315898441756565,0.0066579492208782825,0.0066579492208782825,0.008804620246267844
C.train.gold.bea19_002752,role,0.009610983981693362,0.013315898441756565,0.0066579492208782825,0.0066579492208782825,0.008804620246267844
B.train.gold.bea19_011879,fewshot,0.018039062558563145,0.016204967280515344,0.024073420984245492,0.016649322438873147,0.022047070880089215
B.train.gold.bea19_011879,instruction,0.018039062558563145,0.016204967280515344,0.024073420984245492,0.016649322438873147,0.022047070880089215
B.train.gold.bea19_011879,role,0.018039062558563145,0.016204967280515344,0.024073420984245492,0.016649322438873147,0.022047070880089215
ABC.train.gold.bea19_021927,fewshot,0.11815800397155611,0.08288129762427594,0.1337666127282458,0.08804712149097181,0.1088322258467866
ABC.train.gold.bea19_021927,instruction,0.07109545054528973,0.05667930330566444,0.07645929493888241,0.05269858151098275,0.06275383380975974
ABC.train.gold.bea19_021927,role,0.11815800397155611,0.08288129762427594,0.1337666127282458,0.08804712149097181,0.1088322258467866
B.train.gold.bea19_001043,fewshot,0.030615889157858123,0.04357796519690117,0.02178909517593669,0.0217893203309089,0.018766047699199307
B.train.gold.bea19_001043,instruction,0.030615889157858123,0.04357796519690117,0.02178909517593669,0.0217893203309089,0.018766047699199307
B.train.gold.bea19_001043,role,0.030615889157858123,0.04357796519690117,0.02178909517593669,0.0217893203309089,0.018766047699199307
ABC.train.gold.bea19_001428,fewshot,0.03754689854614743,0.044279277030111155,0.03664687975406825,0.029696434943715478,0.031292780931748955
ABC.train.gold.bea19_001428,instruction,0.0211001244480733,0.02931922865569494,0.015228270901162544,0.016365584047792696,0.014098411544799488
ABC.train.gold.bea19_001428,role,0.020462769580541045,0.028894325410673435,0.01459091603363029,0.014878422690217438,0.013248605054756482
C.train.gold.bea19_001313,fewshot,0.06627606941191497,0.06417039321613258,0.06493758457089589,0.04862499872776433,0.053551639652271714
C.train.gold.bea19_001313,instruction,0.030836942277970545,0.0438087515371716,0.0219684394992847,0.022096566960682504,0.019060785192682537
C.train.gold.bea19_001313,role,0.030836942277970545,0.0438087515371716,0.0219684394992847,0.022096566960682504,0.019060785192682537
ABC.train.gold.bea19_018089,fewshot,0.006084531817773449,0.008609857868708506,0.004309033288842427,0.004317241997818774,0.004102684027707959
ABC.train.gold.bea19_018089,instruction,0.006084531817773449,0.008609857868708506,0.004309033288842427,0.004317241997818774,0.004102684027707959
ABC.train.gold.bea19_018089,role,0.006084531817773449,0.008609857868708506,0.004309033288842427,0.004317241997818774,0.004102684027707959
C.train.gold.bea19_007725,fewshot,0.009682290972211866,0.013655668993114349,0.006833766498973435,0.006845630503805956,0.006894683702297528
C.train.gold.bea19_007725,instruction,0.009682290972211866,0.013655668993114349,0.006833766498973435,0.006845630503805956,0.006894683702297528
C.train.gold.bea19_007725,role,0.009682290972211866,0.013655668993114349,0.006833766498973435,0.006845630503805956,0.006894683702297528
ABC.train.gold.bea19_017950,fewshot,0.011768551814318457,0.0166939086847554,0.008346954342377736,0.008346954342377809,0.007671352293777995
ABC.train.gold.bea19_017950,instruction,0.011768551814318457,0.0166939086847554,0.008346954342377736,0.008346954342377809,0.007671352293777995
ABC.train.gold.bea19_017950,role,0.011768551814318457,0.0166939086847554,0.008346954342377736,0.008346954342377809,0.007671352293777995
B.train.gold.bea19_002646,fewshot,0.007871853546910808,0.010997057862046456,0.005498528931023264,0.005498528931023336,0.0064857796665577705
B.train.gold.bea19_002646,instruction,0.007871853546910808,0.010997057862046456,0.005498528931023264,0.005498528931023336,0.0064857796665577705
B.train.gold.bea19_002646,role,0.007871853546910808,0.010997057862046456,0.005498528931023264,0.005498528931023336,0.0064857796665577705
ABC.train.gold.bea19_007944,fewshot,0.09538772371354319,0.0714933651369787,0.10590790122726892,0.07109541770738084,0.08632684774856958
ABC.train.gold.bea19_007944,instruction,0.09538772371354319,0.0714933651369787,0.10590790122726892,0.07109541770738084,0.08632684774856958
ABC.train.gold.bea19_007944,role,0.09538772371354319,0.0714933651369787,0.10590790122726892,0.07109541770738084,0.08632684774856958
ABC.train.gold.bea19_014863,fewshot,0.00603042132184687,0.008541814895294538,0.004270907447647305,0.004270907447647377,0.0040305366998058525
ABC.train.gold.bea19_014863,instruction,0.00603042132184687,0.008541814895294538,0.004270907447647305,0.004270907447647377,0.0040305366998058525
ABC.train.gold.bea19_014863,role,0.00603042132184687,0.008541814895294538,0.004270907447647305,0.004270907447647377,0.0040305366998058525
A.train.gold.bea19_004264,fewshot,0.028291295287388794,0.032465334333428186,0.024865964631887838,0.02076238988547011,0.021035124179038366
A.train.gold.bea19_004264,instruction,0.008579295689900672,0.01211819976747373,0.006131840735378819,0.006277322438662726,0.005424023325882603
A.train.gold.bea19_004264,role,0.008579295689900672,0.01211819976747373,0.006131840735378819,0.006277322438662726,0.005424023325882603
C.train.gold.bea19_002303,fewshot,0.022791762013729972,0.032394028549634954,0.016197014274817477,0.016197014274817477,0.014348915767680069
C.train.gold.bea19_002303,instruction,0.022791762013729972,0.032394028549634954,0.016197014274817477,0.016197014274817477,0.014348915767680069
C.train.gold.bea19_002303,role,0.022791762013729972,0.032394028549634954,0.016197014274817477,0.016197014274817477,0.014348915767680069
B.train.gold.bea19_008598,fewshot,0.03990745268418148,0.03769902669016186,0.03956308539414228,0.02926609156123056,0.032278297468805804
B.train.gold.bea19_008598,instruction,0.03713135594918896,0.03377081923405593,0.03757510024245586,0.02723034356227724,0.030581847686810777
B.train.gold.bea19_008598,role,0.03713135594918896,0.03377081923405593,0.03757510024245586,0.02723034356227724,0.030581847686810777
ABC.train.gold.bea19_003237,fewshot,0.01339345031215281,0.018286809642222294,0.009717035194090097,0.010864295940047997,0.0098378836242238
ABC.train.gold.bea19_003237,instruction,0.01339345031215281,0.018286809642222294,0.009717035194090097,0.010864295940047997,0.0098378836242238
ABC.train.gold.bea19_003237,role,0.01339345031215281,0.018286809642222294,0.009717035194090097,0.010864295940047997,0.0098378836242238
ABC.train.gold.bea19_003065,fewshot,0.006712433257055682,0.009451164142239657,0.004725582071119829,0.004725582071119829,0.004939885946750935
ABC.train.gold.bea19_003065,instruction,0.006712433257055682,0.009451164142239657,0.004725582071119829,0.004725582071119829,0.004939885946750935
ABC.train.gold.bea19_003065,role,0.006712433257055682,0.009451164142239657,0.004725582071119829,0.004725582071119829,0.004939885946750935
ABC.train.gold.bea19_025168,fewshot,0.012426143400838766,0.01439393541749282,0.010921223292267796,0.009115976061335122,0.009500522028186034
ABC.train.gold.bea19_025168,instruction,0.012426143400838766,0.01439393541749282,0.010921223292267796,0.009115976061335122,0.009500522028186034
ABC.train.gold.bea19_025168,role,0.012426143400838766,0.01439393541749282,0.010921223292267796,0.009115976061335122,0.009500522028186034
ABCN.dev.gold.bea19_001657,fewshot,0.014238850511763922,0.020157015853742532,0.010159758920894166,0.010322260908939965,0.008960071359043625
ABCN.dev.gold.bea19_001657,instruction,0.014238850511763922,0.020157015853742532,0.010159758920894166,0.010322260908939965,0.008960071359043625
ABCN.dev.gold.bea19_001657,role,0.014238850511763922,0.020157015853742532,0.010159758920894166,0.010322260908939965,0.008960071359043625
A.train.gold.bea19_003876,fewshot,0.007871853546910754,0.01099705786204642,0.00549852893102321,0.00549852893102321,0.0064857796665576985
A.train.gold.bea19_003876,instruction,0.007871853546910754,0.01099705786204642,0.00549852893102321,0.00549852893102321,0.0064857796665576985
A.train.gold.bea19_003876,role,0.007871853546910754,0.01099705786204642,0.00549852893102321,0.00549852893102321,0.0064857796665576985
ABC.train.gold.bea19_022766,fewshot,0.02911591708542281,0.0407395090820817,0.021465681945403915,0.021117796545526955,0.018771097467280545
ABC.train.gold.bea19_022766,instruction,0.02911591708542281,0.0407395090820817,0.021465681945403915,0.021117796545526955,0.018771097467280545
ABC.train.gold.bea19_022766,role,0.02911591708542281,0.0407395090820817,0.021465681945403915,0.021117796545526955,0.018771097467280545
ABC.train.gold.bea19_031915,fewshot,0.02305932054215812,0.032750773254205785,0.01637538662710293,0.016375386627103,0.014705660472250933
ABC.train.gold.bea19_031915,instruction,0.02305932054215812,0.032750773254205785,0.01637538662710293,0.016375386627103,0.014705660472250933
ABC.train.gold.bea19_031915,role,0.02305932054215812,0.032750773254205785,0.01637538662710293,0.016375386627103,0.014705660472250933
ABC.train.gold.bea19_000985,fewshot,0.015331807780320419,0.021695543205840724,0.010847771602920398,0.010847771602920471,0.010417347717118955
ABC.train.gold.bea19_000985,instruction,0.015331807780320419,0.021695543205840724,0.010847771602920398,0.010847771602920471,0.010417347717118955
ABC.train.gold.bea19_000985,role,0.015331807780320419,0.021695543205840724,0.010847771602920398,0.010847771602920471,0.010417347717118955
ABC.train.gold.bea19_022643,fewshot,0.06663429989232139,0.04948527177170258,0.07458324585422973,0.04967237510433573,0.06087362901628469
ABC.train.gold.bea19_022643,instruction,0.06663429989232139,0.04948527177170258,0.07458324585422973,0.04967237510433573,0.06087362901628469
ABC.train.gold.bea19_022643,role,0.06273110167981519,0.044710903018435895,0.0708309137596559,0.04661287568112855,0.057674377264271395
ABC.train.gold.bea19_033920,fewshot,0.01139588100686504,0.01619701427481751,0.008098507137408792,0.008098507137408865,0.0071744578838401065
ABC.train.gold.bea19_033920,instruction,0.01139588100686504,0.01619701427481751,0.008098507137408792,0.008098507137408865,0.0071744578838401065
ABC.train.gold.bea19_033920,role,0.01139588100686504,0.01619701427481751,0.008098507137408792,0.008098507137408865,0.0071744578838401065
ABC.train.gold.bea19_012226,fewshot,0.051941460012763806,0.05174697591366533,0.05039780432946976,0.03813801412664522,0.041453216719239086
ABC.train.gold.bea19_012226,instruction,0.051941460012763806,0.05174697591366533,0.05039780432946976,0.03813801412664522,0.041453216719239086
ABC.train.gold.bea19_012226,role,0.051941460012763806,0.05174697591366533,0.05039780432946976,0.03813801412664522,0.041453216719239086
C.train.gold.bea19_007073,fewshot,0.03203575456609636,0.04008033632291355,0.025990217386799727,0.023064471168424583,0.022764464734745044
C.train.gold.bea19_007073,instruction,0.023226544622425682,0.03297373869456253,0.016486869347281302,0.01648686934728137,0.014928625912607678
C.train.gold.bea19_007073,role,0.023226544622425682,0.03297373869456253,0.016486869347281302,0.01648686934728137,0.014928625912607678
C.train.gold.bea19_009879,fewshot,0.005987795575896315,0.008484980567360466,0.004242490283680268,0.00424249028368034,0.003973702371871781
C.train.gold.bea19_009879,instruction,0.005987795575896315,0.008484980567360466,0.004242490283680268,0.00424249028368034,0.003973702371871781
C.train.gold.bea19_009879,role,0.005987795575896315,0.008484980567360466,0.004242490283680268,0.00424249028368034,0.003973702371871781
B.train.gold.bea19_011845,fewshot,0.09085488267214886,0.09869684702871484,0.08336992125520806,0.0664253064700587,0.06835240166356378
B.train.gold.bea19_011845,instruction,0.08539704599739906,0.09091847832954966,0.07948073690562549,0.06253612212047611,0.06508531115988733
B.train.gold.bea19_011845,role,0.08262947656511951,0.087003526583364,0.07749749363592956,0.06050134405757402,0.06340023111484293
ABC.train.gold.bea19_030325,fewshot,0.07795985796407841,0.06041499520804533,0.08505627514820259,0.05771622508307699,0.06981113893957329
ABC.train.gold.bea19_030325,instruction,0.023227184527419713,0.032974165297891884,0.016487509252275333,0.016488362458934116,0.01492947911926639
ABC.train.gold.bea19_030325,role,0.023227184527419713,0.032974165297891884,0.016487509252275333,0.016488362458934116,0.01492947911926639
B.train.gold.bea19_004195,fewshot,0.007437070938215102,0.010417347717118884,0.005208673858559442,0.005208673858559442,0.005906069521630163
B.train.gold.bea19_004195,instruction,0.007437070938215102,0.010417347717118884,0.005208673858559442,0.005208673858559442,0.005906069521630163
B.train.gold.bea19_004195,role,0.007437070938215102,0.010417347717118884,0.005208673858559442,0.005208673858559442,0.005906069521630163
ABC.train.gold.bea19_020312,fewshot,0.00929540232423373,0.013143649495440989,0.0065739247171726,0.006578124656076811,0.0063788321716600135
ABC.train.gold.bea19_020312,instruction,0.00929540232423373,0.013143649495440989,0.0065739247171726,0.006578124656076811,0.0063788321716600135
ABC.train.gold.bea19_020312,role,0.00929540232423373,0.013143649495440989,0.0065739247171726,0.006578124656076811,0.0063788321716600135
A.train.gold.bea19_003998,fewshot,0.018617745513249743,0.0255761210310816,0.014289187628876017,0.013542301547608536,0.012793585496363072
A.train.gold.bea19_003998,instruction,0.021531224016126397,0.029712488481151884,0.01635626847409245,0.01560717663318755,0.014673210968870285
A.train.gold.bea19_003998,role,0.018617745513249743,0.0255761210310816,0.014289187628876017,0.013542301547608536,0.012793585496363072
ABC.train.gold.bea19_013450,fewshot,0.07395745616551033,0.07122510798284008,0.07310083934280011,0.05473757746896035,0.06072211854822348
ABC.train.gold.bea19_013450,instruction,0.06096342300260363,0.05933885607267855,0.05945124503036601,0.04508750494453248,0.049523168176739914
ABC.train.gold.bea19_013450,role,0.06096342300260363,0.05933885607267855,0.05945124503036601,0.04508750494453248,0.049523168176739914
A.dev.gold.bea19_000544,fewshot,0.10338617390570048,0.07165485583034496,0.11784417595140126,0.07819940855355481,0.09714647748830241
A.dev.gold.bea19_000544,instruction,0.10338617390570048,0.07165485583034496,0.11784417595140126,0.07819940855355481,0.09714647748830241
A.dev.gold.bea19_000544,role,0.10338617390570048,0.07165485583034496,0.11784417595140126,0.07819940855355481,0.09714647748830241
ABC.train.gold.bea19_019871,fewshot,0.0178489702517163,0.025302386400784603,0.012651193200392338,0.01265119320039241,0.011768551814318476
ABC.train.gold.bea19_019871,instruction,0.0178489702517163,0.025302386400784603,0.012651193200392338,0.01265119320039241,0.011768551814318476
ABC.train.gold.bea19_019871,role,0.0178489702517163,0.025302386400784603,0.012651193200392338,0.01265119320039241,0.011768551814318476
C.train.gold.bea19_002318,fewshot,0.007871853546910808,0.010997057862046456,0.005498528931023264,0.005498528931023336,0.0064857796665577705
C.train.gold.bea19_002318,instruction,0.007871853546910808,0.010997057862046456,0.005498528931023264,0.005498528931023336,0.0064857796665577705
C.train.gold.bea19_002318,role,0.007871853546910808,0.010997057862046456,0.005498528931023264,0.005498528931023336,0.0064857796665577705
ABC.train.gold.bea19_026076,fewshot,0.0067124332570557355,0.009451164142239694,0.004725582071119882,0.004725582071119954,0.004939885946751007
ABC.train.gold.bea19_026076,instruction,0.0067124332570557355,0.009451164142239694,0.004725582071119882,0.004725582071119954,0.004939885946751007
ABC.train.gold.bea19_026076,role,0.0067124332570557355,0.009451164142239694,0.004725582071119882,0.004725582071119954,0.004939885946751007
B.train.gold.bea19_010970,fewshot,0.015338826978736684,0.02170022267145157,0.010854790801336663,0.010864149732558422,0.010426706648340642
B.train.gold.bea19_010970,instruction,0.015338826978736684,0.02170022267145157,0.010854790801336663,0.010864149732558422,0.010426706648340642
B.train.gold.bea19_010970,role,0.015338826978736684,0.02170022267145157,0.010854790801336663,0.010864149732558422,0.010426706648340642
B.train.gold.bea19_011207,fewshot,5.396103402177092e-17,3.5974022681180616e-17,5.396103402177092e-17,1.2590907938413215e-16,7.194804536236123e-17
B.train.gold.bea19_011207,instruction,5.396103402177092e-17,3.5974022681180616e-17,5.396103402177092e-17,1.2590907938413215e-16,7.194804536236123e-17
B.train.gold.bea19_011207,role,0.30430277877242395,0.25456792580093107,0.2999134305127678,0.36983686982206576,0.34731826415498407
ABC.train.gold.bea19_033396,fewshot,0.05287644267694792,0.039703215607595155,0.058460658098300596,0.039400647691472765,0.047778448214209596
ABC.train.gold.bea19_033396,instruction,0.011619296585602045,0.01638736586147034,0.008301218782398386,0.008516290485724817,0.0074723453221561134
ABC.train.gold.bea19_033396,role,0.011619296585602045,0.01638736586147034,0.008301218782398386,0.008516290485724817,0.0074723453221561134
ABC.train.gold.bea19_012855,fewshot,0.015084293418280147,0.021360030647344992,0.010685508732781233,0.01069649555099871,0.010087328567731925
ABC.train.gold.bea19_012855,instruction,0.015084293418280147,0.021360030647344992,0.010685508732781233,0.01069649555099871,0.010087328567731925
ABC.train.gold.bea19_012855,role,0.015084293418280147,0.021360030647344992,0.010685508732781233,0.01069649555099871,0.010087328567731925
ABC.train.gold.bea19_019699,fewshot,0.015080294148956081,0.021357364467795615,0.010681509463457167,0.010687163922575887,0.010081996208633169
ABC.train.gold.bea19_019699,instruction,0.015080294148956081,0.021357364467795615,0.010681509463457167,0.010687163922575887,0.010081996208633169
ABC.train.gold.bea19_019699,role,0.015080294148956081,0.021357364467795615,0.010681509463457167,0.010687163922575887,0.010081996208633169
B.dev.gold.bea19_000689,fewshot,0.0067124332570557355,0.009451164142239694,0.004725582071119882,0.004725582071119954,0.004939885946751007
B.dev.gold.bea19_000689,instruction,0.0067124332570557355,0.009451164142239694,0.004725582071119882,0.004725582071119954,0.004939885946751007
B.dev.gold.bea19_000689,role,0.0067124332570557355,0.009451164142239694,0.004725582071119882,0.004725582071119954,0.004939885946751007
B.train.gold.bea19_002363,fewshot,0.006132723112128199,0.00867821728233631,0.004339108641168191,0.004339108641168263,0.004166939086847625
B.train.gold.bea19_002363,instruction,0.006132723112128199,0.00867821728233631,0.004339108641168191,0.004339108641168263,0.004166939086847625
B.train.gold.bea19_002363,role,0.006132723112128199,0.00867821728233631,0.004339108641168191,0.004339108641168263,0.004166939086847625
B.train.gold.bea19_013025,fewshot,0.007437070938215155,0.01041734771711892,0.005208673858559496,0.005208673858559568,0.005906069521630235
B.train.gold.bea19_013025,instruction,0.007437070938215155,0.01041734771711892,0.005208673858559496,0.005208673858559568,0.005906069521630235
B.train.gold.bea19_013025,role,0.007437070938215155,0.01041734771711892,0.005208673858559496,0.005208673858559568,0.005906069521630235
A.train.gold.bea19_005771,fewshot,0.027612171125281713,0.028287235724656534,0.02622553639946413,0.020708588978568303,0.023154801874037078
A.train.gold.bea19_005771,instruction,0.012533004752684438,0.017713179269243377,0.008856589634621725,0.008856589634621798,0.00869062287826597
A.train.gold.bea19_005771,role,0.027612171125281713,0.028287235724656534,0.02622553639946413,0.020708588978568303,0.023154801874037078
B.train.gold.bea19_008760,fewshot,0.01129357921658371,0.016060611887775737,0.008030305943887905,0.008030305943887978,0.007038055496798334
B.train.gold.bea19_008760,instruction,0.01129357921658371,0.016060611887775737,0.008030305943887905,0.008030305943887978,0.007038055496798334
B.train.gold.bea19_008760,role,0.01129357921658371,0.016060611887775737,0.008030305943887905,0.008030305943887978,0.007038055496798334
ABC.train.gold.bea19_019892,fewshot,0.011425866014361291,0.016236994284812515,0.008118497142406294,0.008118497142406367,0.00721443789383511
ABC.train.gold.bea19_019892,instruction,0.023891579140664757,0.028002643985266473,0.02115014461288347,0.01793943954237156,0.01811596195684807
ABC.train.gold.bea19_019892,role,0.023891579140664757,0.028002643985266473,0.02115014461288347,0.01793943954237156,0.01811596195684807
B.train.gold.bea19_001425,fewshot,0.019060270058527323,0.02604126971974176,0.014771617355180636,0.013899585319872591,0.013383618223399844
B.train.gold.bea19_001425,instruction,0.019060270058527323,0.02604126971974176,0.014771617355180636,0.013899585319872591,0.013383618223399844
B.train.gold.bea19_001425,role,0.019060270058527323,0.02604126971974176,0.014771617355180636,0.013899585319872591,0.013383618223399844
C.train.gold.bea19_001684,fewshot,0.012156750572082431,0.017211507028440702,0.008605753514220387,0.00860575351422046,0.008188950637463294
C.train.gold.bea19_001684,instruction,0.012156750572082431,0.017211507028440702,0.008605753514220387,0.00860575351422046,0.008188950637463294
C.train.gold.bea19_001684,role,0.012156750572082431,0.017211507028440702,0.008605753514220387,0.00860575351422046,0.008188950637463294
A.train.gold.bea19_001954,fewshot,0.06808169478665496,0.057903927765415995,0.07131137819462849,0.05108658838180656,0.05897386651030465
A.train.gold.bea19_001954,instruction,0.06808169478665496,0.057903927765415995,0.07131137819462849,0.05108658838180656,0.05897386651030465
A.train.gold.bea19_001954,role,0.06480147938500601,0.053562179928840443,0.06885800501096828,0.048068216667401506,0.05660525850610105
B.dev.gold.bea19_001140,fewshot,0.05340954070102606,0.04755584225715422,0.05464438268394309,0.03921809042585928,0.044945347956802176
B.dev.gold.bea19_001140,instruction,0.05340954070102606,0.04755584225715422,0.05464438268394309,0.03921809042585928,0.044945347956802176
B.dev.gold.bea19_001140,role,0.01694093327999926,0.02409129413507941,0.012046023370955556,0.012046775977787258,0.010557835852029095
ABC.train.gold.bea19_003650,fewshot,0.0,0.0,0.0,0.0,0.0
ABC.train.gold.bea19_003650,instruction,0.0,0.0,0.0,0.0,0.0
ABC.train.gold.bea19_003650,role,0.13761395736744972,0.12985966995467557,0.12368506440212428,0.22306620579653313,0.17145520130196307
ABC.train.gold.bea19_010750,fewshot,0.02780615934942226,0.03285221200462373,0.02365086518933844,0.02016594665976794,0.02070061012671505
ABC.train.gold.bea19_010750,instruction,0.02780615934942226,0.03285221200462373,0.02365086518933844,0.02016594665976794,0.02070061012671505
ABC.train.gold.bea19_010750,role,0.02780615934942226,0.03285221200462373,0.02365086518933844,0.02016594665976794,0.02070061012671505
C.train.gold.bea19_006364,fewshot,0.006893592677345591,0.0096927100359595,0.004846355017979785,0.004846355017979857,0.005181431840470814
C.train.gold.bea19_006364,instruction,0.006893592677345591,0.0096927100359595,0.004846355017979785,0.004846355017979857,0.005181431840470814
C.train.gold.bea19_006364,role,0.006893592677345591,0.0096927100359595,0.004846355017979785,0.004846355017979857,0.005181431840470814
ABC.train.gold.bea19_009703,fewshot,0.012071887342535625,0.015926316526275793,0.00911396777720274,0.010268604050107353,0.010080812196062543
ABC.train.gold.bea19_009703,instruction,0.012071887342535625,0.015926316526275793,0.00911396777720274,0.010268604050107353,0.010080812196062543
ABC.train.gold.bea19_009703,role,0.012071887342535625,0.015926316526275793,0.00911396777720274,0.010268604050107353,0.010080812196062543
ABC.train.gold.bea19_020687,fewshot,0.013424866514111363,0.018902328284479315,0.009451164142239657,0.009451164142239657,0.00987977189350187
ABC.train.gold.bea19_020687,instruction,0.013424866514111363,0.018902328284479315,0.009451164142239657,0.009451164142239657,0.00987977189350187
ABC.train.gold.bea19_020687,role,0.013424866514111363,0.018902328284479315,0.009451164142239657,0.009451164142239657,0.00987977189350187
ABC.train.gold.bea19_028010,fewshot,0.018398169336384492,0.02603465184700886,0.013017325923504467,0.01301732592350454,0.012500817260542732
ABC.train.gold.bea19_028010,instruction,0.018398169336384492,0.02603465184700886,0.013017325923504467,0.01301732592350454,0.012500817260542732
ABC.train.gold.bea19_028010,role,0.018398169336384492,0.02603465184700886,0.013017325923504467,0.01301732592350454,0.012500817260542732
ABC.train.gold.bea19_029578,fewshot,0.012533004752684438,0.017713179269243377,0.008856589634621725,0.008856589634621798,0.00869062287826597
ABC.train.gold.bea19_029578,instruction,0.012533004752684438,0.017713179269243377,0.008856589634621725,0.008856589634621798,0.00869062287826597
ABC.train.gold.bea19_029578,role,0.012533004752684438,0.017713179269243377,0.008856589634621725,0.008856589634621798,0.00869062287826597
C.train.gold.bea19_007519,fewshot,0.007871853546910808,0.010997057862046456,0.005498528931023264,0.005498528931023336,0.0064857796665577705
C.train.gold.bea19_007519,instruction,0.007871853546910808,0.010997057862046456,0.005498528931023264,0.005498528931023336,0.0064857796665577705
C.train.gold.bea19_007519,role,0.007871853546910808,0.010997057862046456,0.005498528931023264,0.005498528931023336,0.0064857796665577705
ABC.train.gold.bea19_018022,fewshot,0.04344073784761202,0.055848936713109566,0.03454779273994972,0.03132878182533982,0.029855820889547857
ABC.train.gold.bea19_018022,instruction,0.04344073784761202,0.055848936713109566,0.03454779273994972,0.03132878182533982,0.029855820889547857
ABC.train.gold.bea19_018022,role,0.04345451215706768,0.05585811958608001,0.03456156704940538,0.03136092188073636,0.02987418663548874
B.train.gold.bea19_012438,fewshot,0.01934678593717495,0.027299473981396177,0.013649736990698089,0.013649736990698089,0.013765639394930014
B.train.gold.bea19_012438,instruction,0.01934678593717495,0.027299473981396177,0.013649736990698089,0.013649736990698089,0.013765639394930014
B.train.gold.bea19_012438,role,0.023612303304124956,0.03254342167435388,0.01696574619990195,0.018353816925351967,0.017447983352868367
ABC.train.gold.bea19_021670,fewshot,0.010705180369597837,0.011315712487871804,0.008866344148610584,0.01528331995795995,0.012268561294802128
ABC.train.gold.bea19_021670,instruction,0.010705180369597837,0.011315712487871804,0.008866344148610584,0.01528331995795995,0.012268561294802128
ABC.train.gold.bea19_021670,role,0.010705180369597837,0.011315712487871804,0.008866344148610584,0.01528331995795995,0.012268561294802128
B.train.gold.bea19_002382,fewshot,0.01411697741111079,0.019012396067371335,0.010489456528594576,0.011603414776070593,0.010802586422834439
B.train.gold.bea19_002382,instruction,0.01411697741111079,0.019012396067371335,0.010489456528594576,0.011603414776070593,0.010802586422834439
B.train.gold.bea19_002382,role,0.01411697741111079,0.019012396067371335,0.010489456528594576,0.011603414776070593,0.010802586422834439
ABC.train.gold.bea19_012881,fewshot,0.006194834913370435,0.00876103301732596,0.0043805165086630155,0.0043805165086630874,0.004249754821837273
ABC.train.gold.bea19_012881,instruction,0.009942376890627056,0.013574965873036538,0.007220899283565925,0.008087731977661237,0.007241464926851114
ABC.train.gold.bea19_012881,role,0.006194834913370435,0.00876103301732596,0.0043805165086630155,0.0043805165086630874,0.004249754821837273
ABCN.dev.gold.bea19_000443,fewshot,0.0067124332570557355,0.009451164142239694,0.004725582071119882,0.004725582071119954,0.004939885946751007
ABCN.dev.gold.bea19_000443,instruction,0.0067124332570557355,0.009451164142239694,0.004725582071119882,0.004725582071119954,0.004939885946751007
ABCN.dev.gold.bea19_000443,role,0.0067124332570557355,0.009451164142239694,0.004725582071119882,0.004725582071119954,0.004939885946751007
C.train.gold.bea19_002869,fewshot,0.005856043270230966,0.008309310826473335,0.004154655413236703,0.004154655413236775,0.003798032630984648
C.train.gold.bea19_002869,instruction,0.005856043270230966,0.008309310826473335,0.004154655413236703,0.004154655413236775,0.003798032630984648
C.train.gold.bea19_002869,role,0.005856043270230966,0.008309310826473335,0.004154655413236703,0.004154655413236775,0.003798032630984648
B.train.gold.bea19_000114,fewshot,0.00952517162471401,0.0134521085322001,0.006726054266100086,0.006726054266100158,0.006685191238967055
B.train.gold.bea19_000114,instruction,0.009545669966240983,0.013465774093218082,0.006746552607627059,0.006773883729663094,0.0067125223610030186
B.train.gold.bea19_000114,role,0.006350114416476025,0.008968072354800079,0.004484036177400075,0.004484036177400147,0.004456794159311393
C.dev.gold.bea19_000895,fewshot,0.036779696276263776,0.0522977403984269,0.02614887019921345,0.02614887019921345,0.022974432127750206
C.dev.gold.bea19_000895,instruction,0.036779696276263776,0.0522977403984269,0.02614887019921345,0.02614887019921345,0.022974432127750206
C.dev.gold.bea19_000895,role,0.036779696276263776,0.0522977403984269,0.02614887019921345,0.02614887019921345,0.022974432127750206
ABC.train.gold.bea19_009056,fewshot,0.017187994841785154,0.024420415434460233,0.012210878136979663,0.012212218976478756,0.010887251267743616
ABC.train.gold.bea19_009056,instruction,0.017187994841785154,0.024420415434460233,0.012210878136979663,0.012212218976478756,0.010887251267743616
ABC.train.gold.bea19_009056,role,0.017187994841785154,0.024420415434460233,0.012210878136979663,0.012212218976478756,0.010887251267743616
ABC.train.gold.bea19_019454,fewshot,0.08546860297741438,0.056383590185623646,0.0987841809248405,0.06349836435360368,0.08040366288187169
ABC.train.gold.bea19_019454,instruction,0.08546493633397555,0.056381145756664426,0.09878051428140167,0.06348980885224642,0.08039877402395325
ABC.train.gold.bea19_019454,role,0.08546493633397555,0.056381145756664426,0.09878051428140167,0.06348980885224642,0.08039877402395325
ABC.train.gold.bea19_019910,fewshot,0.006712433257055789,0.009451164142239728,0.004725582071119936,0.00472558207112008,0.004939885946751079
ABC.train.gold.bea19_019910,instruction,0.006712433257055789,0.009451164142239728,0.004725582071119936,0.00472558207112008,0.004939885946751079
ABC.train.gold.bea19_019910,role,0.006712433257055789,0.009451164142239728,0.004725582071119936,0.00472558207112008,0.004939885946751079
ABC.train.gold.bea19_008683,fewshot,0.0,0.0,0.0,0.0,0.0
ABC.train.gold.bea19_008683,instruction,0.4710544836358249,0.4427603062966087,0.4339684349144538,0.577674294031379,0.547174747931563
ABC.train.gold.bea19_008683,role,0.2927232974204195,0.23232441251150993,0.29643119592900075,0.35676900930989913,0.3322526171119378
C.train.gold.bea19_005038,fewshot,0.00953080135030675,0.013455861682595261,0.006731683991692826,0.006739190292483219,0.006692697539757376
C.train.gold.bea19_005038,instruction,0.00953080135030675,0.013455861682595261,0.006731683991692826,0.006739190292483219,0.006692697539757376
C.train.gold.bea19_005038,role,0.00953080135030675,0.013455861682595261,0.006731683991692826,0.006739190292483219,0.006692697539757376
ABC.train.gold.bea19_010397,fewshot,0.00990791674685213,0.013924663251306672,0.007000103736064291,0.007075647956886201,0.007195518068484545
ABC.train.gold.bea19_010397,instruction,0.006567505720823798,0.009257927427263812,0.004628963713631906,0.004628963713631906,0.00474664923177509
ABC.train.gold.bea19_010397,role,0.006567505720823798,0.009257927427263812,0.004628963713631906,0.004628963713631906,0.00474664923177509
A.train.gold.bea19_009543,fewshot,0.08162574612276885,0.05760148357623404,0.0922737520055328,0.06077583652115065,0.07585187202334091
A.train.gold.bea19_009543,instruction,0.08162574612276885,0.05760148357623404,0.0922737520055328,0.06077583652115065,0.07585187202334091
A.train.gold.bea19_009543,role,0.015204797510080496,0.021520289982202512,0.010766051187752937,0.0107778635810563,0.01024800069013239
C.train.gold.bea19_004787,fewshot,0.013424866514111363,0.018902328284479315,0.009451164142239657,0.009451164142239657,0.00987977189350187
C.train.gold.bea19_004787,instruction,0.013424866514111363,0.018902328284479315,0.009451164142239657,0.009451164142239657,0.00987977189350187
C.train.gold.bea19_004787,role,0.013424866514111363,0.018902328284479315,0.009451164142239657,0.009451164142239657,0.00987977189350187
C.dev.gold.bea19_000577,fewshot,0.012832748492286005,0.01773463607669236,0.009506395193435931,0.009480171288265726,0.009090281197734727
C.dev.gold.bea19_000577,instruction,0.012832748492286005,0.01773463607669236,0.009506395193435931,0.009480171288265726,0.009090281197734727
C.dev.gold.bea19_000577,role,0.012832748492286005,0.01773463607669236,0.009506395193435931,0.009480171288265726,0.009090281197734727
B.train.gold.bea19_005791,fewshot,0.020801611496988153,0.018793234078519492,0.021074937499461995,0.015462995154800215,0.017910920592475402
B.train.gold.bea19_005791,instruction,0.006078375286041242,0.00860575351422037,0.004302876757110221,0.004302876757110293,0.004094475318731684
B.train.gold.bea19_005791,role,0.020801611496988153,0.018793234078519492,0.021074937499461995,0.015462995154800215,0.017910920592475402
B.train.gold.bea19_006811,fewshot,0.006132723112128145,0.008678217282336274,0.004339108641168137,0.004339108641168137,0.004166939086847553
B.train.gold.bea19_006811,instruction,0.006132723112128145,0.008678217282336274,0.004339108641168137,0.004339108641168137,0.004166939086847553
B.train.gold.bea19_006811,role,0.006132723112128145,0.008678217282336274,0.004339108641168137,0.004339108641168137,0.004166939086847553
ABC.train.gold.bea19_015159,fewshot,0.009610983981693416,0.013315898441756601,0.006657949220878336,0.006657949220878408,0.008804620246267915
ABC.train.gold.bea19_015159,instruction,0.009610983981693416,0.013315898441756601,0.006657949220878336,0.006657949220878408,0.008804620246267915
ABC.train.gold.bea19_015159,role,0.009610983981693416,0.013315898441756601,0.006657949220878336,0.006657949220878408,0.008804620246267915
ABC.train.gold.bea19_027371,fewshot,0.014455372125252094,0.020411602594215966,0.010321161035308345,0.01055188051170907,0.009248766843694523
ABC.train.gold.bea19_027371,instruction,0.014455372125252094,0.020411602594215966,0.010321161035308345,0.01055188051170907,0.009248766843694523
ABC.train.gold.bea19_027371,role,0.014455372125252094,0.020411602594215966,0.010321161035308345,0.01055188051170907,0.009248766843694523
ABC.train.gold.bea19_014682,fewshot,0.013424866514111417,0.01890232828447935,0.009451164142239711,0.009451164142239784,0.009879771893501942
ABC.train.gold.bea19_014682,instruction,0.013424866514111417,0.01890232828447935,0.009451164142239711,0.009451164142239784,0.009879771893501942
ABC.train.gold.bea19_014682,role,0.013424866514111417,0.01890232828447935,0.009451164142239711,0.009451164142239784,0.009879771893501942
ABC.train.gold.bea19_002513,fewshot,0.021931044469449157,0.028657460464146727,0.01783219884423401,0.01776025080916067,0.017211317437962288
ABC.train.gold.bea19_002513,instruction,0.021931044469449157,0.028657460464146727,0.01783219884423401,0.01776025080916067,0.017211317437962288
ABC.train.gold.bea19_002513,role,0.021931044469449157,0.028657460464146727,0.01783219884423401,0.01776025080916067,0.017211317437962288
ABC.train.gold.bea19_016593,fewshot,0.006712433257055682,0.009451164142239657,0.004725582071119829,0.004725582071119829,0.004939885946750935
ABC.train.gold.bea19_016593,instruction,0.006712433257055682,0.009451164142239657,0.004725582071119829,0.004725582071119829,0.004939885946750935
ABC.train.gold.bea19_016593,role,0.006712433257055682,0.009451164142239657,0.004725582071119829,0.004725582071119829,0.004939885946750935
B.train.gold.bea19_011385,fewshot,0.09529940511964544,0.07852530476596616,0.10172727095890359,0.07052646406914541,0.08269624536063451
B.train.gold.bea19_011385,instruction,0.049252091350250174,0.05025529644621241,0.04682551235533089,0.03598050636319609,0.03854862274967666
B.train.gold.bea19_011385,role,0.024907099701681572,0.03546506330771362,0.017732573712796317,0.017732657830675336,0.015164353486953882
C.train.gold.bea19_007538,fewshot,0.018398169336384492,0.02603465184700886,0.013017325923504467,0.01301732592350454,0.012500817260542732
C.train.gold.bea19_007538,instruction,0.018398169336384492,0.02603465184700886,0.013017325923504467,0.01301732592350454,0.012500817260542732
C.train.gold.bea19_007538,role,0.018398169336384492,0.02603465184700886,0.013017325923504467,0.01301732592350454,0.012500817260542732
B.train.gold.bea19_004184,fewshot,0.009610983981693416,0.013315898441756601,0.006657949220878336,0.006657949220878408,0.008804620246267915
B.train.gold.bea19_004184,instruction,0.009610983981693416,0.013315898441756601,0.006657949220878336,0.006657949220878408,0.008804620246267915
B.train.gold.bea19_004184,role,0.009610983981693416,0.013315898441756601,0.006657949220878336,0.006657949220878408,0.008804620246267915
A.train.gold.bea19_006181,fewshot,0.09311466893421995,0.06305579650643539,0.10668991488039199,0.06920813902063962,0.08712281672432334
A.train.gold.bea19_006181,instruction,0.011975591151792522,0.016969961134720858,0.008484980567360429,0.008484980567360429,0.007947404743743417
A.train.gold.bea19_006181,role,0.09311466893421995,0.06305579650643539,0.10668991488039199,0.06920813902063962,0.08712281672432334
A.train.gold.bea19_003654,fewshot,0.02899865299961854,0.03276650003447447,0.02579487308781008,0.02111790450612982,0.021688606476271605
A.train.gold.bea19_003654,instruction,0.02764289175497282,0.03470490781624182,0.02237316872376519,0.020521735309659613,0.019301937240852385
A.train.gold.bea19_003654,role,0.02899865299961854,0.03276650003447447,0.02579487308781008,0.02111790450612982,0.021688606476271605
ABC.train.gold.bea19_024746,fewshot,0.017354691075514978,0.024643347499182813,0.012321673749591477,0.012321673749591621,0.011109512912716718
ABC.train.gold.bea19_024746,instruction,0.017354691075514978,0.024643347499182813,0.012321673749591477,0.012321673749591621,0.011109512912716718
ABC.train.gold.bea19_024746,role,0.017354691075514978,0.024643347499182813,0.012321673749591477,0.012321673749591621,0.011109512912716718
ABC.train.gold.bea19_026919,fewshot,0.015339351925311875,0.02145902674211522,0.011149173382667134,0.011123069966409294,0.010427406577107563
ABC.train.gold.bea19_026919,instruction,0.015339351925311875,0.02145902674211522,0.011149173382667134,0.011123069966409294,0.010427406577107563
ABC.train.gold.bea19_026919,role,0.015339351925311875,0.02145902674211522,0.011149173382667134,0.011123069966409294,0.010427406577107563
C.dev.gold.bea19_000408,fewshot,0.06696705735040459,0.04723542082050512,0.07590492858260246,0.05036585054467202,0.06222174062760718
C.dev.gold.bea19_000408,instruction,0.06696705735040459,0.04723542082050512,0.07590492858260246,0.05036585054467202,0.06222174062760718
C.dev.gold.bea19_000408,role,0.012136070540060554,0.01698032903607829,0.008693769134372422,0.009100978367038975,0.008161377261434125
ABCN.dev.gold.bea19_001117,fewshot,0.00929611302999839,0.013144123299284095,0.006574635422937259,0.006579782969527681,0.006379779779346225
ABCN.dev.gold.bea19_001117,instruction,0.00929611302999839,0.013144123299284095,0.006574635422937259,0.006579782969527681,0.006379779779346225
ABCN.dev.gold.bea19_001117,role,0.00929611302999839,0.013144123299284095,0.006574635422937259,0.006579782969527681,0.006379779779346225
A.dev.gold.bea19_000525,fewshot,0.013441596629304144,0.018913481694607836,0.009467894257432437,0.009490201077689477,0.009902078713758911
A.dev.gold.bea19_000525,instruction,0.013441596629304144,0.018913481694607836,0.009467894257432437,0.009490201077689477,0.009902078713758911
A.dev.gold.bea19_000525,role,0.013441596629304144,0.018913481694607836,0.009467894257432437,0.009490201077689477,0.009902078713758911
C.train.gold.bea19_007988,fewshot,0.007871853546910862,0.01099705786204649,0.005498528931023317,0.005498528931023461,0.0064857796665578425
C.train.gold.bea19_007988,instruction,0.007871853546910862,0.01099705786204649,0.005498528931023317,0.005498528931023461,0.0064857796665578425
C.train.gold.bea19_007988,role,0.007871853546910862,0.01099705786204649,0.005498528931023317,0.005498528931023461,0.0064857796665578425
ABC.train.gold.bea19_027852,fewshot,0.021323106856624762,0.02946788359472925,0.01616699827759307,0.015454386398654667,0.01439572142286811
ABC.train.gold.bea19_027852,instruction,0.021323106856624762,0.02946788359472925,0.01616699827759307,0.015454386398654667,0.01439572142286811
ABC.train.gold.bea19_027852,role,0.021323106856624762,0.02946788359472925,0.01616699827759307,0.015454386398654667,0.01439572142286811
ABC.train.gold.bea19_007184,fewshot,0.08984231755428908,0.09945369311841981,0.08097745406019972,0.06634588380660791,0.06790932251566376
ABC.train.gold.bea19_007184,instruction,0.08983920984065119,0.09945162130932789,0.08097434634656184,0.06633863247478618,0.0679051788974799
ABC.train.gold.bea19_007184,role,0.056913104888281,0.08027197495565454,0.04076068370153488,0.042010076148950096,0.035783889224474924
ABC.train.gold.bea19_006671,fewshot,0.027353517794326442,0.025614534100626217,0.027059330245143558,0.02137756455912935,0.0240068624893442
ABC.train.gold.bea19_006671,instruction,0.027353517794326442,0.025614534100626217,0.027059330245143558,0.02137756455912935,0.0240068624893442
ABC.train.gold.bea19_006671,role,0.027353517794326442,0.025614534100626217,0.027059330245143558,0.02137756455912935,0.0240068624893442
B.dev.gold.bea19_000811,fewshot,0.010694407722018675,0.013959860133301761,0.009080919214844758,0.008034101080119432,0.008244172702039941
B.dev.gold.bea19_000811,instruction,0.006078375286041242,0.00860575351422037,0.004302876757110221,0.004302876757110293,0.004094475318731684
B.dev.gold.bea19_000811,role,0.006078375286041242,0.00860575351422037,0.004302876757110221,0.004302876757110293,0.004094475318731684
ABC.train.gold.bea19_002383,fewshot,0.011807780320366184,0.016495586793069665,0.008247793396534869,0.008247793396534942,0.00972866949983662
ABC.train.gold.bea19_002383,instruction,0.011807780320366184,0.016495586793069665,0.008247793396534869,0.008247793396534942,0.00972866949983662
ABC.train.gold.bea19_002383,role,0.011807780320366184,0.016495586793069665,0.008247793396534869,0.008247793396534942,0.00972866949983662
C.train.gold.bea19_008615,fewshot,0.014709585297906365,0.017684781829856288,0.014146667397085002,0.011633229283616035,0.013597742803223529
C.train.gold.bea19_008615,instruction,0.014709585297906365,0.017684781829856288,0.014146667397085002,0.011633229283616035,0.013597742803223529
C.train.gold.bea19_008615,role,0.014709585297906365,0.017684781829856288,0.014146667397085002,0.011633229283616035,0.013597742803223529
C.train.gold.bea19_001760,fewshot,0.009032229946742784,0.009475774524809018,0.007555712566335245,0.013191363174196717,0.010037960730995395
C.train.gold.bea19_001760,instruction,0.013943246498266771,0.012749785559158342,0.017715525548972294,0.014152808932193226,0.016585982799694043
C.train.gold.bea19_001760,role,0.0049818598149216796,0.006775527770261615,0.0035053424345141398,0.003740499533280805,0.004637467221900587
C.train.gold.bea19_001049,fewshot,0.0227639492747021,0.032270084879084095,0.016221902458055742,0.01639562249508314,0.014311832115642905
C.train.gold.bea19_001049,instruction,0.019933729957103262,0.028246507163691197,0.0142094389925377,0.014381809813921901,0.012543218890172774
C.train.gold.bea19_001049,role,0.019933729957103262,0.028246507163691197,0.0142094389925377,0.014381809813921901,0.012543218890172774
B.train.gold.bea19_007233,fewshot,0.03336382121277744,0.03870057233272524,0.02967736908706868,0.025259895141023093,0.025968214513984886
B.train.gold.bea19_007233,instruction,0.03336382121277744,0.03870057233272524,0.02967736908706868,0.025259895141023093,0.025968214513984886
B.train.gold.bea19_007233,role,0.03336382121277744,0.03870057233272524,0.02967736908706868,0.025259895141023093,0.025968214513984886
ABC.train.gold.bea19_006950,fewshot,0.09523202156383272,0.06153843935137067,0.11079327524150515,0.0708413863731449,0.0902842994284687
ABC.train.gold.bea19_006950,instruction,0.0987453549987534,0.06615741330308092,0.11341885941196032,0.0740991649328002,0.09296373147703464
ABC.train.gold.bea19_006950,role,0.09523202156383272,0.06153843935137067,0.11079327524150515,0.0708413863731449,0.0902842994284687
B.train.gold.bea19_008079,fewshot,0.07204305356912465,0.04951809780473863,0.08207529821235326,0.05385065397517832,0.0669847230545722
B.train.gold.bea19_008079,instruction,0.07204305356912465,0.04951809780473863,0.08207529821235326,0.05385065397517832,0.0669847230545722
B.train.gold.bea19_008079,role,0.07204305356912465,0.04951809780473863,0.08207529821235326,0.05385065397517832,0.0669847230545722
A.train.gold.bea19_001274,fewshot,0.013135011441647703,0.018515854854527697,0.00925792742726392,0.009257927427264064,0.009493298463550324
A.train.gold.bea19_001274,instruction,0.013135011441647703,0.018515854854527697,0.00925792742726392,0.009257927427264064,0.009493298463550324
A.train.gold.bea19_001274,role,0.013135011441647703,0.018515854854527697,0.00925792742726392,0.009257927427264064,0.009493298463550324
ABC.train.gold.bea19_027991,fewshot,0.04174091538256893,0.04818308972738411,0.036422703954462086,0.03167081675963045,0.03207501676543619
ABC.train.gold.bea19_027991,instruction,0.04174091538256893,0.04818308972738411,0.036422703954462086,0.03167081675963045,0.03207501676543619
ABC.train.gold.bea19_027991,role,0.04174091538256893,0.04818308972738411,0.036422703954462086,0.03167081675963045,0.03207501676543619
B.train.gold.bea19_003652,fewshot,0.02039106922528413,0.028799702431360576,0.014542627049610835,0.014828178717471928,0.013153004581080596
B.train.gold.bea19_003652,instruction,0.02039106922528413,0.028799702431360576,0.014542627049610835,0.014828178717471928,0.013153004581080596
B.train.gold.bea19_003652,role,0.02039106922528413,0.028799702431360576,0.014542627049610835,0.014828178717471928,0.013153004581080596
ABC.train.gold.bea19_013028,fewshot,0.00874639125490911,0.012413072847730293,0.006207198281928456,0.006208521998055075,0.0056468174125605215
ABC.train.gold.bea19_013028,instruction,0.00874639125490911,0.012413072847730293,0.006207198281928456,0.006208521998055075,0.0056468174125605215
ABC.train.gold.bea19_013028,role,0.00874639125490911,0.012413072847730293,0.006207198281928456,0.006208521998055075,0.0056468174125605215
C.train.gold.bea19_002682,fewshot,0.06602616576803001,0.076617767560261,0.06530241744908616,0.05216602092108764,0.054096382892124914
C.train.gold.bea19_002682,instruction,0.06602616576803001,0.076617767560261,0.06530241744908616,0.05216602092108764,0.054096382892124914
C.train.gold.bea19_002682,role,0.0630902467820496,0.07256489599480079,0.0631636680174263,0.0498026441915683,0.05218683677547933
C.dev.gold.bea19_000791,fewshot,0.02431350114416481,0.03442301405688137,0.017211507028440723,0.017211507028440792,0.01637790127492652
C.dev.gold.bea19_000791,instruction,0.02431350114416481,0.03442301405688137,0.017211507028440723,0.017211507028440792,0.01637790127492652
C.dev.gold.bea19_000791,role,0.020890714508270774,0.02758765297609247,0.015564218921477708,0.019105003788340652,0.01582421082305778
ABC.train.gold.bea19_020856,fewshot,0.013787185354691128,0.01938542007191896,0.009692710035959517,0.00969271003595959,0.010362863680941555
ABC.train.gold.bea19_020856,instruction,0.013787185354691128,0.01938542007191896,0.009692710035959517,0.00969271003595959,0.010362863680941555
ABC.train.gold.bea19_020856,role,0.013787185354691128,0.01938542007191896,0.009692710035959517,0.00969271003595959,0.010362863680941555
A.train.gold.bea19_007828,fewshot,0.018424551110582443,0.02561745708777851,0.013687066223567199,0.013313905475338316,0.012535992959473337
A.train.gold.bea19_007828,instruction,0.018424551110582443,0.02561745708777851,0.013687066223567199,0.013313905475338316,0.012535992959473337
A.train.gold.bea19_007828,role,0.018424551110582443,0.02561745708777851,0.013687066223567199,0.013313905475338316,0.012535992959473337
ABC.train.gold.bea19_032335,fewshot,0.0065675057208238515,0.009257927427263848,0.00462896371363196,0.004628963713632032,0.004746649231775162
ABC.train.gold.bea19_032335,instruction,0.0065675057208238515,0.009257927427263848,0.00462896371363196,0.004628963713632032,0.004746649231775162
ABC.train.gold.bea19_032335,role,0.0065675057208238515,0.009257927427263848,0.00462896371363196,0.004628963713632032,0.004746649231775162
ABC.train.gold.bea19_019803,fewshot,0.06504011841876048,0.051319358415417286,0.07035346443053785,0.049584267851986545,0.05819231654919402
ABC.train.gold.bea19_019803,instruction,0.06504011841876048,0.051319358415417286,0.07035346443053785,0.049584267851986545,0.05819231654919402
ABC.train.gold.bea19_019803,role,0.06504011841876048,0.051319358415417286,0.07035346443053785,0.049584267851986545,0.05819231654919402
B.train.gold.bea19_005305,fewshot,0.037038000142803035,0.044959324501246546,0.030963990972685585,0.027345198752575364,0.026769772313018282
B.train.gold.bea19_005305,instruction,0.030286222798153697,0.03896986870267075,0.024192071606389632,0.022253817650440228,0.02110574838481418
B.train.gold.bea19_005305,role,0.030286222798153697,0.03896986870267075,0.024192071606389632,0.022253817650440228,0.02110574838481418
A.train.gold.bea19_009500,fewshot,0.006567505720823798,0.009257927427263812,0.004628963713631906,0.004628963713631906,0.00474664923177509
A.train.gold.bea19_009500,instruction,0.006567505720823798,0.009257927427263812,0.004628963713631906,0.004628963713631906,0.00474664923177509
A.train.gold.bea19_009500,role,0.006567505720823798,0.009257927427263812,0.004628963713631906,0.004628963713631906,0.00474664923177509
C.train.gold.bea19_007945,fewshot,0.036451424309847845,0.0507326414178147,0.027117896573067776,0.026247051275461078,0.02454174870385729
C.train.gold.bea19_007945,instruction,0.036451424309847845,0.0507326414178147,0.027117896573067776,0.026247051275461078,0.02454174870385729
C.train.gold.bea19_007945,role,0.036451424309847845,0.0507326414178147,0.027117896573067776,0.026247051275461078,0.02454174870385729
C.train.gold.bea19_004106,fewshot,0.01289785729145002,0.01819964932093082,0.009099824660465446,0.009099824660465518,0.009177092929953412
C.train.gold.bea19_004106,instruction,0.01289785729145002,0.01819964932093082,0.009099824660465446,0.009099824660465518,0.009177092929953412
C.train.gold.bea19_004106,role,0.01289785729145002,0.01819964932093082,0.009099824660465446,0.009099824660465518,0.009177092929953412
ABC.train.gold.bea19_019702,fewshot,0.015345270035893087,0.02170451804288917,0.010861233858493066,0.010879183532590027,0.010435297391215844
ABC.train.gold.bea19_019702,instruction,0.015345270035893087,0.02170451804288917,0.010861233858493066,0.010879183532590027,0.010435297391215844
ABC.train.gold.bea19_019702,role,0.015345270035893087,0.02170451804288917,0.010861233858493066,0.010879183532590027,0.010435297391215844
C.train.gold.bea19_004390,fewshot,0.023925077346714382,0.027946310327325405,0.020872406927861922,0.017462412635880983,0.017870027940982587
C.train.gold.bea19_004390,instruction,0.023925077346714382,0.027946310327325405,0.020872406927861922,0.017462412635880983,0.017870027940982587
C.train.gold.bea19_004390,role,0.023925077346714382,0.027946310327325405,0.020872406927861922,0.017462412635880983,0.017870027940982587
B.train.gold.bea19_000211,fewshot,0.012496447724327963,0.017374033177678556,0.008977419975928833,0.00955822675010794,0.008641880173790669
B.train.gold.bea19_000211,instruction,0.009481237063404554,0.013103125730031306,0.006841966252105207,0.007422773026284315,0.0066266118238877784
B.train.gold.bea19_000211,role,0.012496447724327963,0.017374033177678556,0.008977419975928833,0.00955822675010794,0.008641880173790669
A.train.gold.bea19_005726,fewshot,0.09034184871816475,0.05896069127068379,0.10492096722122264,0.06734030172499404,0.0854307356342447
A.train.gold.bea19_005726,instruction,0.01197559115179263,0.01696996113472093,0.008484980567360537,0.00848498056736068,0.007947404743743561
A.train.gold.bea19_005726,role,0.01197559115179263,0.01696996113472093,0.008484980567360537,0.00848498056736068,0.007947404743743561
C.train.gold.bea19_008448,fewshot,0.011975591151792576,0.016969961134720893,0.008484980567360483,0.008484980567360556,0.007947404743743489
C.train.gold.bea19_008448,instruction,0.011975591151792576,0.016969961134720893,0.008484980567360483,0.008484980567360556,0.007947404743743489
C.train.gold.bea19_008448,role,0.011975591151792576,0.016969961134720893,0.008484980567360483,0.008484980567360556,0.007947404743743489
B.train.gold.bea19_001159,fewshot,0.028181334510162515,0.03260560971943372,0.024739868179468622,0.020732851912728993,0.021076970773726326
B.train.gold.bea19_001159,instruction,0.028181334510162515,0.03260560971943372,0.024739868179468622,0.020732851912728993,0.021076970773726326
B.train.gold.bea19_001159,role,0.028181334510162515,0.03260560971943372,0.024739868179468622,0.020732851912728993,0.021076970773726326
ABCN.dev.gold.bea19_002622,fewshot,0.021117578574438273,0.02627736141641205,0.017500390856286997,0.02007797465330668,0.018131708775942765
ABCN.dev.gold.bea19_002622,instruction,0.021117578574438273,0.02627736141641205,0.017500390856286997,0.02007797465330668,0.018131708775942765
ABCN.dev.gold.bea19_002622,role,0.021117578574438273,0.02627736141641205,0.017500390856286997,0.02007797465330668,0.018131708775942765
ABC.train.gold.bea19_028572,fewshot,0.026163501397178712,0.03699246376914872,0.018644075742741618,0.01893976345907613,0.01683955574761673
ABC.train.gold.bea19_028572,instruction,0.026163501397178712,0.03699246376914872,0.018644075742741618,0.01893976345907613,0.01683955574761673
ABC.train.gold.bea19_028572,role,0.026163501397178712,0.03699246376914872,0.018644075742741618,0.01893976345907613,0.01683955574761673
B.train.gold.bea19_007314,fewshot,0.01737542658470426,0.0243260716841256,0.012257332436289747,0.012445925624743635,0.013142172789630743
B.train.gold.bea19_007314,instruction,0.01737542658470426,0.0243260716841256,0.012257332436289747,0.012445925624743635,0.013142172789630743
B.train.gold.bea19_007314,role,0.01737542658470426,0.0243260716841256,0.012257332436289747,0.012445925624743635,0.013142172789630743
ABC.train.gold.bea19_001738,fewshot,0.010702487734191211,0.013965246808083453,0.009088999227017294,0.00805295444185535,0.008254946051603323
ABC.train.gold.bea19_001738,instruction,0.014224406140788215,0.01858994407424456,0.011723168369148789,0.011330764602088723,0.010945824729071008
ABC.train.gold.bea19_001738,role,0.010702487734191211,0.013965246808083453,0.009088999227017294,0.00805295444185535,0.008254946051603323
ABCN.dev.gold.bea19_000238,fewshot,0.01657308524262825,0.02274602695440269,0.012140125371652898,0.012861554027540805,0.012072384333529397
ABCN.dev.gold.bea19_000238,instruction,0.01657308524262825,0.02274602695440269,0.012140125371652898,0.012861554027540805,0.012072384333529397
ABCN.dev.gold.bea19_000238,role,0.01657308524262825,0.02274602695440269,0.012140125371652898,0.012861554027540805,0.012072384333529397
ABC.train.gold.bea19_010749,fewshot,0.0912701908076229,0.07366089434031133,0.10169187506413664,0.06932619624273481,0.08354822433497595
ABC.train.gold.bea19_010749,instruction,0.0912701908076229,0.07366089434031133,0.10169187506413664,0.06932619624273481,0.08354822433497595
ABC.train.gold.bea19_010749,role,0.026368233683979756,0.03725437002055009,0.01878609899944233,0.019103926977776894,0.01711253213001812
B.train.gold.bea19_002859,fewshot,0.01233448653607643,0.01711260636675554,0.009039675841878096,0.009268967601429758,0.008425931922788626
B.train.gold.bea19_002859,instruction,0.01233448653607643,0.01711260636675554,0.009039675841878096,0.009268967601429758,0.008425931922788626
B.train.gold.bea19_002859,role,0.01233448653607643,0.01711260636675554,0.009039675841878096,0.009268967601429758,0.008425931922788626
B.train.gold.bea19_006193,fewshot,0.058024940880469424,0.05983782393570139,0.054729762512497476,0.04232821788407725,0.04517635616387308
B.train.gold.bea19_006193,instruction,0.0249885583524028,0.03557371690094806,0.017786858450474067,0.017786858450474136,0.015272965021248846
B.train.gold.bea19_006193,role,0.0249885583524028,0.03557371690094806,0.017786858450474067,0.017786858450474136,0.015272965021248846
ABC.train.gold.bea19_020353,fewshot,0.02868925017457763,0.03617010335081389,0.023197632948639465,0.020943161685561207,0.020741645080182867
ABC.train.gold.bea19_020353,instruction,0.02868925017457763,0.03617010335081389,0.023197632948639465,0.020943161685561207,0.020741645080182867
ABC.train.gold.bea19_020353,role,0.02868925017457763,0.03617010335081389,0.023197632948639465,0.020943161685561207,0.020741645080182867
B.train.gold.bea19_012588,fewshot,0.01289785729145002,0.01819964932093082,0.009099824660465446,0.009099824660465518,0.009177092929953412
B.train.gold.bea19_012588,instruction,0.01289785729145002,0.01819964932093082,0.009099824660465446,0.009099824660465518,0.009177092929953412
B.train.gold.bea19_012588,role,0.01289785729145002,0.01819964932093082,0.009099824660465446,0.009099824660465518,0.009177092929953412
A.train.gold.bea19_001706,fewshot,0.008524027459954286,0.01186662307943776,0.0059333115397189155,0.0059333115397189875,0.007355344883949075
A.train.gold.bea19_001706,instruction,0.008524027459954286,0.01186662307943776,0.0059333115397189155,0.0059333115397189875,0.007355344883949075
A.train.gold.bea19_001706,role,0.008524027459954286,0.01186662307943776,0.0059333115397189155,0.0059333115397189875,0.007355344883949075
C.train.gold.bea19_010390,fewshot,0.018235125858123567,0.025817260542661,0.0129086302713305,0.0129086302713305,0.012283425956194836
C.train.gold.bea19_010390,instruction,0.018235125858123567,0.025817260542661,0.0129086302713305,0.0129086302713305,0.012283425956194836
C.train.gold.bea19_010390,role,0.018235125858123567,0.025817260542661,0.0129086302713305,0.0129086302713305,0.012283425956194836
B.dev.gold.bea19_000888,fewshot,0.02799847724174832,0.038667286015584196,0.02025329907895002,0.02209261122126586,0.019286190207042878
B.dev.gold.bea19_000888,instruction,0.02799847724174832,0.038667286015584196,0.02025329907895002,0.02209261122126586,0.019286190207042878
B.dev.gold.bea19_000888,role,0.02799847724174832,0.038667286015584196,0.02025329907895002,0.02209261122126586,0.019286190207042878
ABC.train.gold.bea19_012384,fewshot,0.02715677870565374,0.037714849310361724,0.020357080778356067,0.019607252716768553,0.0181639254922501
ABC.train.gold.bea19_012384,instruction,0.02715677870565374,0.037714849310361724,0.020357080778356067,0.019607252716768553,0.0181639254922501
ABC.train.gold.bea19_012384,role,0.02715677870565374,0.037714849310361724,0.020357080778356067,0.019607252716768553,0.0181639254922501
ABCN.dev.gold.bea19_000075,fewshot,0.006132723112128145,0.008678217282336274,0.004339108641168137,0.004339108641168137,0.004166939086847553
ABCN.dev.gold.bea19_000075,instruction,0.006132723112128145,0.008678217282336274,0.004339108641168137,0.004339108641168137,0.004166939086847553
ABCN.dev.gold.bea19_000075,role,0.006132723112128145,0.008678217282336274,0.004339108641168137,0.004339108641168137,0.004166939086847553
B.train.gold.bea19_007343,fewshot,0.009610983981693416,0.013315898441756601,0.006657949220878336,0.006657949220878408,0.008804620246267915
B.train.gold.bea19_007343,instruction,0.009610983981693416,0.013315898441756601,0.006657949220878336,0.006657949220878408,0.008804620246267915
B.train.gold.bea19_007343,role,0.009610983981693416,0.013315898441756601,0.006657949220878336,0.006657949220878408,0.008804620246267915
ABC.train.gold.bea19_002638,fewshot,0.007871853546910808,0.010997057862046456,0.005498528931023264,0.005498528931023336,0.0064857796665577705
ABC.train.gold.bea19_002638,instruction,0.007871853546910808,0.010997057862046456,0.005498528931023264,0.005498528931023336,0.0064857796665577705
ABC.train.gold.bea19_002638,role,0.007871853546910808,0.010997057862046456,0.005498528931023264,0.005498528931023336,0.0064857796665577705
ABC.train.gold.bea19_011321,fewshot,0.015080319927824295,0.019522872106181654,0.012922802379006315,0.011372340384167692,0.01208704311178578
ABC.train.gold.bea19_011321,instruction,0.015080319927824295,0.019522872106181654,0.012922802379006315,0.011372340384167692,0.01208704311178578
ABC.train.gold.bea19_011321,role,0.015080319927824295,0.019522872106181654,0.012922802379006315,0.011372340384167692,0.01208704311178578
C.train.gold.bea19_004813,fewshot,0.005884275907159255,0.008346954342377718,0.004173477171188895,0.004173477171188967,0.0038356761468890336
C.train.gold.bea19_004813,instruction,0.005884275907159255,0.008346954342377718,0.004173477171188895,0.004173477171188967,0.0038356761468890336
C.train.gold.bea19_004813,role,0.005884275907159255,0.008346954342377718,0.004173477171188895,0.004173477171188967,0.0038356761468890336
C.train.gold.bea19_007173,fewshot,0.017746500367732884,0.02499529093407036,0.012668114421771574,0.013009052331244364,0.011631925302340591
C.train.gold.bea19_007173,instruction,0.017746500367732884,0.02499529093407036,0.012668114421771574,0.013009052331244364,0.011631925302340591
C.train.gold.bea19_007173,role,0.017746500367732884,0.02499529093407036,0.012668114421771574,0.013009052331244364,0.011631925302340591
C.train.gold.bea19_000241,fewshot,0.030373778695658812,0.034315894069763826,0.027596191204029605,0.024108068633506376,0.024091742372937267
C.train.gold.bea19_000241,instruction,0.030373778695658812,0.034315894069763826,0.027596191204029605,0.024108068633506376,0.024091742372937267
C.train.gold.bea19_000241,role,0.030373778695658812,0.034315894069763826,0.027596191204029605,0.024108068633506376,0.024091742372937267
ABC.train.gold.bea19_002971,fewshot,0.048918884831216,0.06023060743256367,0.040674151183940056,0.035507927581018776,0.0339537238241533
ABC.train.gold.bea19_002971,instruction,0.06299625517586145,0.05453842932396757,0.06567879127504891,0.04658617482248526,0.05346490012159468
ABC.train.gold.bea19_002971,role,0.04773200906997927,0.05454497483822803,0.042153501448539604,0.03482728924046156,0.03494067164133545
ABC.train.gold.bea19_005133,fewshot,0.007126511932003975,0.01000326904217068,0.005001634521085376,0.005001634521085448,0.005491990846681995
ABC.train.gold.bea19_005133,instruction,0.007126511932003975,0.01000326904217068,0.005001634521085376,0.005001634521085448,0.005491990846681995
ABC.train.gold.bea19_005133,role,0.007126511932003975,0.01000326904217068,0.005001634521085376,0.005001634521085448,0.005491990846681995
B.train.gold.bea19_001552,fewshot,0.01825135452097088,0.024004226540187412,0.015160797852614935,0.013604972370987749,0.014310076704652905
B.train.gold.bea19_001552,instruction,0.01825135452097088,0.024004226540187412,0.015160797852614935,0.013604972370987749,0.014310076704652905
B.train.gold.bea19_001552,role,0.01825135452097088,0.024004226540187412,0.015160797852614935,0.013604972370987749,0.014310076704652905
B.dev.gold.bea19_000208,fewshot,0.011784897025171624,0.016214449166394244,0.008107224583197122,0.008107224583197122,0.011703170970905525
B.dev.gold.bea19_000208,instruction,0.011784897025171624,0.016214449166394244,0.008107224583197122,0.008107224583197122,0.011703170970905525
B.dev.gold.bea19_000208,role,0.011784897025171624,0.016214449166394244,0.008107224583197122,0.008107224583197122,0.011703170970905525
ABC.train.gold.bea19_028824,fewshot,0.006266502376342246,0.008856589634621707,0.004428294817310889,0.004428294817310961,0.004345311439133022
ABC.train.gold.bea19_028824,instruction,0.010071199629899242,0.01373251516218981,0.007313888291352208,0.008209149711866814,0.007413228579214031
ABC.train.gold.bea19_028824,role,0.010071199629899242,0.01373251516218981,0.007313888291352208,0.008209149711866814,0.007413228579214031
ABC.train.gold.bea19_025585,fewshot,0.007437070938215155,0.01041734771711892,0.005208673858559496,0.005208673858559568,0.005906069521630235
ABC.train.gold.bea19_025585,instruction,0.011219386978387159,0.015668541956387994,0.007876791358903668,0.00796183212032301,0.008944145043864586
ABC.train.gold.bea19_025585,role,0.011219386978387159,0.015668541956387994,0.007876791358903668,0.00796183212032301,0.008944145043864586
B.train.gold.bea19_011168,fewshot,0.009763860642756797,0.013393843239880798,0.007073438936316785,0.007826473569069556,0.0070034432630241015
B.train.gold.bea19_011168,instruction,0.022586450422462094,0.024237104030143085,0.022642242054340046,0.025474519263887215,0.02209521710463618
B.train.gold.bea19_011168,role,0.009763860642756797,0.013393843239880798,0.007073438936316785,0.007826473569069556,0.0070034432630241015
C.dev.gold.bea19_000110,fewshot,0.020328281326638043,0.02885539121241926,0.014431065460886709,0.014437805170240868,0.013069287382885812
C.dev.gold.bea19_000110,instruction,0.020328281326638043,0.02885539121241926,0.014431065460886709,0.014437805170240868,0.013069287382885812
C.dev.gold.bea19_000110,role,0.020328281326638043,0.02885539121241926,0.014431065460886709,0.014437805170240868,0.013069287382885812
C.train.gold.bea19_007743,fewshot,0.008173126045995821,0.011197906194769798,0.0057998014301082765,0.0062014980955550315,0.0068874763320044535
C.train.gold.bea19_007743,instruction,0.007871853546910808,0.010997057862046456,0.005498528931023264,0.005498528931023336,0.0064857796665577705
C.train.gold.bea19_007743,role,0.007871853546910808,0.010997057862046456,0.005498528931023264,0.005498528931023336,0.0064857796665577705
A.train.gold.bea19_008919,fewshot,0.013135011441647595,0.018515854854527624,0.009257927427263812,0.009257927427263812,0.00949329846355018
A.train.gold.bea19_008919,instruction,0.013135011441647595,0.018515854854527624,0.009257927427263812,0.009257927427263812,0.00949329846355018
A.train.gold.bea19_008919,role,0.013135011441647595,0.018515854854527624,0.009257927427263812,0.009257927427263812,0.00949329846355018
A.train.gold.bea19_000366,fewshot,0.007126511932003975,0.01000326904217068,0.005001634521085376,0.005001634521085448,0.005491990846681995
A.train.gold.bea19_000366,instruction,0.007126511932003975,0.01000326904217068,0.005001634521085376,0.005001634521085448,0.005491990846681995
A.train.gold.bea19_000366,role,0.007126511932003975,0.01000326904217068,0.005001634521085376,0.005001634521085448,0.005491990846681995
B.train.gold.bea19_006332,fewshot,0.006266502376342246,0.008856589634621707,0.004428294817310889,0.004428294817310961,0.004345311439133022
B.train.gold.bea19_006332,instruction,0.006266502376342246,0.008856589634621707,0.004428294817310889,0.004428294817310961,0.004345311439133022
B.train.gold.bea19_006332,role,0.006266502376342246,0.008856589634621707,0.004428294817310889,0.004428294817310961,0.004345311439133022
A.train.gold.bea19_009710,fewshot,0.11727435524779929,0.0774861071598601,0.13591346285713157,0.08757266403611669,0.11033071927776751
A.train.gold.bea19_009710,instruction,0.11727435524779929,0.0774861071598601,0.13591346285713157,0.08757266403611669,0.11033071927776751
A.train.gold.bea19_009710,role,0.11727435524779929,0.0774861071598601,0.13591346285713157,0.08757266403611669,0.11033071927776751
C.dev.gold.bea19_000976,fewshot,0.005915331807780319,0.008388362209872506,0.004194181104936253,0.004194181104936253,0.0038770840143837857
C.dev.gold.bea19_000976,instruction,0.009187143194401209,0.012791973636629247,0.0066054171401351116,0.007024277783776086,0.0062344866652166535
C.dev.gold.bea19_000976,role,0.009187143194401209,0.012791973636629247,0.0066054171401351116,0.007024277783776086,0.0062344866652166535
C.train.gold.bea19_004562,fewshot,0.04305013971671552,0.037063853716475574,0.0449346864250271,0.03174198228938423,0.03673313404295442
C.train.gold.bea19_004562,instruction,0.013973167983485947,0.019883986239835134,0.009942030356810563,0.009942104830596554,0.008605827988006326
C.train.gold.bea19_004562,role,0.013973167983485947,0.019883986239835134,0.009942030356810563,0.009942104830596554,0.008605827988006326
C.train.gold.bea19_003402,fewshot,0.006350114416476079,0.008968072354800113,0.004484036177400129,0.004484036177400273,0.004456794159311465
C.train.gold.bea19_003402,instruction,0.006350114416476079,0.008968072354800113,0.004484036177400129,0.004484036177400273,0.004456794159311465
C.train.gold.bea19_003402,role,0.006350114416476079,0.008968072354800113,0.004484036177400129,0.004484036177400273,0.004456794159311465
ABC.train.gold.bea19_003657,fewshot,0.03453687379168267,0.045873463429570153,0.026571329956880607,0.02498291093062233,0.022924508494387846
ABC.train.gold.bea19_003657,instruction,0.03453687379168267,0.045873463429570153,0.026571329956880607,0.02498291093062233,0.022924508494387846
ABC.train.gold.bea19_003657,role,0.031935947340829454,0.04201372698414645,0.02492534293617766,0.023191320026576204,0.02146161909124521
A.train.gold.bea19_005175,fewshot,0.0067124332570557355,0.009451164142239694,0.004725582071119882,0.004725582071119954,0.004939885946751007
A.train.gold.bea19_005175,instruction,0.0067124332570557355,0.009451164142239694,0.004725582071119882,0.004725582071119954,0.004939885946751007
A.train.gold.bea19_005175,role,0.0067124332570557355,0.009451164142239694,0.004725582071119882,0.004725582071119954,0.004939885946751007
C.train.gold.bea19_009083,fewshot,0.06385558292115691,0.08560430283108522,0.04880768049027927,0.045814895751014786,0.04124064227544274
C.train.gold.bea19_009083,instruction,0.05524027459954239,0.07866623079437729,0.03933311539718868,0.03933311539718875,0.033553448839490095
C.train.gold.bea19_009083,role,0.05524027459954239,0.07866623079437729,0.03933311539718868,0.03933311539718875,0.033553448839490095
ABC.train.gold.bea19_009890,fewshot,0.015698766399822518,0.02184960257536386,0.01126002007749496,0.011930457657121016,0.010906625876455085
ABC.train.gold.bea19_009890,instruction,0.015698766399822518,0.02184960257536386,0.01126002007749496,0.011930457657121016,0.010906625876455085
ABC.train.gold.bea19_009890,role,0.015698766399822518,0.02184960257536386,0.01126002007749496,0.011930457657121016,0.010906625876455085
ABC.train.gold.bea19_025866,fewshot,0.016542488844663007,0.020980743171513744,0.013454282577725449,0.014954624036991875,0.014036601667570732
ABC.train.gold.bea19_025866,instruction,0.016542488844663007,0.020980743171513744,0.013454282577725449,0.014954624036991875,0.014036601667570732
ABC.train.gold.bea19_025866,role,0.016542488844663007,0.020980743171513744,0.013454282577725449,0.014954624036991875,0.014036601667570732
A.train.gold.bea19_005394,fewshot,0.013159928680318686,0.01853246634697502,0.009282844665934903,0.00931606765082969,0.009526521448444967
A.train.gold.bea19_005394,instruction,0.013159928680318686,0.01853246634697502,0.009282844665934903,0.00931606765082969,0.009526521448444967
A.train.gold.bea19_005394,role,0.013159928680318686,0.01853246634697502,0.009282844665934903,0.00931606765082969,0.009526521448444967
B.train.gold.bea19_004827,fewshot,0.006078375286041242,0.00860575351422037,0.004302876757110221,0.004302876757110293,0.004094475318731684
B.train.gold.bea19_004827,instruction,0.006078375286041242,0.00860575351422037,0.004302876757110221,0.004302876757110293,0.004094475318731684
B.train.gold.bea19_004827,role,0.006078375286041242,0.00860575351422037,0.004302876757110221,0.004302876757110293,0.004094475318731684
ABC.train.gold.bea19_032498,fewshot,0.07171909375396508,0.04925916188626314,0.08177281975137823,0.053202154510729044,0.0665527766343595
ABC.train.gold.bea19_032498,instruction,0.07171909375396508,0.04925916188626314,0.08177281975137823,0.053202154510729044,0.0665527766343595
ABC.train.gold.bea19_032498,role,0.07171909375396508,0.04925916188626314,0.08177281975137823,0.053202154510729044,0.0665527766343595
C.train.gold.bea19_006740,fewshot,0.015896417848270446,0.02190144693400519,0.01195245471792519,0.011681809444002095,0.011170161141052326
C.train.gold.bea19_006740,instruction,0.015896417848270446,0.02190144693400519,0.01195245471792519,0.011681809444002095,0.011170161141052326
C.train.gold.bea19_006740,role,0.015896417848270446,0.02190144693400519,0.01195245471792519,0.011681809444002095,0.011170161141052326
ABC.train.gold.bea19_034031,fewshot,0.03104753373446879,0.03750024196124977,0.028098327966133364,0.02830798525771242,0.027361623926660146
ABC.train.gold.bea19_034031,instruction,0.030341056290822538,0.037029256998818934,0.02739185052248711,0.0266595378892045,0.026419654001798475
ABC.train.gold.bea19_034031,role,0.030341056290822538,0.037029256998818934,0.02739185052248711,0.0266595378892045,0.026419654001798475
B.train.gold.bea19_004072,fewshot,0.07115302038905713,0.06922350061064485,0.07058812617775662,0.05264023703919865,0.05789644003571708
B.train.gold.bea19_004072,instruction,0.047134039834828494,0.057113285932216006,0.04031987451592042,0.03446034495308353,0.03367601067885939
B.train.gold.bea19_004072,role,0.07115302038905713,0.06922350061064485,0.07058812617775662,0.05264023703919865,0.05789644003571708
ABC.train.gold.bea19_024567,fewshot,0.005728996404053665,0.0081399150049036,0.004069957502451835,0.004069957502451907,0.0036286368094149133
ABC.train.gold.bea19_024567,instruction,0.005728996404053665,0.0081399150049036,0.004069957502451835,0.004069957502451907,0.0036286368094149133
ABC.train.gold.bea19_024567,role,0.005728996404053665,0.0081399150049036,0.004069957502451835,0.004069957502451907,0.0036286368094149133
ABC.train.gold.bea19_025698,fewshot,0.0185845047401112,0.026283099051977805,0.013141549525988939,0.013141549525989012,0.012749264465511676
ABC.train.gold.bea19_025698,instruction,0.0185845047401112,0.026283099051977805,0.013141549525988939,0.013141549525989012,0.012749264465511676
ABC.train.gold.bea19_025698,role,0.0185845047401112,0.026283099051977805,0.013141549525988939,0.013141549525989012,0.012749264465511676
ABC.train.gold.bea19_013856,fewshot,0.0445333724990463,0.046912771742671756,0.041444896940904155,0.03330507272342671,0.035777161661217985
ABC.train.gold.bea19_013856,instruction,0.0445333724990463,0.046912771742671756,0.041444896940904155,0.03330507272342671,0.035777161661217985
ABC.train.gold.bea19_013856,role,0.0445333724990463,0.046912771742671756,0.041444896940904155,0.03330507272342671,0.035777161661217985
ABC.train.gold.bea19_031480,fewshot,0.006350114416476025,0.008968072354800079,0.004484036177400075,0.004484036177400147,0.004456794159311393
ABC.train.gold.bea19_031480,instruction,0.006350114416476025,0.008968072354800079,0.004484036177400075,0.004484036177400147,0.004456794159311393
ABC.train.gold.bea19_031480,role,0.006350114416476025,0.008968072354800079,0.004484036177400075,0.004484036177400147,0.004456794159311393
ABC.train.gold.bea19_025089,fewshot,0.02598729744425131,0.036427557063237984,0.01916875380371316,0.01869288778830464,0.016604617143713526
ABC.train.gold.bea19_025089,instruction,0.02598729744425131,0.036427557063237984,0.01916875380371316,0.01869288778830464,0.016604617143713526
ABC.train.gold.bea19_025089,role,0.02598729744425131,0.036427557063237984,0.01916875380371316,0.01869288778830464,0.016604617143713526
ABC.train.gold.bea19_007470,fewshot,0.014107939836355433,0.02000243826074126,0.010062500150183482,0.01018506218980919,0.008785523791832308
ABC.train.gold.bea19_007470,instruction,0.014107939836355433,0.02000243826074126,0.010062500150183482,0.01018506218980919,0.008785523791832308
ABC.train.gold.bea19_007470,role,0.014107939836355433,0.02000243826074126,0.010062500150183482,0.01018506218980919,0.008785523791832308
ABCN.dev.gold.bea19_000526,fewshot,0.0874215949693732,0.06858175109374866,0.09443957294754836,0.06713433820838524,0.0789091707066212
ABCN.dev.gold.bea19_000526,instruction,0.08147193821880112,0.06014762229348713,0.0902225085474176,0.06291727380825449,0.07498632010184841
ABCN.dev.gold.bea19_000526,role,0.08147193821880112,0.06014762229348713,0.0902225085474176,0.06291727380825449,0.07498632010184841
ABC.train.gold.bea19_032375,fewshot,0.010685599007297505,0.014324541016504775,0.007837074534059074,0.009186682585672446,0.00823242774907838
ABC.train.gold.bea19_032375,instruction,0.010685599007297505,0.014324541016504775,0.007837074534059074,0.009186682585672446,0.00823242774907838
ABC.train.gold.bea19_032375,role,0.010685599007297505,0.014324541016504775,0.007837074534059074,0.009186682585672446,0.00823242774907838
ABC.train.gold.bea19_020393,fewshot,0.007437070938215155,0.01041734771711892,0.005208673858559496,0.005208673858559568,0.005906069521630235
ABC.train.gold.bea19_020393,instruction,0.007437070938215155,0.01041734771711892,0.005208673858559496,0.005208673858559568,0.005906069521630235
ABC.train.gold.bea19_020393,role,0.007437070938215155,0.01041734771711892,0.005208673858559496,0.005208673858559568,0.005906069521630235
C.train.gold.bea19_002483,fewshot,0.006078375286041189,0.008605753514220334,0.004302876757110167,0.004302876757110167,0.004094475318731612
C.train.gold.bea19_002483,instruction,0.009618000204105772,0.013242255121359826,0.006954752410709238,0.007622002110767889,0.006808962678156069
C.train.gold.bea19_002483,role,0.009618000204105772,0.013242255121359826,0.006954752410709238,0.007622002110767889,0.006808962678156069
ABC.train.gold.bea19_027147,fewshot,0.011768551814318403,0.016693908684755364,0.008346954342377682,0.008346954342377682,0.007671352293777923
ABC.train.gold.bea19_027147,instruction,0.011768551814318403,0.016693908684755364,0.008346954342377682,0.008346954342377682,0.007671352293777923
ABC.train.gold.bea19_027147,role,0.01471896463059452,0.020872902431075216,0.010441967790668619,0.01045300094093064,0.009600223517484423
ABC.train.gold.bea19_029845,fewshot,0.021059011302816694,0.029201642758535137,0.01586210189446721,0.015235385066198636,0.014043594017790683
ABC.train.gold.bea19_029845,instruction,0.014365624205441137,0.020407298439335052,0.010203649219667526,0.010203649219667526,0.009129102950613248
ABC.train.gold.bea19_029845,role,0.014365624205441137,0.020407298439335052,0.010203649219667526,0.010203649219667526,0.009129102950613248
ABC.train.gold.bea19_007104,fewshot,0.031607867729399754,0.041725720253728636,0.025366838080094302,0.025223616636481337,0.024098710857244788
ABC.train.gold.bea19_007104,instruction,0.031607867729399754,0.041725720253728636,0.025366838080094302,0.025223616636481337,0.024098710857244788
ABC.train.gold.bea19_007104,role,0.027263324829208513,0.03653449071647572,0.021580639964470766,0.020748564081425135,0.02031099952165145
ABC.train.gold.bea19_001798,fewshot,0.0067124332570557355,0.009451164142239694,0.004725582071119882,0.004725582071119954,0.004939885946751007
ABC.train.gold.bea19_001798,instruction,0.0067124332570557355,0.009451164142239694,0.004725582071119882,0.004725582071119954,0.004939885946751007
ABC.train.gold.bea19_001798,role,0.0067124332570557355,0.009451164142239694,0.004725582071119882,0.004725582071119954,0.004939885946751007
ABC.train.gold.bea19_000671,fewshot,0.0773647996428345,0.06517945343956211,0.08106960513482536,0.05802936196491391,0.06710294087716279
ABC.train.gold.bea19_000671,instruction,0.026499083826677462,0.03710868419435684,0.019033408769469226,0.019991542114050843,0.017286998986948403
ABC.train.gold.bea19_000671,role,0.07396305470423914,0.06075133144606462,0.07849737964703091,0.05474080749502806,0.06457229349036397
ABC.train.gold.bea19_028859,fewshot,0.012156750572082377,0.017211507028440667,0.008605753514220334,0.008605753514220334,0.008188950637463223
ABC.train.gold.bea19_028859,instruction,0.012156750572082377,0.017211507028440667,0.008605753514220334,0.008605753514220334,0.008188950637463223
ABC.train.gold.bea19_028859,role,0.012156750572082377,0.017211507028440667,0.008605753514220334,0.008605753514220334,0.008188950637463223
ABC.train.gold.bea19_006819,fewshot,0.014874141876430205,0.021085322000653807,0.010542661000326903,0.010542661000326903,0.009807126511932003
ABC.train.gold.bea19_006819,instruction,0.01823385184395209,0.0255589741289418,0.013036074792628133,0.013549250248942598,0.01228172727063287
ABC.train.gold.bea19_006819,role,0.014874141876430205,0.021085322000653807,0.010542661000326903,0.010542661000326903,0.009807126511932003
B.train.gold.bea19_001958,fewshot,0.015223205666720377,0.02131803119418059,0.010891724790617075,0.011357143177670639,0.010272544898985566
B.train.gold.bea19_001958,instruction,0.009273548916148294,0.012883902393919067,0.006674660390486315,0.007140078777539878,0.006349694294212766
B.train.gold.bea19_001958,role,0.009273548916148294,0.012883902393919067,0.006674660390486315,0.007140078777539878,0.006349694294212766
ABC.train.gold.bea19_010837,fewshot,0.05568021089606331,0.048946535734746784,0.057413962980625476,0.04095461346647833,0.04737397011791372
ABC.train.gold.bea19_010837,instruction,0.05568021089606331,0.048946535734746784,0.057413962980625476,0.04095461346647833,0.04737397011791372
ABC.train.gold.bea19_010837,role,0.05568021089606331,0.048946535734746784,0.057413962980625476,0.04095461346647833,0.04737397011791372
A.train.gold.bea19_010153,fewshot,0.0923480567528573,0.057558028396926676,0.10897232092801415,0.06940036990063238,0.08873706583820336
A.train.gold.bea19_010153,instruction,0.0923480567528573,0.057558028396926676,0.10897232092801415,0.06940036990063238,0.08873706583820336
A.train.gold.bea19_010153,role,0.0923480567528573,0.057558028396926676,0.10897232092801415,0.06940036990063238,0.08873706583820336
B.train.gold.bea19_005605,fewshot,0.010105537353448884,0.013755406977889571,0.00734822601490185,0.008289271066815979,0.007459012210613554
B.train.gold.bea19_005605,instruction,0.010105537353448884,0.013755406977889571,0.00734822601490185,0.008289271066815979,0.007459012210613554
B.train.gold.bea19_005605,role,0.010105537353448884,0.013755406977889571,0.00734822601490185,0.008289271066815979,0.007459012210613554
B.train.gold.bea19_001450,fewshot,0.023995673533247486,0.030879264349708814,0.01923952061343293,0.017424715500126642,0.017006762705984148
B.train.gold.bea19_001450,instruction,0.01749079693562835,0.024824821979334,0.012412410989667036,0.01241241098966711,0.011290987392867874
B.train.gold.bea19_001450,role,0.01749079693562835,0.024824821979334,0.012412410989667036,0.01241241098966711,0.011290987392867874
A.train.gold.bea19_006943,fewshot,0.01832499195077431,0.02525008097009148,0.013996667135932441,0.013316792330458198,0.01240324741306249
A.train.gold.bea19_006943,instruction,0.017294490406618606,0.024563079940654344,0.012281539970327209,0.012281539970327281,0.011029245354188217
A.train.gold.bea19_006943,role,0.017294490406618606,0.024563079940654344,0.012281539970327209,0.012281539970327281,0.011029245354188217
ABC.train.gold.bea19_025978,fewshot,0.02139219154844463,0.019644087559087725,0.02146625325981539,0.016505377660948978,0.018871520834244277
ABC.train.gold.bea19_025978,instruction,0.02139219154844463,0.019644087559087725,0.02146625325981539,0.016505377660948978,0.018871520834244277
ABC.train.gold.bea19_025978,role,0.02139219154844463,0.019644087559087725,0.02146625325981539,0.016505377660948978,0.018871520834244277
ABCN.dev.gold.bea19_001688,fewshot,5.396103402177092e-17,3.5974022681180616e-17,5.396103402177092e-17,1.2590907938413215e-16,7.194804536236123e-17
ABCN.dev.gold.bea19_001688,instruction,0.004503781088077588,0.006094489778452509,0.0032084231279599024,0.0035307796054271975,0.004000028919441796
ABCN.dev.gold.bea19_001688,role,0.004503781088077588,0.006094489778452509,0.0032084231279599024,0.0035307796054271975,0.004000028919441796
ABC.train.gold.bea19_028782,fewshot,0.023830619388404417,0.03052585043241345,0.019836503653727723,0.019876109094274806,0.019744083996569302
ABC.train.gold.bea19_028782,instruction,0.023830619388404417,0.03052585043241345,0.019836503653727723,0.019876109094274806,0.019744083996569302
ABC.train.gold.bea19_028782,role,0.023830619388404417,0.03052585043241345,0.019836503653727723,0.019876109094274806,0.019744083996569302
B.train.gold.bea19_010481,fewshot,0.011784897025171732,0.016214449166394317,0.00810722458319723,0.008107224583197374,0.011703170970905669
B.train.gold.bea19_010481,instruction,0.011784897025171732,0.016214449166394317,0.00810722458319723,0.008107224583197374,0.011703170970905669
B.train.gold.bea19_010481,role,0.011784897025171732,0.016214449166394317,0.00810722458319723,0.008107224583197374,0.011703170970905669
B.train.gold.bea19_004392,fewshot,0.01587120131414225,0.02188463591125306,0.011599188406852425,0.012279070418258767,0.011136539095548062
B.train.gold.bea19_004392,instruction,0.01587120131414225,0.02188463591125306,0.011599188406852425,0.012279070418258767,0.011136539095548062
B.train.gold.bea19_004392,role,0.01587120131414225,0.02188463591125306,0.011599188406852425,0.012279070418258767,0.011136539095548062
ABC.train.gold.bea19_033245,fewshot,0.02032298220335191,0.027317860424987146,0.01603672156642565,0.015319390394521008,0.015067234416499299
ABC.train.gold.bea19_033245,instruction,0.02032298220335191,0.027317860424987146,0.01603672156642565,0.015319390394521008,0.015067234416499299
ABC.train.gold.bea19_033245,role,0.02032298220335191,0.027317860424987146,0.01603672156642565,0.015319390394521008,0.015067234416499299
A.train.gold.bea19_005330,fewshot,0.007126511932003975,0.01000326904217068,0.005001634521085376,0.005001634521085448,0.005491990846681995
A.train.gold.bea19_005330,instruction,0.007126511932003975,0.01000326904217068,0.005001634521085376,0.005001634521085448,0.005491990846681995
A.train.gold.bea19_005330,role,0.007126511932003975,0.01000326904217068,0.005001634521085376,0.005001634521085448,0.005491990846681995
C.train.gold.bea19_007190,fewshot,0.03397104886321492,0.044761018115562684,0.026678437882195472,0.024529918515043728,0.022098041461592843
C.train.gold.bea19_007190,instruction,0.028536266254519264,0.0370133881711364,0.02280462290998233,0.020656103542830585,0.018861689712655286
C.train.gold.bea19_007190,role,0.028536266254519264,0.0370133881711364,0.02280462290998233,0.020656103542830585,0.018861689712655286
B.train.gold.bea19_009540,fewshot,0.09141363188215448,0.06280686497276028,0.10418096628591485,0.06970943051606796,0.08604524351204557
B.train.gold.bea19_009540,instruction,0.09883367436861168,0.07615331429025952,0.10744401161134458,0.08484863081143162,0.09295389893030656
B.train.gold.bea19_009540,role,0.09883367436861168,0.07615331429025952,0.10744401161134458,0.08484863081143162,0.09295389893030656
ABC.train.gold.bea19_016894,fewshot,0.021576003749008615,0.02980248942812349,0.015621146249528692,0.017060949320462586,0.01473291727937991
ABC.train.gold.bea19_016894,instruction,0.014641452924494267,0.020774173565461233,0.010387983282008606,0.010389776280564584,0.009496874576017417
ABC.train.gold.bea19_016894,role,0.021576003749008615,0.02980248942812349,0.015621146249528692,0.017060949320462586,0.01473291727937991
ABC.train.gold.bea19_000791,fewshot,0.006350114416476025,0.008968072354800079,0.004484036177400075,0.004484036177400147,0.004456794159311393
ABC.train.gold.bea19_000791,instruction,0.006350114416476025,0.008968072354800079,0.004484036177400075,0.004484036177400147,0.004456794159311393
ABC.train.gold.bea19_000791,role,0.006350114416476025,0.008968072354800079,0.004484036177400075,0.004484036177400147,0.004456794159311393
B.train.gold.bea19_002543,fewshot,0.009377678855636925,0.010986448647574011,0.00894309055231908,0.008685373330592702,0.008493546744859259
B.train.gold.bea19_002543,instruction,0.009377678855636925,0.010986448647574011,0.00894309055231908,0.008685373330592702,0.008493546744859259
B.train.gold.bea19_002543,role,0.010031858552879027,0.013789899817643444,0.007514591048847978,0.007344624055986105,0.0073607738098537415
ABC.train.gold.bea19_015602,fewshot,0.009035061813227453,0.012763049817296018,0.006417692598331603,0.006487084360557693,0.006031711490318312
ABC.train.gold.bea19_015602,instruction,0.009035061813227453,0.012763049817296018,0.006417692598331603,0.006487084360557693,0.006031711490318312
ABC.train.gold.bea19_015602,role,0.009035061813227453,0.012763049817296018,0.006417692598331603,0.006487084360557693,0.006031711490318312
ABC.train.gold.bea19_001720,fewshot,0.009215384476955454,0.008873239863791378,0.01058006667293538,0.010472556475975985,0.010282166771278953
ABC.train.gold.bea19_001720,instruction,0.008811796005137904,0.011333831095067418,0.006583398925482245,0.008416365681379316,0.007739036277527233
ABC.train.gold.bea19_001720,role,0.008811796005137904,0.011333831095067418,0.006583398925482245,0.008416365681379316,0.007739036277527233
C.train.gold.bea19_003431,fewshot,0.058830152962444045,0.06553165771220353,0.05251882211818469,0.04291400073723559,0.04388354202484243
C.train.gold.bea19_003431,instruction,0.058830152962444045,0.06553165771220353,0.05251882211818469,0.04291400073723559,0.04388354202484243
C.train.gold.bea19_003431,role,0.043690047825721744,0.05536923925972948,0.035087512616489916,0.031578337667809396,0.029785831791291805
ABCN.dev.gold.bea19_000125,fewshot,0.05167542304823599,0.06998796431883356,0.039349841763149526,0.03722241145033618,0.033830129356856406
ABCN.dev.gold.bea19_000125,instruction,0.04606901572558153,0.06201150142246221,0.03536161031496385,0.033234180002150504,0.030364944655973763
ABCN.dev.gold.bea19_000125,role,0.04612288366420719,0.06204741338154598,0.03541547825358951,0.033359871858943714,0.030436768574141314
ABC.train.gold.bea19_012163,fewshot,0.015875286041190036,0.022420180887000183,0.011210090443500163,0.011210090443500307,0.011141985398278448
ABC.train.gold.bea19_012163,instruction,0.015875286041190036,0.022420180887000183,0.011210090443500163,0.011210090443500307,0.011141985398278448
ABC.train.gold.bea19_012163,role,0.015875286041190036,0.022420180887000183,0.011210090443500163,0.011210090443500307,0.011141985398278448
ABC.train.gold.bea19_004914,fewshot,0.022079940260325795,0.030784033400095154,0.015802289611965767,0.016622835435802143,0.015404832627802815
ABC.train.gold.bea19_004914,instruction,0.022079940260325795,0.030784033400095154,0.015802289611965767,0.016622835435802143,0.015404832627802815
ABC.train.gold.bea19_004914,role,0.018406698517429737,0.026040337967705694,0.013025855104549714,0.013037227345943448,0.012512189501936395
B.train.gold.bea19_011259,fewshot,0.03135063984242588,0.03724487463833078,0.02720478279217425,0.02339313623691669,0.023586839829129704
B.train.gold.bea19_011259,instruction,0.03135063984242588,0.03724487463833078,0.02720478279217425,0.02339313623691669,0.023586839829129704
B.train.gold.bea19_011259,role,0.03135063984242588,0.03724487463833078,0.02720478279217425,0.02339313623691669,0.023586839829129704
C.train.gold.bea19_000033,fewshot,0.006350114416476079,0.008968072354800113,0.004484036177400129,0.004484036177400273,0.004456794159311465
C.train.gold.bea19_000033,instruction,0.006350114416476079,0.008968072354800113,0.004484036177400129,0.004484036177400273,0.004456794159311465
C.train.gold.bea19_000033,role,0.006350114416476079,0.008968072354800113,0.004484036177400129,0.004484036177400273,0.004456794159311465
C.train.gold.bea19_009702,fewshot,0.01811285682894298,0.02540966090001887,0.012949404720410784,0.013438553261213482,0.012120400583954055
C.train.gold.bea19_009702,instruction,0.01811285682894298,0.02540966090001887,0.012949404720410784,0.013438553261213482,0.012120400583954055
C.train.gold.bea19_009702,role,0.01811285682894298,0.02540966090001887,0.012949404720410784,0.013438553261213482,0.012120400583954055
B.train.gold.bea19_004880,fewshot,0.009610983981693416,0.013315898441756601,0.006657949220878336,0.006657949220878408,0.008804620246267915
B.train.gold.bea19_004880,instruction,0.009610983981693416,0.013315898441756601,0.006657949220878336,0.006657949220878408,0.008804620246267915
B.train.gold.bea19_004880,role,0.009610983981693416,0.013315898441756601,0.006657949220878336,0.006657949220878408,0.008804620246267915
B.train.gold.bea19_012487,fewshot,0.027485861530626383,0.03842851703654486,0.01997806291575155,0.020061336900154252,0.01860270259221363
B.train.gold.bea19_012487,instruction,0.027485861530626383,0.03842851703654486,0.01997806291575155,0.020061336900154252,0.01860270259221363
B.train.gold.bea19_012487,role,0.027485861530626383,0.03842851703654486,0.01997806291575155,0.020061336900154252,0.01860270259221363
ABC.train.gold.bea19_027175,fewshot,0.005856043270230912,0.008309310826473298,0.004154655413236649,0.004154655413236649,0.003798032630984576
ABC.train.gold.bea19_027175,instruction,0.005856043270230912,0.008309310826473298,0.004154655413236649,0.004154655413236649,0.003798032630984576
ABC.train.gold.bea19_027175,role,0.005856043270230912,0.008309310826473298,0.004154655413236649,0.004154655413236649,0.003798032630984576
C.train.gold.bea19_003886,fewshot,0.01013095771395087,0.013772353884890894,0.007373646375403836,0.008348585241320615,0.007492906024616202
C.train.gold.bea19_003886,instruction,0.01013095771395087,0.013772353884890894,0.007373646375403836,0.008348585241320615,0.007492906024616202
C.train.gold.bea19_003886,role,0.01013095771395087,0.013772353884890894,0.007373646375403836,0.008348585241320615,0.007492906024616202
B.train.gold.bea19_007864,fewshot,0.048610483082759774,0.060132223508590335,0.04018311318328223,0.035400122836275444,0.033666878928160164
B.train.gold.bea19_007864,instruction,0.0721416289277599,0.07197350022576991,0.06978630497623119,0.05316203791204482,0.057349432362519326
B.train.gold.bea19_007864,role,0.0721416289277599,0.07197350022576991,0.06978630497623119,0.05316203791204482,0.057349432362519326
ABC.train.gold.bea19_024768,fewshot,0.025716493839344004,0.029171562697802578,0.022519669669676595,0.018750385048275964,0.019644204179521473
ABC.train.gold.bea19_024768,instruction,0.025716493839344004,0.029171562697802578,0.022519669669676595,0.018750385048275964,0.019644204179521473
ABC.train.gold.bea19_024768,role,0.025716493839344004,0.029171562697802578,0.022519669669676595,0.018750385048275964,0.019644204179521473
ABC.train.gold.bea19_009892,fewshot,0.013993197785305073,0.01859108467369472,0.011389684450962903,0.01045235130383064,0.010637546921760152
ABC.train.gold.bea19_009892,instruction,0.009871547034826738,0.01352774596916966,0.007437145060471205,0.007348311048715966,0.007147025119117357
ABC.train.gold.bea19_009892,role,0.013993838258116982,0.018591511655569326,0.011390324923774812,0.010453845740391762,0.010638400885509365
A.train.gold.bea19_009028,fewshot,0.13634730187641805,0.08726906913211073,0.1596503680748089,0.10253527374581926,0.1296660766873544
A.train.gold.bea19_009028,instruction,0.0696691676798022,0.05114065446734752,0.07783531712963697,0.05210395738138552,0.06381954186880899
A.train.gold.bea19_009028,role,0.13634730187641805,0.08726906913211073,0.1596503680748089,0.10253527374581926,0.1296660766873544
C.train.gold.bea19_007616,fewshot,0.10088774665920233,0.06473379135793497,0.11759099564817345,0.07607473981365633,0.09628680468383333
C.train.gold.bea19_007616,instruction,0.01618377526265314,0.02236704119613293,0.011647979250884588,0.012576896556520837,0.01155330436022925
C.train.gold.bea19_007616,role,0.01618377526265314,0.02236704119613293,0.011647979250884588,0.012576896556520837,0.01155330436022925
ABCN.dev.gold.bea19_002735,fewshot,0.06696705735040459,0.04723542082050512,0.07590492858260246,0.05036585054467202,0.06222174062760718
ABCN.dev.gold.bea19_002735,instruction,0.06696705735040459,0.04723542082050512,0.07590492858260246,0.05036585054467202,0.06222174062760718
ABCN.dev.gold.bea19_002735,role,0.012136070540060554,0.01698032903607829,0.008693769134372422,0.009100978367038975,0.008161377261434125
ABC.train.gold.bea19_033598,fewshot,0.022803867797246864,0.0321580105899048,0.016331164299371745,0.016835482308210435,0.014365056812369258
ABC.train.gold.bea19_033598,instruction,0.022803867797246864,0.0321580105899048,0.016331164299371745,0.016835482308210435,0.014365056812369258
ABC.train.gold.bea19_033598,role,0.022803867797246864,0.0321580105899048,0.016331164299371745,0.016835482308210435,0.014365056812369258
B.train.gold.bea19_006075,fewshot,0.011529660271079087,0.016375386627102907,0.00818769331355149,0.008187693313551563,0.007352830236125503
B.train.gold.bea19_006075,instruction,0.011529660271079087,0.016375386627102907,0.00818769331355149,0.008187693313551563,0.007352830236125503
B.train.gold.bea19_006075,role,0.011529660271079087,0.016375386627102907,0.00818769331355149,0.008187693313551563,0.007352830236125503
C.train.gold.bea19_001125,fewshot,0.008524027459954286,0.01186662307943776,0.0059333115397189155,0.0059333115397189875,0.007355344883949075
C.train.gold.bea19_001125,instruction,0.008524027459954286,0.01186662307943776,0.0059333115397189155,0.0059333115397189875,0.007355344883949075
C.train.gold.bea19_001125,role,0.008524027459954286,0.01186662307943776,0.0059333115397189155,0.0059333115397189875,0.007355344883949075
C.train.gold.bea19_006000,fewshot,0.06191154516450373,0.0444130154088856,0.06980574203526713,0.04603018266671435,0.056939248644947836
C.train.gold.bea19_006000,instruction,0.011613272311212865,0.01648686934728128,0.008243434673640677,0.00824343467364075,0.0074643129563038745
C.train.gold.bea19_006000,role,0.011613272311212865,0.01648686934728128,0.008243434673640677,0.00824343467364075,0.0074643129563038745
ABC.train.gold.bea19_007414,fewshot,0.007126511932003975,0.01000326904217068,0.005001634521085376,0.005001634521085448,0.005491990846681995
ABC.train.gold.bea19_007414,instruction,0.007126511932003975,0.01000326904217068,0.005001634521085376,0.005001634521085448,0.005491990846681995
ABC.train.gold.bea19_007414,role,0.007126511932003975,0.01000326904217068,0.005001634521085376,0.005001634521085448,0.005491990846681995
A.train.gold.bea19_000090,fewshot,0.009299812390350074,0.013146589539518552,0.006578334783288944,0.00658841481034828,0.006384712259815138
A.train.gold.bea19_000090,instruction,0.026390837300195157,0.02465837548581926,0.026233260808062656,0.020202588868440646,0.02277212854600923
A.train.gold.bea19_000090,role,0.041272134170366875,0.03499004969871132,0.04328504161893108,0.03135232708718739,0.03679932136538604
B.train.gold.bea19_011650,fewshot,0.011660531290418915,0.016549881319556013,0.008274940659778043,0.008274940659778116,0.007527324928578607
B.train.gold.bea19_011650,instruction,0.011660531290418915,0.016549881319556013,0.008274940659778043,0.008274940659778116,0.007527324928578607
B.train.gold.bea19_011650,role,0.011660531290418915,0.016549881319556013,0.008274940659778043,0.008274940659778116,0.007527324928578607
B.train.gold.bea19_010925,fewshot,0.011959279276430578,0.016572613121194537,0.00866190540697433,0.009413103099728454,0.007925655576594158
B.train.gold.bea19_010925,instruction,0.011959279276430578,0.016572613121194537,0.00866190540697433,0.009413103099728454,0.007925655576594158
B.train.gold.bea19_010925,role,0.008688458433157333,0.012242125824785503,0.006215428031065147,0.0064041582684099384,0.005569573650224818
A.train.gold.bea19_002471,fewshot,0.009153318077803256,0.012455050670153681,0.006227525335076876,0.006227525335076948,0.010199411572409356
A.train.gold.bea19_002471,instruction,0.2422292999549123,0.22501458615278996,0.24135490644877772,0.3571324635878971,0.3029222746265999
A.train.gold.bea19_002471,role,0.009153318077803256,0.012455050670153681,0.006227525335076876,0.006227525335076948,0.010199411572409356
ABC.train.gold.bea19_022008,fewshot,0.057369464943004427,0.06993988974922287,0.047710000245899074,0.04147027698590137,0.04024575275608615
ABC.train.gold.bea19_022008,instruction,0.057369464943004427,0.06993988974922287,0.047710000245899074,0.04147027698590137,0.04024575275608615
ABC.train.gold.bea19_022008,role,0.057369464943004427,0.06993988974922287,0.047710000245899074,0.04147027698590137,0.04024575275608615
ABC.train.gold.bea19_008089,fewshot,0.017102452007631812,0.02135405194682628,0.014795316638181314,0.014699062955611613,0.0147832192181958
ABC.train.gold.bea19_008089,instruction,0.017102452007631812,0.02135405194682628,0.014795316638181314,0.014699062955611613,0.0147832192181958
ABC.train.gold.bea19_008089,role,0.017102452007631812,0.02135405194682628,0.014795316638181314,0.014699062955611613,0.0147832192181958
ABCN.dev.gold.bea19_002067,fewshot,0.010651575676522978,0.014301858795988423,0.008141513654196846,0.008430369912040618,0.008187063308045677
ABCN.dev.gold.bea19_002067,instruction,0.010651575676522978,0.014301858795988423,0.008141513654196846,0.008430369912040618,0.008187063308045677
ABCN.dev.gold.bea19_002067,role,0.010651575676522978,0.014301858795988423,0.008141513654196846,0.008430369912040618,0.008187063308045677
A.train.gold.bea19_001655,fewshot,0.008711404518712718,0.011059864099976509,0.006732044587542891,0.008408682263908306,0.007605180962293652
A.train.gold.bea19_001655,instruction,0.008711404518712718,0.011059864099976509,0.006732044587542891,0.008408682263908306,0.007605180962293652
A.train.gold.bea19_001655,role,0.008711404518712718,0.011059864099976509,0.006732044587542891,0.008408682263908306,0.007605180962293652
ABC.train.gold.bea19_010469,fewshot,0.019182360620584496,0.018573942126198183,0.02039109452285617,0.014861805157053794,0.017363641035658874
ABC.train.gold.bea19_010469,instruction,0.012265446224256344,0.017356434564672583,0.008678217282336328,0.008678217282336401,0.008333878173695177
ABC.train.gold.bea19_010469,role,0.012265446224256344,0.017356434564672583,0.008678217282336328,0.008678217282336401,0.008333878173695177
ABC.train.gold.bea19_028155,fewshot,0.020405110841146733,0.028483905574748725,0.0151964109443196,0.01471951069861322,0.013171726735564064
ABC.train.gold.bea19_028155,instruction,0.020405110841146733,0.028483905574748725,0.0151964109443196,0.01471951069861322,0.013171726735564064
ABC.train.gold.bea19_028155,role,0.020405110841146733,0.028483905574748725,0.0151964109443196,0.01471951069861322,0.013171726735564064
A.train.gold.bea19_002273,fewshot,0.015225414849280576,0.019909457126282944,0.011921398580836112,0.012989399886528794,0.012280503007060819
A.train.gold.bea19_002273,instruction,0.015225414849280576,0.019909457126282944,0.011921398580836112,0.012989399886528794,0.012280503007060819
A.train.gold.bea19_002273,role,0.015225414849280576,0.019909457126282944,0.011921398580836112,0.012989399886528794,0.012280503007060819
C.train.gold.bea19_004454,fewshot,0.06461923290225598,0.05859598329420006,0.06542197363393458,0.04756726570921271,0.054143039923912804
C.train.gold.bea19_004454,instruction,0.025804823779062503,0.03655267646075018,0.018385732572785946,0.018604521257607656,0.01636131892346179
C.train.gold.bea19_004454,role,0.025804823779062503,0.03655267646075018,0.018385732572785946,0.018604521257607656,0.01636131892346179
ABC.train.gold.bea19_026165,fewshot,0.07499029517896237,0.048356829672539174,0.08733746745748473,0.05576083585781008,0.07091437853435589
ABC.train.gold.bea19_026165,instruction,0.012922450639936581,0.014697383278682077,0.011554180782840652,0.00951191317170838,0.010045305949322307
ABC.train.gold.bea19_026165,role,0.012922450639936581,0.014697383278682077,0.011554180782840652,0.00951191317170838,0.010045305949322307
ABC.train.gold.bea19_021380,fewshot,0.06364667811569867,0.05309279709426465,0.06724550982744779,0.04735377394314423,0.055488803903638334
ABC.train.gold.bea19_021380,instruction,0.026042473471953567,0.036856037125576106,0.018550918497561065,0.018796718367107088,0.016678185180649868
ABC.train.gold.bea19_021380,role,0.06053250266502729,0.04885063700000886,0.06496372937393112,0.04475059267685002,0.053341582500738144
B.train.gold.bea19_008236,fewshot,0.1043783317168387,0.08356797873993074,0.11268863265275132,0.07734385443147455,0.09197413989241464
B.train.gold.bea19_008236,instruction,0.1043783317168387,0.08356797873993074,0.11268863265275132,0.07734385443147455,0.09197413989241464
B.train.gold.bea19_008236,role,0.1043783317168387,0.08356797873993074,0.11268863265275132,0.07734385443147455,0.09197413989241464
B.dev.gold.bea19_001240,fewshot,0.03341008119820436,0.0426446891868857,0.02688231555917276,0.02430765176654425,0.022909348030354337
B.dev.gold.bea19_001240,instruction,0.05296935076695656,0.05991719273573389,0.053933894443745266,0.042652127698939,0.044978349059367304
B.dev.gold.bea19_001240,role,0.03329536553832126,0.04256821208029698,0.02676759989928967,0.024039981893483706,0.022756393817176885
ABC.train.gold.bea19_003830,fewshot,0.007871853546910808,0.010997057862046456,0.005498528931023264,0.005498528931023336,0.0064857796665577705
ABC.train.gold.bea19_003830,instruction,0.007871853546910808,0.010997057862046456,0.005498528931023264,0.005498528931023336,0.0064857796665577705
ABC.train.gold.bea19_003830,role,0.011807780320366184,0.016495586793069665,0.008247793396534869,0.008247793396534942,0.00972866949983662
ABC.train.gold.bea19_007268,fewshot,0.014210411038608909,0.018735893509230613,0.01179303494406631,0.010586907748607115,0.010927164592831934
ABC.train.gold.bea19_007268,instruction,0.026271715055854464,0.027810283109549198,0.025087873013859584,0.021078181467776593,0.02243978818706179
ABC.train.gold.bea19_007268,role,0.022344445346038168,0.022876531765465502,0.022067762506397,0.016951601289472536,0.01920844110530171
ABC.train.gold.bea19_010847,fewshot,0.06439722448789295,0.06549898798871208,0.06138897524345254,0.0470695203819548,0.050495477495193744
ABC.train.gold.bea19_010847,instruction,0.03317617670917324,0.047242375250969866,0.023621233450405208,0.023621325100245758,0.020174751902957817
ABC.train.gold.bea19_010847,role,0.03317617670917324,0.047242375250969866,0.023621233450405208,0.023621325100245758,0.020174751902957817
B.train.gold.bea19_001628,fewshot,0.02482210257924996,0.03047198281239732,0.020574752594634482,0.017916318013454616,0.01735407892501232
B.train.gold.bea19_001628,instruction,0.02482210257924996,0.03047198281239732,0.020574752594634482,0.017916318013454616,0.01735407892501232
B.train.gold.bea19_001628,role,0.02482210257924996,0.03047198281239732,0.020574752594634482,0.017916318013454616,0.01735407892501232
B.train.gold.bea19_010662,fewshot,0.08546189904841285,0.06494706676599357,0.09440366538756219,0.0636489918566253,0.07790909848059055
B.train.gold.bea19_010662,instruction,0.08549627132896158,0.06496998161969272,0.09443803766811092,0.06372919384457235,0.07795492818798887
B.train.gold.bea19_010662,role,0.08546189904841285,0.06494706676599357,0.09440366538756219,0.0636489918566253,0.07790909848059055
ABC.train.gold.bea19_019233,fewshot,0.0065675057208238515,0.009257927427263848,0.00462896371363196,0.004628963713632032,0.004746649231775162
ABC.train.gold.bea19_019233,instruction,0.0065675057208238515,0.009257927427263848,0.00462896371363196,0.004628963713632032,0.004746649231775162
ABC.train.gold.bea19_019233,role,0.0065675057208238515,0.009257927427263848,0.00462896371363196,0.004628963713632032,0.004746649231775162
ABC.train.gold.bea19_018731,fewshot,0.01960703514480633,0.026474429662844624,0.015451887284852153,0.01466808623486291,0.014112638338438517
ABC.train.gold.bea19_018731,instruction,0.01960703514480633,0.026474429662844624,0.015451887284852153,0.01466808623486291,0.014112638338438517
ABC.train.gold.bea19_018731,role,0.01960703514480633,0.026474429662844624,0.015451887284852153,0.01466808623486291,0.014112638338438517
B.dev.gold.bea19_001100,fewshot,0.07736522739634726,0.0771668980944185,0.08220485352494022,0.06049066577868847,0.0674179558633857
B.dev.gold.bea19_001100,instruction,0.054770295928126315,0.06593636306217829,0.054121799326837285,0.043658296465333056,0.044956885798905284
B.dev.gold.bea19_001100,role,0.03672493895481656,0.05180449419115554,0.0266973975717133,0.02641312837001537,0.02290142236582058
A.train.gold.bea19_006589,fewshot,0.0224241960909088,0.02691052613608441,0.01926373082214351,0.01636262654144941,0.01628155134594021
A.train.gold.bea19_006589,instruction,0.0224241960909088,0.02691052613608441,0.01926373082214351,0.01636262654144941,0.01628155134594021
A.train.gold.bea19_006589,role,0.0224241960909088,0.02691052613608441,0.01926373082214351,0.01636262654144941,0.01628155134594021
B.train.gold.bea19_005632,fewshot,0.0289181464234635,0.035638023634703385,0.023969010783537092,0.020910831960426573,0.02067127446783764
B.train.gold.bea19_005632,instruction,0.03191240490078253,0.03979448798734998,0.026133749810055208,0.023248584687334317,0.022658606572934687
B.train.gold.bea19_005632,role,0.0289181464234635,0.035638023634703385,0.023969010783537092,0.020910831960426573,0.02067127446783764
ABC.train.gold.bea19_014673,fewshot,0.11138680439455187,0.08754401137221222,0.12042923470103561,0.08398015437020125,0.09918086354207073
ABC.train.gold.bea19_014673,instruction,0.11138680439455187,0.08754401137221222,0.12042923470103561,0.08398015437020125,0.09918086354207073
ABC.train.gold.bea19_014673,role,0.06846483609070368,0.060693437852101684,0.07033063855241815,0.050348193811235536,0.05813090970224194
B.train.gold.bea19_005118,fewshot,0.011768551814318403,0.016693908684755364,0.008346954342377682,0.008346954342377682,0.007671352293777923
B.train.gold.bea19_005118,instruction,0.011768551814318403,0.016693908684755364,0.008346954342377682,0.008346954342377682,0.007671352293777923
B.train.gold.bea19_005118,role,0.011768551814318403,0.016693908684755364,0.008346954342377682,0.008346954342377682,0.007671352293777923
A.dev.gold.bea19_000128,fewshot,0.2373950390959481,0.3009515024911175,0.20300827656375936,0.1768456793696653,0.16483248320562507
A.dev.gold.bea19_000128,instruction,0.2488752493573027,0.3143923586087639,0.21363155071515458,0.185742923594282,0.17350292370022596
A.dev.gold.bea19_000128,role,0.2488752493573027,0.3143923586087639,0.21363155071515458,0.185742923594282,0.17350292370022596
B.train.gold.bea19_005608,fewshot,0.017467456881120946,0.02446556027604265,0.01256092176863618,0.013217205029865889,0.011259867320191342
B.train.gold.bea19_005608,instruction,0.017467456881120946,0.02446556027604265,0.01256092176863618,0.013217205029865889,0.011259867320191342
B.train.gold.bea19_005608,role,0.017467456881120946,0.02446556027604265,0.01256092176863618,0.013217205029865889,0.011259867320191342
C.train.gold.bea19_007552,fewshot,0.011784897025171678,0.01621444916639428,0.008107224583197176,0.008107224583197249,0.011703170970905596
C.train.gold.bea19_007552,instruction,0.011784897025171678,0.01621444916639428,0.008107224583197176,0.008107224583197249,0.011703170970905596
C.train.gold.bea19_007552,role,0.011784897025171678,0.01621444916639428,0.008107224583197176,0.008107224583197249,0.011703170970905596
A.train.gold.bea19_002272,fewshot,0.006893592677345591,0.0096927100359595,0.004846355017979785,0.004846355017979857,0.005181431840470814
A.train.gold.bea19_002272,instruction,0.006893592677345591,0.0096927100359595,0.004846355017979785,0.004846355017979857,0.005181431840470814
A.train.gold.bea19_002272,role,0.006893592677345591,0.0096927100359595,0.004846355017979785,0.004846355017979857,0.005181431840470814
ABC.train.gold.bea19_025688,fewshot,0.009586781934809056,0.013221442941828681,0.006923534141412522,0.007549159482408884,0.00676733831909378
ABC.train.gold.bea19_025688,instruction,0.009586781934809056,0.013221442941828681,0.006923534141412522,0.007549159482408884,0.00676733831909378
ABC.train.gold.bea19_025688,role,0.006078375286041242,0.00860575351422037,0.004302876757110221,0.004302876757110293,0.004094475318731684
ABC.train.gold.bea19_010660,fewshot,0.0062665023763422995,0.008856589634621742,0.004428294817310943,0.004428294817311087,0.004345311439133094
ABC.train.gold.bea19_010660,instruction,0.0062665023763422995,0.008856589634621742,0.004428294817310943,0.004428294817311087,0.004345311439133094
ABC.train.gold.bea19_010660,role,0.0062665023763422995,0.008856589634621742,0.004428294817310943,0.004428294817311087,0.004345311439133094
ABC.train.gold.bea19_017590,fewshot,0.06995697902840306,0.04847793668611717,0.07995127310593172,0.05216110882739037,0.06506909119941098
ABC.train.gold.bea19_017590,instruction,0.06995697902840306,0.04847793668611717,0.07995127310593172,0.05216110882739037,0.06506909119941098
ABC.train.gold.bea19_017590,role,0.06995697902840306,0.04847793668611717,0.07995127310593172,0.05216110882739037,0.06506909119941098
ABC.train.gold.bea19_031939,fewshot,0.012389669826740817,0.01752206603465188,0.008761033017325977,0.00876103301732605,0.008499509643674475
ABC.train.gold.bea19_031939,instruction,0.012389669826740817,0.01752206603465188,0.008761033017325977,0.00876103301732605,0.008499509643674475
ABC.train.gold.bea19_031939,role,0.012389669826740817,0.01752206603465188,0.008761033017325977,0.00876103301732605,0.008499509643674475
ABC.train.gold.bea19_006577,fewshot,0.08187801344063314,0.06681964454053121,0.08781567828663664,0.0606151846701111,0.07146666844960511
ABC.train.gold.bea19_006577,instruction,0.0819354664397318,0.06685794653993032,0.0878731312857353,0.060749241668007985,0.07154327244840333
ABC.train.gold.bea19_006577,role,0.08187801344063314,0.06681964454053121,0.08781567828663664,0.0606151846701111,0.07146666844960511
ABC.train.gold.bea19_016524,fewshot,0.006712433257055789,0.009451164142239728,0.004725582071119936,0.00472558207112008,0.004939885946751079
ABC.train.gold.bea19_016524,instruction,0.006712433257055789,0.009451164142239728,0.004725582071119936,0.00472558207112008,0.004939885946751079
ABC.train.gold.bea19_016524,role,0.006712433257055789,0.009451164142239728,0.004725582071119936,0.00472558207112008,0.004939885946751079
ABCN.dev.gold.bea19_001616,fewshot,0.14207067416862365,0.08875054693026306,0.16778521879135802,0.10845927294466887,0.13739749037019497
ABCN.dev.gold.bea19_001616,instruction,0.016487064924478347,0.02268868007563609,0.011891546026899956,0.012985958005063776,0.011957690575996193
ABCN.dev.gold.bea19_001616,role,0.016487064924478347,0.02268868007563609,0.011891546026899956,0.012985958005063776,0.011957690575996193
A.train.gold.bea19_006365,fewshot,0.0120754626894031,0.01525111680457517,0.010801577145498589,0.009280419985250988,0.01008557932521917
A.train.gold.bea19_006365,instruction,0.0120754626894031,0.01525111680457517,0.010801577145498589,0.009280419985250988,0.01008557932521917
A.train.gold.bea19_006365,role,0.0120754626894031,0.01525111680457517,0.010801577145498589,0.009280419985250988,0.01008557932521917
ABC.train.gold.bea19_015681,fewshot,0.00985125858123575,0.013886891140895754,0.006943445570447912,0.006943445570447984,0.007119973847662707
ABC.train.gold.bea19_015681,instruction,0.00985125858123575,0.013886891140895754,0.006943445570447912,0.006943445570447984,0.007119973847662707
ABC.train.gold.bea19_015681,role,0.00985125858123575,0.013886891140895754,0.006943445570447912,0.006943445570447984,0.007119973847662707
ABC.train.gold.bea19_027620,fewshot,0.03507839744811074,0.03520014022769889,0.03430123528521556,0.02734959639028666,0.030296676965066622
ABC.train.gold.bea19_027620,instruction,0.03507839744811074,0.03520014022769889,0.03430123528521556,0.02734959639028666,0.030296676965066622
ABC.train.gold.bea19_027620,role,0.03507839744811074,0.03520014022769889,0.03430123528521556,0.02734959639028666,0.030296676965066622
A.train.gold.bea19_000931,fewshot,0.04291500892635751,0.060859106964308074,0.03054985691589657,0.030790463783381638,0.027144823931885196
A.train.gold.bea19_000931,instruction,0.04291500892635751,0.060859106964308074,0.03054985691589657,0.030790463783381638,0.027144823931885196
A.train.gold.bea19_000931,role,0.04291500892635751,0.060859106964308074,0.03054985691589657,0.030790463783381638,0.027144823931885196
ABCN.dev.gold.bea19_002488,fewshot,0.13823625515258567,0.0855605763346975,0.1631348543069177,0.10336210555777559,0.13228493168214428
ABCN.dev.gold.bea19_002488,instruction,0.07525928089508914,0.05134208134642643,0.08602417622464187,0.05624856629921898,0.07032064520347724
ABCN.dev.gold.bea19_002488,role,0.13841078445778765,0.080156606659338,0.1666026625762262,0.10347133013062933,0.13442239932717553
B.train.gold.bea19_007913,baseline,0.009204308253560032,0.013020808313749622,0.00651388654712002,0.006520851327610438,0.0062573734107617485
B.train.gold.bea19_001618,baseline,0.012389669826740817,0.01752206603465188,0.008761033017325977,0.00876103301732605,0.008499509643674475
C.train.gold.bea19_009782,baseline,0.04540690056843819,0.04571734601115524,0.04334712236832395,0.03346948504851233,0.03573413628514147
B.train.gold.bea19_001862,baseline,0.017556116514701833,0.023178415695428334,0.014196822429683184,0.01378834113171435,0.013383092696294173
ABC.train.gold.bea19_018763,baseline,0.09423552403067538,0.06410324027674315,0.10860075097512352,0.07038325713527847,0.08885538542435914
ABC.train.gold.bea19_017069,baseline,0.030390487340837886,0.03498679284421237,0.027436555858729453,0.023059281102267664,0.024287759870683445
ABC.train.gold.bea19_005791,baseline,0.012393780227701559,0.017524806301959045,0.008765143418286719,0.008770623952901116,0.008504990178288799
B.train.gold.bea19_008031,baseline,0.019936177136587133,0.027494772989172942,0.014337942419359284,0.01551905426890491,0.014551494327479594
B.train.gold.bea19_004082,baseline,0.009879857868404692,0.013905957332341715,0.006972044857616854,0.00701017724050885,0.00715810623055463
A.train.gold.bea19_005257,baseline,0.016552347618058308,0.022732201871356064,0.011956828720479916,0.013138284290083686,0.012044734167436143
A.train.gold.bea19_004486,baseline,0.009050639395633005,0.012816060618183607,0.006411368584333658,0.006418045134817365,0.006052481600192379
ABC.train.gold.bea19_016268,baseline,0.019336292997487726,0.026927626149505775,0.013912654850208784,0.014355415752044918,0.013751648808680378
ABC.train.gold.bea19_005141,baseline,0.006271354336272963,0.008859824274575519,0.004433146777241607,0.004439616057149302,0.004351780719040645
A.train.gold.bea19_005655,baseline,0.009309563160488966,0.01315309005294448,0.006588085553427835,0.006611166607339026,0.006397713286666994
C.train.gold.bea19_002319,baseline,0.015390220284630706,0.020212564131492212,0.011936949423301568,0.012996126585699656,0.012500243587527661
A.train.gold.bea19_009180,baseline,0.10233942770499188,0.09313668344223802,0.10382343018252278,0.07525057187547086,0.08568493929376013
B.train.gold.bea19_000368,baseline,0.012035351362588355,0.015224375920032007,0.010761465818683843,0.009186826889349922,0.010032097556132845
ABC.train.gold.bea19_006239,baseline,0.07726312117897659,0.049718482147444315,0.09005525525339762,0.05764147449864781,0.0733307781133222
ABC.train.gold.bea19_022305,baseline,0.025515410786312847,0.029571882729219446,0.021925105245959597,0.019280724534702174,0.01979267032931172
B.train.gold.bea19_000537,baseline,0.011703008857853815,0.014904000020959969,0.010335381434998,0.008944694605243478,0.009588974216486794
ABC.train.gold.bea19_002209,baseline,0.017051396965950386,0.022286198827251223,0.012599050939207802,0.015488713327528505,0.014715145829287237
ABC.train.gold.bea19_030671,baseline,0.011256459076100976,0.014451020663352486,0.009834080582000288,0.008555725517846162,0.008993574507483008
B.train.gold.bea19_003379,baseline,0.014253023864007843,0.020006538084341288,0.010003269042170644,0.010003269042170644,0.010983981693363846
ABC.train.gold.bea19_022377,baseline,0.00997180663618624,0.01374986520651492,0.007263673807387448,0.007586233566571764,0.007280704587596695
ABC.train.gold.bea19_028533,baseline,0.015195938215103028,0.021514383785550865,0.01075719189277547,0.010757191892775542,0.0102361882968291
A.train.gold.bea19_000484,baseline,0.008760846096928846,0.008715141813338856,0.010723461647652918,0.007708853836280682,0.009676115597910142
A.train.gold.bea19_008598,baseline,0.09199832765001613,0.06739998666816038,0.10248513768628593,0.06884065464258578,0.08389706388878893
ABC.train.gold.bea19_000524,baseline,0.013586860703900767,0.016936298767185887,0.01145375200631422,0.01215392015780001,0.01210077667788273
ABCN.dev.gold.bea19_001851,baseline,0.03766719654368788,0.04099979822090957,0.03401302285388241,0.027636344822257335,0.02978722407868625
N.dev.gold.bea19_000112,baseline,0.013541254923001258,0.01807057131012742,0.010022227174602128,0.011996110213678964,0.010034956438688397
A.train.gold.bea19_007069,baseline,0.00953939626978473,0.013461591628913912,0.006740278911170804,0.006759245104598501,0.00670415743239468
A.train.gold.bea19_002571,baseline,0.008524027459954286,0.01186662307943776,0.0059333115397189155,0.0059333115397189875,0.007355344883949075
A.train.gold.bea19_008015,baseline,0.014874141876430257,0.020834695434237802,0.010417347717118938,0.01041734771711901,0.011812139043260396
B.train.gold.bea19_006446,baseline,0.1303689710612941,0.0842860215210256,0.15220692867726848,0.09803234306884683,0.12369998146518417
A.train.gold.bea19_009370,baseline,0.017042074094214446,0.020830708217108425,0.01330991761606255,0.019099044631079223,0.01470271533363932
B.train.gold.bea19_012562,baseline,0.011784897025171678,0.01621444916639428,0.008107224583197176,0.008107224583197249,0.011703170970905596
C.train.gold.bea19_001640,baseline,0.10092555764854634,0.07184108517128511,0.11405903321726843,0.07509512090778758,0.09288628430640958
A.train.gold.bea19_008833,baseline,0.022225400457665957,0.03138825324180019,0.015694126620900133,0.015694126620900202,0.015598779557589698
C.train.gold.bea19_009457,baseline,0.10228387805631095,0.09545314629228159,0.102150113032401,0.07606495168839364,0.08454437329358211
A.train.gold.bea19_000493,baseline,0.010161745200450385,0.013792878875890572,0.007404433861903352,0.008420422709819483,0.007533956006615556
A.train.gold.bea19_008517,baseline,0.010719487128060574,0.013976579737329693,0.009105998620886653,0.008092619694217205,0.008277611910095807
A.train.gold.bea19_008370,baseline,0.022603975772040485,0.029106081332540952,0.019279856197206773,0.017780971747777572,0.018108559174750728
ABC.train.gold.bea19_032688,baseline,0.03763031653485965,0.04597473059248425,0.031260802480171414,0.029440627396355026,0.028018366908634934
ABC.train.gold.bea19_030414,baseline,0.027853810852470916,0.03709377953529662,0.021908736341419505,0.02207143395007055,0.02109831421933466
ABC.train.gold.bea19_000749,baseline,0.022110809324146323,0.030804612775975508,0.015848898221798764,0.016663384159358453,0.015445991379563524
ABC.train.gold.bea19_015001,baseline,0.0216312505748855,0.02304456696274921,0.018338151605178578,0.030635448082164562,0.022826629839195714
ABC.train.gold.bea19_033890,baseline,0.006132723112128199,0.00867821728233631,0.004339108641168191,0.004339108641168263,0.004166939086847625
ABC.train.gold.bea19_019045,baseline,0.02384230692329804,0.033591286232618214,0.016999111979416597,0.017406049705631577,0.015749642313770826
B.train.gold.bea19_004985,baseline,0.008524027459954286,0.01186662307943776,0.0059333115397189155,0.0059333115397189875,0.007355344883949075
ABC.train.gold.bea19_017632,baseline,0.11726541540078424,0.08730919451767076,0.13117663155296672,0.09303198707491575,0.10963709522109577
ABC.train.gold.bea19_030151,baseline,0.02009433620635661,0.0233033628502018,0.01742557947268435,0.014584207384267737,0.014921231772346744
C.train.gold.bea19_004380,baseline,0.026047161573008046,0.034854149994950775,0.020849370796464137,0.019984539901439283,0.018689448513384166
B.train.gold.bea19_003647,baseline,0.08868357720819314,0.07834861694769804,0.09161312172232514,0.0655297961367665,0.07527193150899529
ABC.train.gold.bea19_004542,baseline,0.10427803669066948,0.07595016628343627,0.11674869644836097,0.0775125022414734,0.0950663435463452
A.train.gold.bea19_001569,baseline,0.01885956099369158,0.025315494623450483,0.013741466845277066,0.015908905912380717,0.015121018668280504
ABC.train.gold.bea19_028754,baseline,0.01895392660333667,0.02071652038515839,0.017016369085365593,0.013842471509435586,0.015054049814666785
C.train.gold.bea19_005366,baseline,0.017607025185508107,0.024609606704816375,0.01267498962676553,0.013415362175480212,0.011445958392707555
B.dev.gold.bea19_000552,baseline,0.1417662303318195,0.07726480663652666,0.1739044800764527,0.1071564622733195,0.14056717093532492
B.train.gold.bea19_000595,baseline,0.08903455940521288,0.07121809245299036,0.09560996531128238,0.06561180348085702,0.078662620560334
ABC.train.gold.bea19_029091,baseline,0.06425898881212741,0.05329971598045064,0.06875023224349548,0.04770218431892281,0.056305218165543326
ABC.train.gold.bea19_021151,baseline,0.01905034324942797,0.026904217064400163,0.013452108532200118,0.013452108532200191,0.013370382477934038
B.train.gold.bea19_003253,baseline,0.09848968403074629,0.06590384578647258,0.1138019916992913,0.07349630570308267,0.09281891528439772
A.train.gold.bea19_009677,baseline,0.009610983981693416,0.013315898441756601,0.006657949220878336,0.006657949220878408,0.008804620246267915
ABC.train.gold.bea19_000439,baseline,0.07789326114085163,0.05020251407428684,0.09078464581658756,0.058689514707486,0.07417096472915556
C.dev.gold.bea19_000203,baseline,0.009115650114226439,0.012713255682558284,0.0065494520102709,0.006935100348254417,0.006139162558316959
ABC.train.gold.bea19_028019,baseline,0.035431523883040904,0.0495445203352342,0.026139394127209278,0.025563143777496886,0.023181881468114705
ABC.train.gold.bea19_019656,baseline,0.015213297395732838,0.018020589895073935,0.014650379494911474,0.012808557511877807,0.014269358933658825
B.train.gold.bea19_008314,baseline,0.03580788376551954,0.03906800032774513,0.032575171220778666,0.026421716840661177,0.027616899303910404
A.train.gold.bea19_007102,baseline,0.019812182955440714,0.027244886121474434,0.014850746219622657,0.014541422831013461,0.014386168752617697
A.train.gold.bea19_000129,baseline,0.08828347716123473,0.08109973992289794,0.0886702048500219,0.06491087462716805,0.07364112744304986
A.train.gold.bea19_005664,baseline,0.17464566936503434,0.11724601447883294,0.2018316634404466,0.13174131370640382,0.16434110817745448
A.train.gold.bea19_005492,baseline,0.011784897025171678,0.01621444916639428,0.008107224583197176,0.008107224583197249,0.011703170970905596
A.train.gold.bea19_004980,baseline,0.11788014956684265,0.11078595245378062,0.11765591710131221,0.08656046308721498,0.09681184422072711
B.train.gold.bea19_003023,baseline,0.023030820396470673,0.03255340080479542,0.01657518135045578,0.016476599782083903,0.014667660278001001
A.train.gold.bea19_003621,baseline,0.013142039039521254,0.01811920212713459,0.00962818294806158,0.009952551584034956,0.009502668594048393
ABC.train.gold.bea19_019662,baseline,0.05880082365538135,0.07071484208241144,0.049826751533943905,0.04267794377060881,0.04187645326147756
C.train.gold.bea19_008172,baseline,0.011830663615560693,0.016776724419745048,0.00838836220987256,0.008388362209872633,0.007754168028767643
ABC.train.gold.bea19_023475,baseline,0.0807685373746858,0.06199313529120832,0.08823812724086516,0.060292908381657795,0.07270391449456856
B.train.gold.bea19_005811,baseline,0.008524027459954286,0.01186662307943776,0.0059333115397189155,0.0059333115397189875,0.007355344883949075
A.train.gold.bea19_003634,baseline,0.007126511932003975,0.01000326904217068,0.005001634521085376,0.005001634521085448,0.005491990846681995
A.train.gold.bea19_004905,baseline,0.010865522636827094,0.014444490102857834,0.008016998163588663,0.009606504387908155,0.008472325921784499
C.train.gold.bea19_002868,baseline,0.06833185538370222,0.05037120670859353,0.07646595874826866,0.05082940600471125,0.06247827480979903
C.train.gold.bea19_001767,baseline,0.025503987309231094,0.021898090767490525,0.028353808658024855,0.019922225042694273,0.023887714715759085
A.train.gold.bea19_004887,baseline,0.5989584270333083,0.6530260796100028,0.6211183074931538,0.4750271740632971,0.5005710135369229
A.train.gold.bea19_009530,baseline,0.006194834913370381,0.008761033017325923,0.004380516508662962,0.004380516508662962,0.004249754821837201
N.dev.gold.bea19_000116,baseline,0.012750529684651386,0.017310917082406303,0.00934775397066286,0.010732344829582276,0.008980656120888568
B.train.gold.bea19_008477,baseline,0.025959504066566955,0.026582243203580325,0.022073430186213897,0.03963804735506137,0.02859763449477098
A.train.gold.bea19_000146,baseline,0.0156784594147851,0.02214960973584059,0.01108294051720671,0.011099211815779537,0.0108795498964052
C.train.gold.bea19_007506,baseline,0.009851258581235697,0.013886891140895717,0.006943445570447859,0.006943445570447859,0.007119973847662635
ABC.train.gold.bea19_024480,baseline,0.01505032970705647,0.02109381248204985,0.010773332867130569,0.011226186119341857,0.01004204361943369
C.train.gold.bea19_009501,baseline,0.0068935926773456445,0.009692710035959534,0.004846355017979839,0.004846355017979983,0.005181431840470886
A.train.gold.bea19_002819,baseline,0.0759909064234099,0.07979498114514658,0.0725209548970361,0.05906188477916154,0.06284265925008393
A.dev.gold.bea19_000628,baseline,0.007871853546910808,0.010997057862046456,0.005498528931023264,0.005498528931023336,0.0064857796665577705
ABC.train.gold.bea19_033897,baseline,0.08386023173997822,0.0712228285698144,0.08871192113446717,0.06281559715611902,0.0730918378086928
ABC.train.gold.bea19_033141,baseline,0.04137913148430673,0.05866462010773464,0.029866151708906635,0.02959939524836333,0.025096987342484167
C.train.gold.bea19_004612,baseline,0.03607228710207592,0.03997990046945055,0.03274275186805718,0.02744476246776057,0.028526870787435488
ABC.train.gold.bea19_027322,baseline,0.010291137045204506,0.011957739614532108,0.010493383570601445,0.0082749901734585,0.009711490997616033
C.train.gold.bea19_009221,baseline,0.011784897025171678,0.01621444916639428,0.008107224583197176,0.008107224583197249,0.011703170970905596
B.train.gold.bea19_011216,baseline,0.05091737420803733,0.06959767146812808,0.03806514479034639,0.03672920454432087,0.032944404191038265
ABCN.dev.gold.bea19_002179,baseline,0.08843980630178118,0.060598237885141584,0.10088908807398665,0.06559843810152419,0.08236025478303244
B.train.gold.bea19_004631,baseline,0.12957782227977543,0.0945273092195343,0.14470628105734665,0.09650890008426387,0.11854137881827746
ABC.train.gold.bea19_022938,baseline,0.06601508230021569,0.04109416831247996,0.07778175807094921,0.049228746690671614,0.06295745309201689
B.train.gold.bea19_009268,baseline,0.01439336576864819,0.02034527751689982,0.01027164843182788,0.010469667778583821,0.009166091701555983
ABC.train.gold.bea19_026634,baseline,0.009410448058124205,0.013013307313893854,0.006792490119800136,0.007364163045506555,0.006532226483513982
C.train.gold.bea19_000561,baseline,0.008835109262241599,0.012406782676282039,0.006328634044095904,0.006579119456005671,0.0057651080890038404
C.train.gold.bea19_005760,baseline,0.020213544935029394,0.027512460774533558,0.01518053370242343,0.015621083110296195,0.014921318058735937
ABC.train.gold.bea19_029612,baseline,0.012930953759051131,0.012152877815545342,0.012766306778292652,0.009655927157829803,0.011033444418276039
B.train.gold.bea19_011582,baseline,0.029912045595040654,0.0365413703628663,0.024902410257475992,0.0222152736481192,0.021937865304665766
B.train.gold.bea19_012209,baseline,0.02843870979737038,0.03930604292819839,0.020811932322969896,0.021674579243223507,0.019873166947872296
ABC.train.gold.bea19_019193,baseline,0.011660531290418915,0.016549881319556013,0.008274940659778043,0.008274940659778116,0.007527324928578607
A.train.gold.bea19_007887,baseline,0.008219060009186239,0.010576354923853264,0.006171822349820434,0.007939112125608038,0.006948721616258345
C.train.gold.bea19_001199,baseline,0.065708821728062,0.05392287458001087,0.06984966109887294,0.0484294197241999,0.05732664780844188
ABC.train.gold.bea19_014835,baseline,0.10897045269358185,0.06884021076547005,0.12820504851426065,0.08153836023045988,0.10449964349890348
C.train.gold.bea19_003516,baseline,0.05552347857244512,0.05320894892221429,0.055184301669876236,0.04768309195114252,0.04855585142402976
A.train.gold.bea19_007497,baseline,0.006078375286041242,0.00860575351422037,0.004302876757110221,0.004302876757110293,0.004094475318731684
B.train.gold.bea19_011486,baseline,0.12362297827003726,0.09617271202771169,0.1355794756882918,0.09193973106964239,0.11061732663796668
B.train.gold.bea19_005893,baseline,0.03416243031875648,0.03475671955506362,0.03242685671054201,0.026543878364828844,0.029075387459260943
ABC.train.gold.bea19_023748,baseline,0.06882708254871327,0.042520877305549494,0.08126088444475774,0.051261776028723616,0.06575440580429938
A.train.gold.bea19_004941,baseline,0.007863278060087188,0.009795688696917666,0.006087779531156167,0.008467649896550834,0.0064743456841262785
B.train.gold.bea19_000066,baseline,0.04982673242444067,0.06603301176558006,0.03897810843088844,0.036013726292056986,0.03292687130276304
B.train.gold.bea19_008351,baseline,0.009531635210250479,0.013456417589224412,0.006732517851636553,0.0067411359656852484,0.0066938093530156785
A.train.gold.bea19_007923,baseline,0.007437070938215155,0.01041734771711892,0.005208673858559496,0.005208673858559568,0.005906069521630235
ABC.train.gold.bea19_014155,baseline,0.00919124791979492,0.012794710120225056,0.006609521865528823,0.007033855476361413,0.006239959632408269
ABC.train.gold.bea19_016254,baseline,0.009047265421617363,0.01281381130217318,0.006407994610318017,0.00641017252878087,0.006047982968171524
ABC.train.gold.bea19_024221,baseline,0.007437070938215102,0.010417347717118884,0.005208673858559442,0.005208673858559442,0.005906069521630163
B.train.gold.bea19_003470,baseline,0.028926883257302496,0.04107384458626748,0.020538521047429988,0.02054171855602249,0.018519052363120125
C.train.gold.bea19_003639,baseline,0.011799314805298482,0.01622406101981215,0.00812164236332398,0.00814086607015979,0.011722394677741334
C.train.gold.bea19_007337,baseline,0.04361481226351439,0.04049431900230197,0.043892597150845196,0.03214324622612227,0.036542237722963396
B.train.gold.bea19_003074,baseline,0.5117701578465836,0.4460182876436089,0.49648966243378156,0.5983592244497619,0.5831120901613597
ABC.train.gold.bea19_016483,baseline,0.06916227433895412,0.056029706068163834,0.07414348017669746,0.05161714576178506,0.0611565026887958
ABC.train.gold.bea19_005847,baseline,0.08560043311656783,0.08955805389756707,0.08003034462003389,0.06256921006348631,0.06661511382960926
ABC.train.gold.bea19_019297,baseline,0.01782376290312382,0.025098354541040615,0.012719599332141028,0.01306044345538247,0.011734942016195172
ABC.train.gold.bea19_008817,baseline,0.22136699308151161,0.14901371027876692,0.25749463248124743,0.1678976736987992,0.2093080375589746
A.train.gold.bea19_001018,baseline,0.011734674841621143,0.014925110676804854,0.010367047418765324,0.009018581900700585,0.009631195528176564
ABC.train.gold.bea19_017383,baseline,0.0168904071504127,0.023096928293148623,0.012225211552722824,0.01357870636501985,0.012495480210575331
A.train.gold.bea19_001293,baseline,0.019549584009318013,0.025034403247833847,0.016376682149921214,0.016222448555260192,0.01604104935578242
B.train.gold.bea19_008666,baseline,0.01635960227300866,0.02274305837487927,0.01181147343701426,0.01210602812768617,0.011787740374036619
B.train.gold.bea19_011733,baseline,0.017907452216213007,0.024735640092555237,0.0130125423071693,0.014301986828952663,0.011846527766980754
A.train.gold.bea19_004378,baseline,0.006350114416476079,0.008968072354800113,0.004484036177400129,0.004484036177400273,0.004456794159311465
C.dev.gold.bea19_000490,baseline,0.00961098398169347,0.013315898441756636,0.00665794922087839,0.006657949220878534,0.008804620246267988
ABC.train.gold.bea19_014715,baseline,0.07256917587918647,0.0650326019239892,0.07389604416496841,0.05320725470884687,0.060910659879361215
A.train.gold.bea19_003743,baseline,0.02800695296757499,0.027392016808937974,0.027394390465475912,0.020578713747216926,0.022969715213168533
ABC.train.gold.bea19_012547,baseline,0.08296056833876947,0.052528573377019216,0.0971170165778668,0.06235188812128703,0.07906462922834014
ABCN.dev.gold.bea19_002315,baseline,0.026032036613272365,0.03696502124877414,0.01848251062438711,0.018482510624387178,0.016664269369074933
C.train.gold.bea19_006437,baseline,0.1145419649781839,0.06905248608624305,0.13717774896789944,0.08591976527856422,0.1113692365122653
ABC.train.gold.bea19_000578,baseline,0.0182952654456627,0.0236951546253203,0.013815504168012003,0.016416918108093745,0.016373637135570315
ABCN.dev.gold.bea19_003325,baseline,0.012786041189931402,0.01779993461915662,0.008899967309578347,0.00889996730957842,0.011033017325923577
B.train.gold.bea19_008655,baseline,0.007437070938215155,0.01041734771711892,0.005208673858559496,0.005208673858559568,0.005906069521630235
ABC.train.gold.bea19_019249,baseline,0.005746249682176454,0.00816291937573402,0.00408145968786701,0.00408145968786701,0.003651641180245299
ABC.train.gold.bea19_018666,baseline,0.08021828343424262,0.07485294301522243,0.08015065089440945,0.06014279511970518,0.06716257122168383
ABC.train.gold.bea19_000490,baseline,0.009610983981693416,0.013315898441756601,0.006657949220878336,0.006657949220878408,0.008804620246267915
ABC.train.gold.bea19_033377,baseline,0.03331286998979429,0.04308361752569449,0.027247911857493076,0.024402534823463086,0.023381812998232387
B.train.gold.bea19_012527,baseline,0.008524027459954286,0.01186662307943776,0.0059333115397189155,0.0059333115397189875,0.007355344883949075
ABC.train.gold.bea19_001510,baseline,0.017225074211055808,0.019734322389916008,0.015011666937846087,0.013399955985157587,0.013476127254133717
A.train.gold.bea19_000498,baseline,0.01708876324648036,0.021344926106058645,0.014562928025733486,0.015104522215517644,0.01476496753666053
ABC.train.gold.bea19_023089,baseline,0.10586924898130655,0.06466420942388779,0.1253739617176194,0.07988871427203145,0.10236971774719805
ABC.train.gold.bea19_023173,baseline,0.01579672998628284,0.02121497750915691,0.012723846809320104,0.011877082501597212,0.011037243991735517
ABC.train.gold.bea19_006662,baseline,0.012822202847217284,0.017727605646646546,0.009234973905297268,0.00997731606924526,0.009076220337643099
C.train.gold.bea19_009919,baseline,0.006567505720823798,0.009257927427263812,0.004628963713631906,0.004628963713631906,0.00474664923177509
B.train.gold.bea19_000232,baseline,0.014683618817909342,0.013243367105586722,0.01845589786861487,0.01588034434469254,0.017573145892550802
ABC.train.gold.bea19_023003,baseline,0.0707802674179349,0.05410599063560268,0.07764358470596272,0.05264890930759267,0.06367193550461497
ABC.train.gold.bea19_014777,baseline,0.03805559332948973,0.0532588403676947,0.027999371857281047,0.027589997345480607,0.024675628198718144
A.train.gold.bea19_004512,baseline,0.011155606407322707,0.01562602157567836,0.007813010787839216,0.007813010787839289,0.008859104282445315
ABC.train.gold.bea19_032719,baseline,0.04608265344007663,0.04407918744231813,0.04572105237983681,0.034758785567012396,0.038050496493005015
A.train.gold.bea19_003599,baseline,0.14397490357480963,0.0962741392949767,0.1660747501770485,0.10940930550834427,0.13540290679927272
B.train.gold.bea19_001397,baseline,0.007437070938215209,0.010417347717118955,0.0052086738585595494,0.005208673858559693,0.0059060695216303066
A.train.gold.bea19_001047,baseline,0.016898180534915284,0.020866531483240993,0.013100147903930708,0.018433912228551126,0.014510857254573763
ABC.train.gold.bea19_025090,baseline,0.018398169336384492,0.02603465184700886,0.013017325923504467,0.01301732592350454,0.012500817260542732
A.train.gold.bea19_005448,baseline,0.11616341259528075,0.0919271601782284,0.1258868069984379,0.08824743441051972,0.1030299135355623
A.train.gold.bea19_009943,baseline,0.12246344032901461,0.08118462764878626,0.1411893485418953,0.09200330483011639,0.11591616605272126
ABCN.dev.gold.bea19_001538,baseline,0.11277590005910282,0.0853961831375771,0.12408507693633689,0.08364636510540578,0.1013286019167319
N.dev.gold.bea19_000905,baseline,0.011975591151792576,0.016969961134720893,0.008484980567360483,0.008484980567360556,0.007947404743743489
A.train.gold.bea19_009914,baseline,0.009608458173145944,0.013235893767386608,0.006945210379749412,0.007599737371861626,0.006796239970209633
ABC.train.gold.bea19_011592,baseline,0.017999241626598838,0.025271805630547206,0.01286684541868776,0.013328730625516072,0.011968913647495198
ABC.train.gold.bea19_020427,baseline,0.017093821510297535,0.02429552141222625,0.012147760706113161,0.012147760706113234,0.010761686825760125
C.train.gold.bea19_004821,baseline,0.04913229369339798,0.04556326687250042,0.04945981887713807,0.03632547261412455,0.04089819610247555
B.train.gold.bea19_012043,baseline,0.009487574084689119,0.013107350410887685,0.0068483032733897735,0.007437559409281635,0.006635061185600533
ABC.train.gold.bea19_014492,baseline,0.03698907054908923,0.047759270559771194,0.029737792839710776,0.02825072668035092,0.02616472178860637
A.train.gold.bea19_002358,baseline,0.038388458342492986,0.038451446166798034,0.03665303794365994,0.02903107019229067,0.03159396784847021
ABC.train.gold.bea19_031653,baseline,0.07876179285181184,0.07627376543384946,0.07755717361130943,0.057871889742047225,0.06440993582820678
A.train.gold.bea19_007158,baseline,0.010313135757324314,0.011554345221943086,0.011099326413849489,0.008621642941822725,0.009740822613775778
A.dev.gold.bea19_000254,baseline,0.027473678008345267,0.038534811164329996,0.019619804193373058,0.02032460141578918,0.018586457895838807
ABC.train.gold.bea19_024670,baseline,0.020247773902927344,0.025499863176906737,0.017254280057136386,0.01749274227980361,0.016971969213928188
ABC.train.gold.bea19_027078,baseline,0.018047669603868513,0.023729083195229532,0.01460179078746535,0.01432808876129037,0.014038496815183082
A.train.gold.bea19_004187,baseline,0.006194834913370435,0.00876103301732596,0.0043805165086630155,0.0043805165086630874,0.004249754821837273
C.train.gold.bea19_001346,baseline,0.006194834913370381,0.008761033017325923,0.004380516508662962,0.004380516508662962,0.004249754821837201
ABC.train.gold.bea19_012238,baseline,0.01723874904652942,0.024488758127202095,0.012244379063601084,0.012244379063601157,0.01095492354073597
ABC.train.gold.bea19_015559,baseline,0.11770187613998903,0.10151834709904123,0.12162745838721467,0.091874453673089,0.10199849149492277
A.train.gold.bea19_007124,baseline,0.22348363938976765,0.12384471023064164,0.27067037154596413,0.18551976552885066,0.22529648159237187
C.train.gold.bea19_000820,baseline,0.03539590184234151,0.03596514410716414,0.030214470001870764,0.05467826589844815,0.0391744856644754
A.train.gold.bea19_002766,baseline,0.12736941779788297,0.09072622040545654,0.14493297182661413,0.0951621561434533,0.11795758326571229
ABC.train.gold.bea19_032502,baseline,0.009936079272560005,0.013570767460991838,0.007214601665498874,0.008073037535504785,0.007233068102761713
ABC.train.gold.bea19_012764,baseline,0.144649785151357,0.1283695527466495,0.14854682424210786,0.10638330543471365,0.12093001755606456
B.train.gold.bea19_012037,baseline,0.014853768839587498,0.020872754800487586,0.010621780551286406,0.010992586853371634,0.009779962462808395
ABC.train.gold.bea19_000093,baseline,0.013734593164546895,0.01778012868919014,0.01017460624071558,0.012743690032956598,0.012297753292077569
ABC.train.gold.bea19_000921,baseline,0.017568129810692792,0.024927932479419927,0.01246396623971,0.012463966239710073,0.0113940978929538
ABC.train.gold.bea19_024808,baseline,0.017652827721477603,0.02504086302713305,0.012520431513566525,0.012520431513566525,0.011507028440666886
B.train.gold.bea19_010779,baseline,0.029658381522781236,0.03681619091628296,0.02491817163238888,0.02170165349361133,0.02203382021112101
ABC.train.gold.bea19_002786,baseline,0.03493503678349851,0.0407135239824451,0.029906010126525013,0.025464438536842233,0.027509645763735133
A.train.gold.bea19_000185,baseline,0.0177986443034682,0.022059726037770344,0.014683393597369181,0.017094331691174237,0.01571147561264432
A.train.gold.bea19_009684,baseline,0.0185035757971533,0.022840239373104927,0.01627390860903383,0.015881048285407918,0.016651384270891124
ABC.train.gold.bea19_024205,baseline,0.06494561041829788,0.06358220673486033,0.06350673544952319,0.047663484842240034,0.052375266689727175
ABC.train.gold.bea19_013781,baseline,0.017832562461363166,0.02135770046187424,0.016962779291195388,0.015218770871791337,0.015756699823170947
C.train.gold.bea19_008368,baseline,0.05931336406354607,0.0557454454380108,0.05951023151891655,0.043913359899953,0.04905218541672118
ABC.train.gold.bea19_013311,baseline,0.021116033744863743,0.02224074088116609,0.020432208145566323,0.01609006926318769,0.017936859336702884
C.train.gold.bea19_001538,baseline,0.011492499364352963,0.016325838751468078,0.008162919375734075,0.008162919375734148,0.007303282360490671
ABC.train.gold.bea19_004645,baseline,0.015508367678257598,0.02164274682066329,0.011109582992758684,0.011686002157612759,0.010652760914368526
ABC.train.gold.bea19_027125,baseline,0.02631340892229378,0.02772442455902821,0.02430522158275897,0.02089094603539453,0.022029179542780435
ABC.train.gold.bea19_027099,baseline,0.09513075909322567,0.06139100776397535,0.11073197440772672,0.07080491545920498,0.09014928280099264
C.train.gold.bea19_002445,baseline,0.02869451603675341,0.03629977651878145,0.023078350554502216,0.022852759415521354,0.02116662288609729
ABC.train.gold.bea19_033083,baseline,0.007871853546910754,0.01099705786204642,0.00549852893102321,0.00549852893102321,0.0064857796665576985
ABC.train.gold.bea19_032486,baseline,0.017238749046529365,0.02448875812720206,0.01224437906360103,0.01224437906360103,0.010954923540735899
C.train.gold.bea19_010088,baseline,0.0225885277954182,0.030996280162620526,0.016546000413544048,0.017783133731089484,0.01608294934125936
A.train.gold.bea19_003573,baseline,0.11548708728342602,0.07190258254331484,0.13595129127165745,0.08595129127165753,0.11062438705459308
A.train.gold.bea19_008872,baseline,0.008524027459954286,0.01186662307943776,0.0059333115397189155,0.0059333115397189875,0.007355344883949075
ABC.train.gold.bea19_001051,baseline,0.1441577148277635,0.10407043193436978,0.16145680729336712,0.10711071799484194,0.13178649969744174
ABC.train.gold.bea19_014362,baseline,0.010153215347620781,0.013787192307337501,0.007395904009073747,0.00840051971988374,0.007522582869509416
A.train.gold.bea19_003088,baseline,0.011749186099096778,0.012011716307537766,0.009910349878109528,0.017719333326790817,0.013660568934134053
C.train.gold.bea19_008643,baseline,0.0343450996973208,0.04214473509593093,0.02842039362614056,0.024909155727143646,0.025550551283337365
C.train.gold.bea19_008035,baseline,0.031132400853342616,0.03830732148744855,0.029565534697486538,0.024367707077882737,0.025469767553830267
C.train.gold.bea19_006575,baseline,0.005987795575896315,0.008484980567360466,0.004242490283680268,0.00424249028368034,0.003973702371871781
C.train.gold.bea19_002752,baseline,0.011933407779317342,0.014864180973505886,0.00915385018868312,0.01172998374163919,0.011901185309766485
B.train.gold.bea19_011879,baseline,0.4834293376700791,0.3701068636662901,0.5246925487784047,0.5861231808703493,0.543319317394692
ABC.train.gold.bea19_021927,baseline,0.11815800397155611,0.08288129762427594,0.1337666127282458,0.08804712149097181,0.1088322258467866
B.train.gold.bea19_001043,baseline,0.030615889157858123,0.04357796519690117,0.02178909517593669,0.0217893203309089,0.018766047699199307
ABC.train.gold.bea19_001428,baseline,0.025020765569200035,0.03411191497791934,0.01899470142275156,0.019449061183087687,0.017320920508306817
C.train.gold.bea19_001313,baseline,0.07730965094301333,0.07736303710669927,0.07403976747475188,0.05652097119990944,0.06123964073840672
ABC.train.gold.bea19_018089,baseline,0.014435933962044708,0.01562087762665246,0.013223964167383636,0.010544624881821231,0.011566207688741344
C.train.gold.bea19_007725,baseline,0.03918773053382247,0.03830454815693896,0.040502620555026826,0.03147695200306875,0.035775787746015586
ABC.train.gold.bea19_017950,baseline,0.07720522643376743,0.057666588340867624,0.08557096931913952,0.05761918458575104,0.07032936279920284
B.train.gold.bea19_002646,baseline,0.012570906951794867,0.017004337880688787,0.009010920027963552,0.010028422203201869,0.010746171675074866
ABC.train.gold.bea19_007944,baseline,0.09538772371354319,0.0714933651369787,0.10590790122726892,0.07109541770738084,0.08632684774856958
ABC.train.gold.bea19_014863,baseline,0.009049092334487696,0.012815029244086736,0.00640982152318835,0.006414435325478314,0.006050418851998635
A.train.gold.bea19_004264,baseline,0.1692980368519103,0.12386303344330227,0.1889173401727365,0.12613856414019733,0.15366418584128025
C.train.gold.bea19_002303,baseline,0.022791762013729972,0.032394028549634954,0.016197014274817477,0.016197014274817477,0.014348915767680069
B.train.gold.bea19_008598,baseline,0.05312403415056549,0.06473087661831349,0.04469722912426767,0.038531787335066035,0.03706227628337431
ABC.train.gold.bea19_003237,baseline,0.01339345031215281,0.018286809642222294,0.009717035194090097,0.010864295940047997,0.0098378836242238
ABC.train.gold.bea19_003065,baseline,0.006712433257055682,0.009451164142239657,0.004725582071119829,0.004725582071119829,0.004939885946750935
ABC.train.gold.bea19_025168,baseline,0.012426143400838766,0.01439393541749282,0.010921223292267796,0.009115976061335122,0.009500522028186034
ABCN.dev.gold.bea19_001657,baseline,0.014238850511763922,0.020157015853742532,0.010159758920894166,0.010322260908939965,0.008960071359043625
A.train.gold.bea19_003876,baseline,0.007871853546910754,0.01099705786204642,0.00549852893102321,0.00549852893102321,0.0064857796665576985
ABC.train.gold.bea19_022766,baseline,0.02911591708542281,0.0407395090820817,0.021465681945403915,0.021117796545526955,0.018771097467280545
ABC.train.gold.bea19_031915,baseline,0.02305932054215812,0.032750773254205785,0.01637538662710293,0.016375386627103,0.014705660472250933
ABC.train.gold.bea19_000985,baseline,0.017433534633654612,0.023096694441396858,0.014335116191705907,0.012980565456464305,0.013219650188231217
ABC.train.gold.bea19_022643,baseline,0.06663429989232139,0.04948527177170258,0.07458324585422973,0.04967237510433573,0.06087362901628469
ABC.train.gold.bea19_033920,baseline,0.054628930629739114,0.04327497144789793,0.05957337035634675,0.04066296663751196,0.04872058689710349
ABC.train.gold.bea19_012226,baseline,0.06624159919236541,0.06392907541598138,0.06505905244766674,0.04851482052465759,0.053409268702252856
C.train.gold.bea19_007073,baseline,0.03203575456609636,0.04008033632291355,0.025990217386799727,0.023064471168424583,0.022764464734745044
C.train.gold.bea19_009879,baseline,0.0612121146045705,0.04756473787770553,0.06754235758912493,0.04681137251642966,0.056140699466863606
B.train.gold.bea19_011845,baseline,0.1634159498535943,0.16144434313061287,0.17730599933571328,0.13084450098808192,0.14468880628874423
ABC.train.gold.bea19_030325,baseline,0.08200883983635023,0.06530048840784472,0.08901262567266895,0.06095064314873872,0.07320476890460736
B.train.gold.bea19_004195,baseline,0.007437070938215102,0.010417347717118884,0.005208673858559442,0.005208673858559442,0.005906069521630163
ABC.train.gold.bea19_020312,baseline,0.00929540232423373,0.013143649495440989,0.0065739247171726,0.006578124656076811,0.0063788321716600135
A.train.gold.bea19_003998,baseline,0.20202721437260335,0.13622331242359134,0.2328115871436428,0.15089278502327336,0.18933620228794906
ABC.train.gold.bea19_013450,baseline,0.07395745616551033,0.07122510798284008,0.07310083934280011,0.05473757746896035,0.06072211854822348
A.dev.gold.bea19_000544,baseline,0.11621519729077018,0.08384489234226129,0.13139071444792724,0.08695048247627771,0.1083370550343101
ABC.train.gold.bea19_019871,baseline,0.0325322428845429,0.03565841363927575,0.029825547210622885,0.024531340229469924,0.026007902793425637
C.train.gold.bea19_002318,baseline,0.007871853546910808,0.010997057862046456,0.005498528931023264,0.005498528931023336,0.0064857796665577705
ABC.train.gold.bea19_026076,baseline,0.0067124332570557355,0.009451164142239694,0.004725582071119882,0.004725582071119954,0.004939885946751007
B.train.gold.bea19_010970,baseline,0.015338826978736684,0.02170022267145157,0.010854790801336663,0.010864149732558422,0.010426706648340642
B.train.gold.bea19_011207,baseline,0.4361893973437404,0.39044423373095827,0.41687094540426056,0.5209158147781112,0.5013853618718545
ABC.train.gold.bea19_033396,baseline,0.05287644267694792,0.039703215607595155,0.058460658098300596,0.039400647691472765,0.047778448214209596
ABC.train.gold.bea19_012855,baseline,0.015084293418280147,0.021360030647344992,0.010685508732781233,0.01069649555099871,0.010087328567731925
ABC.train.gold.bea19_019699,baseline,0.015080294148956081,0.021357364467795615,0.010681509463457167,0.010687163922575887,0.010081996208633169
B.dev.gold.bea19_000689,baseline,0.033094802741807844,0.025956086212747115,0.03579479387879039,0.02624124155847804,0.030968508918901665
B.train.gold.bea19_002363,baseline,0.09569243581328321,0.05639384573451746,0.11486185887227167,0.07174964991229804,0.09300344825229742
B.train.gold.bea19_013025,baseline,0.007437070938215155,0.01041734771711892,0.005208673858559496,0.005208673858559568,0.005906069521630235
A.train.gold.bea19_005771,baseline,0.027612171125281713,0.028287235724656534,0.02622553639946413,0.020708588978568303,0.023154801874037078
B.train.gold.bea19_008760,baseline,0.07226179444219857,0.0653863170891122,0.07512316626936937,0.0539313150835746,0.06179392141165324
ABC.train.gold.bea19_019892,baseline,0.027477364993448848,0.03254810545593211,0.02451471860511494,0.020459548261219696,0.020891997229231875
B.train.gold.bea19_001425,baseline,0.019060270058527323,0.02604126971974176,0.014771617355180636,0.013899585319872591,0.013383618223399844
C.train.gold.bea19_001684,baseline,0.012156750572082431,0.017211507028440702,0.008605753514220387,0.00860575351422046,0.008188950637463294
A.train.gold.bea19_001954,baseline,0.06858956494812858,0.05824250787306508,0.07167401329746881,0.05256208887584496,0.059651026725602824
B.dev.gold.bea19_001140,baseline,0.031231127994192802,0.03906979022177868,0.02540015165893592,0.02247144938621292,0.02170245181636278
ABC.train.gold.bea19_003650,baseline,0.45321934229041794,0.4017975303620766,0.4339008903509381,0.5606523529870254,0.5240919551340911
ABC.train.gold.bea19_010750,baseline,0.08629906542037068,0.0703653032716771,0.09237657028775455,0.06394747213094998,0.07643944385402217
C.train.gold.bea19_006364,baseline,0.006893592677345591,0.0096927100359595,0.004846355017979785,0.004846355017979857,0.005181431840470814
ABC.train.gold.bea19_009703,baseline,0.012071887342535625,0.015926316526275793,0.00911396777720274,0.010268604050107353,0.010080812196062543
ABC.train.gold.bea19_020687,baseline,0.036437705221095254,0.030672792184373323,0.03862276274000433,0.027615982296021382,0.03342069969328989
ABC.train.gold.bea19_028010,baseline,0.018398169336384492,0.02603465184700886,0.013017325923504467,0.01301732592350454,0.012500817260542732
ABC.train.gold.bea19_029578,baseline,0.012533004752684438,0.017713179269243377,0.008856589634621725,0.008856589634621798,0.00869062287826597
C.train.gold.bea19_007519,baseline,0.007871853546910808,0.010997057862046456,0.005498528931023264,0.005498528931023336,0.0064857796665577705
ABC.train.gold.bea19_018022,baseline,0.09147226293278475,0.07986995343655806,0.09457931782512247,0.0674023403574095,0.07789785433644483
B.train.gold.bea19_012438,baseline,0.023612303304124956,0.03254342167435388,0.01696574619990195,0.018353816925351967,0.017447983352868367
ABC.train.gold.bea19_021670,baseline,0.010705180369597837,0.011315712487871804,0.008866344148610584,0.01528331995795995,0.012268561294802128
B.train.gold.bea19_002382,baseline,0.01411697741111079,0.019012396067371335,0.010489456528594576,0.011603414776070593,0.010802586422834439
ABC.train.gold.bea19_012881,baseline,0.009942376890627056,0.013574965873036538,0.007220899283565925,0.008087731977661237,0.007241464926851114
ABCN.dev.gold.bea19_000443,baseline,0.0067124332570557355,0.009451164142239694,0.004725582071119882,0.004725582071119954,0.004939885946751007
C.train.gold.bea19_002869,baseline,0.005856043270230966,0.008309310826473335,0.004154655413236703,0.004154655413236775,0.003798032630984648
B.train.gold.bea19_000114,baseline,0.006350114416476025,0.008968072354800079,0.004484036177400075,0.004484036177400147,0.004456794159311393
C.dev.gold.bea19_000895,baseline,0.042438111087996666,0.06034354661356949,0.030171773306784746,0.030171773306784746,0.02650896014740408
ABC.train.gold.bea19_009056,baseline,0.06359051609649782,0.06513415793819312,0.06489699219743685,0.04938059205627472,0.054361156674032546
ABC.train.gold.bea19_019454,baseline,0.08267255580475626,0.060555877154712084,0.0920967481291531,0.06182245124274575,0.07580282982429833
ABC.train.gold.bea19_019910,baseline,0.006712433257055789,0.009451164142239728,0.004725582071119936,0.00472558207112008,0.004939885946751079
ABC.train.gold.bea19_008683,baseline,0.4462595518229575,0.3971576700504363,0.4269410998834776,0.5444128418962844,0.5148122345108105
C.train.gold.bea19_005038,baseline,0.00953080135030675,0.013455861682595261,0.006731683991692826,0.006739190292483219,0.006692697539757376
ABC.train.gold.bea19_010397,baseline,0.00990791674685213,0.013924663251306672,0.007000103736064291,0.007075647956886201,0.007195518068484545
A.train.gold.bea19_009543,baseline,0.08162574612276885,0.05760148357623404,0.0922737520055328,0.06077583652115065,0.07585187202334091
C.train.gold.bea19_004787,baseline,0.013424866514111363,0.018902328284479315,0.009451164142239657,0.009451164142239657,0.00987977189350187
C.dev.gold.bea19_000577,baseline,0.012832748492286005,0.01773463607669236,0.009506395193435931,0.009480171288265726,0.009090281197734727
B.train.gold.bea19_005791,baseline,0.17744575024936388,0.10301425847505809,0.21354522796785383,0.13493030522441574,0.17323593767584355
B.train.gold.bea19_006811,baseline,0.08957199522391733,0.0532659329606545,0.10710207380338482,0.06693778701996246,0.08674762270457151
ABC.train.gold.bea19_015159,baseline,0.009610983981693416,0.013315898441756601,0.006657949220878336,0.006657949220878408,0.008804620246267915
ABC.train.gold.bea19_027371,baseline,0.012121780993853151,0.016700937604473755,0.008814412121898154,0.009742298761220706,0.00814232453315759
ABC.train.gold.bea19_014682,baseline,0.013424866514111417,0.01890232828447935,0.009451164142239711,0.009451164142239784,0.009879771893501942
ABC.train.gold.bea19_002513,baseline,0.024670887103273687,0.03282348291189319,0.01956509930045467,0.019232121720517154,0.018859428418400007
ABC.train.gold.bea19_016593,baseline,0.006712433257055682,0.009451164142239657,0.004725582071119829,0.004725582071119829,0.004939885946750935
B.train.gold.bea19_011385,baseline,0.052145014809961504,0.05943687238531895,0.046131840003073805,0.03793972592394591,0.038323183585065285
C.train.gold.bea19_007538,baseline,0.016041734304596017,0.02216882755535779,0.011557698127195995,0.012504266826230195,0.011363916416153084
B.train.gold.bea19_004184,baseline,0.009610983981693416,0.013315898441756601,0.006657949220878336,0.006657949220878408,0.008804620246267915
A.train.gold.bea19_006181,baseline,0.09610856672216808,0.06729828679011561,0.1088111600222321,0.07132938416247972,0.08910966791025919
A.train.gold.bea19_003654,baseline,0.04212925232421882,0.05500866219813644,0.03305504442977556,0.030936244849715303,0.028592022009872105
ABC.train.gold.bea19_024746,baseline,0.017354691075514978,0.024643347499182813,0.012321673749591477,0.012321673749591621,0.011109512912716718
ABC.train.gold.bea19_026919,baseline,0.015339351925311875,0.02145902674211522,0.011149173382667134,0.011123069966409294,0.010427406577107563
C.dev.gold.bea19_000408,baseline,0.06825160981037375,0.04809178912715121,0.0779393091041592,0.05186348349475818,0.06393447724089936
ABCN.dev.gold.bea19_001117,baseline,0.00929611302999839,0.013144123299284095,0.006574635422937259,0.006579782969527681,0.006379779779346225
A.dev.gold.bea19_000525,baseline,0.013441596629304144,0.018913481694607836,0.009467894257432437,0.009490201077689477,0.009902078713758911
C.train.gold.bea19_007988,baseline,0.015086496022702824,0.018681397261294093,0.011526509098871509,0.015898130035320434,0.014100290436285474
ABC.train.gold.bea19_027852,baseline,0.021323106856624762,0.02946788359472925,0.01616699827759307,0.015454386398654667,0.01439572142286811
ABC.train.gold.bea19_007184,baseline,0.08984231755428908,0.09945369311841981,0.08097745406019972,0.06634588380660791,0.06790932251566376
ABC.train.gold.bea19_006671,baseline,0.03203554363326046,0.031136154108239923,0.030791847926331425,0.02705349759507924,0.028244551076594564
B.dev.gold.bea19_000811,baseline,0.014222361623529993,0.018588581062739078,0.011721123851890567,0.011325994061819538,0.010943098706060046
ABC.train.gold.bea19_002383,baseline,0.011807780320366184,0.016495586793069665,0.008247793396534869,0.008247793396534942,0.00972866949983662
C.train.gold.bea19_008615,baseline,0.014679501486638272,0.017664725955677557,0.014116583585816909,0.011563033723990488,0.01355763105486607
C.train.gold.bea19_001760,baseline,0.0049818598149216796,0.006775527770261615,0.0035053424345141398,0.003740499533280805,0.004637467221900587
C.train.gold.bea19_001049,baseline,0.019933729957103262,0.028246507163691197,0.0142094389925377,0.014381809813921901,0.012543218890172774
B.train.gold.bea19_007233,baseline,0.03345840795463689,0.03876363016063154,0.02977195582892813,0.025480597538695138,0.026094330169797484
ABC.train.gold.bea19_006950,baseline,0.10333996726459431,0.07149723980873794,0.11817548169955831,0.07778040885882408,0.09708486863349418
B.train.gold.bea19_008079,baseline,0.023642872173583025,0.03074750127827266,0.018482882803202545,0.017480053239084477,0.016622940979678244
A.train.gold.bea19_001274,baseline,0.013135011441647703,0.018515854854527697,0.00925792742726392,0.009257927427264064,0.009493298463550324
ABC.train.gold.bea19_027991,baseline,0.0571572784320484,0.05910408951152579,0.05456272347225728,0.045509890465016835,0.04748790006478637
B.train.gold.bea19_003652,baseline,0.017294490406618606,0.024563079940654344,0.012281539970327209,0.012281539970327281,0.011029245354188217
ABC.train.gold.bea19_013028,baseline,0.00874639125490911,0.012413072847730293,0.006207198281928456,0.006208521998055075,0.0056468174125605215
C.train.gold.bea19_002682,baseline,0.09562518184943239,0.10163757581851748,0.09640740142811369,0.07377364831109055,0.07935121135153861
C.dev.gold.bea19_000791,baseline,0.020890714508270774,0.02758765297609247,0.015564218921477708,0.019105003788340652,0.01582421082305778
ABC.train.gold.bea19_020856,baseline,0.013787185354691128,0.01938542007191896,0.009692710035959517,0.00969271003595959,0.010362863680941555
A.train.gold.bea19_007828,baseline,0.020956973068114965,0.02952814222847634,0.015019266135678905,0.015098053540969518,0.013907543038188377
ABC.train.gold.bea19_032335,baseline,0.0065675057208238515,0.009257927427263848,0.00462896371363196,0.004628963713632032,0.004746649231775162
ABC.train.gold.bea19_019803,baseline,0.08061131034326352,0.06712990634480115,0.08541249250333365,0.06082707339575428,0.07076495514440154
B.train.gold.bea19_005305,baseline,0.037038000142803035,0.044959324501246546,0.030963990972685585,0.027345198752575364,0.026769772313018282
A.train.gold.bea19_009500,baseline,0.006567505720823798,0.009257927427263812,0.004628963713631906,0.004628963713631906,0.00474664923177509
C.train.gold.bea19_007945,baseline,0.036451424309847845,0.0507326414178147,0.027117896573067776,0.026247051275461078,0.02454174870385729
C.train.gold.bea19_004106,baseline,0.01289785729145002,0.01819964932093082,0.009099824660465446,0.009099824660465518,0.009177092929953412
ABC.train.gold.bea19_019702,baseline,0.018615128975270925,0.026179291606266485,0.01325002510840337,0.013492085988881292,0.01279009677905798
C.train.gold.bea19_004390,baseline,0.0350422858561748,0.041932835125313365,0.03119999320635625,0.026497755947808864,0.026831781180124373
B.train.gold.bea19_000211,baseline,0.04630282986228319,0.048330840920191576,0.04296753704598886,0.036024556745141253,0.03792276293185866
A.train.gold.bea19_005726,baseline,0.09034184871816475,0.05896069127068379,0.10492096722122264,0.06734030172499404,0.0854307356342447
C.train.gold.bea19_008448,baseline,0.023059460361191247,0.02801899079108295,0.019077992617111832,0.016692746397409045,0.017049205293618443
B.train.gold.bea19_001159,baseline,0.031426651506301556,0.03691909445108662,0.027160841708243604,0.023682287767401042,0.0233990475705834
ABCN.dev.gold.bea19_002622,baseline,0.017536446405950135,0.02388993997075329,0.012690091387970406,0.01418033419315793,0.013356865884625247
ABC.train.gold.bea19_028572,baseline,0.026163501397178712,0.03699246376914872,0.018644075742741618,0.01893976345907613,0.01683955574761673
B.train.gold.bea19_007314,baseline,0.01737542658470426,0.0243260716841256,0.012257332436289747,0.012445925624743635,0.013142172789630743
ABC.train.gold.bea19_001738,baseline,0.014224406140788215,0.01858994407424456,0.011723168369148789,0.011330764602088723,0.010945824729071008
ABCN.dev.gold.bea19_000238,baseline,0.01657308524262825,0.02274602695440269,0.012140125371652898,0.012861554027540805,0.012072384333529397
ABC.train.gold.bea19_010749,baseline,0.0546426884710753,0.06869472246551582,0.04797640900801023,0.04143407774830903,0.04172909841256157
B.train.gold.bea19_002859,baseline,0.01233448653607643,0.01711260636675554,0.009039675841878096,0.009268967601429758,0.008425931922788626
B.train.gold.bea19_006193,baseline,0.07915119351508326,0.06794439247771294,0.08269414537176255,0.05885532374470455,0.06759776755685704
ABC.train.gold.bea19_020353,baseline,0.02868925017457763,0.03617010335081389,0.023197632948639465,0.020943161685561207,0.020741645080182867
B.train.gold.bea19_012588,baseline,0.03464756840817423,0.0323219484026269,0.0348058256479491,0.026733205065359245,0.03061613966536851
A.train.gold.bea19_001706,baseline,0.008524027459954286,0.01186662307943776,0.0059333115397189155,0.0059333115397189875,0.007355344883949075
C.train.gold.bea19_010390,baseline,0.01579152889797068,0.02191144424079597,0.011352782575643122,0.012146903486133396,0.011030309207319303
B.dev.gold.bea19_000888,baseline,0.02799847724174832,0.038667286015584196,0.02025329907895002,0.02209261122126586,0.019286190207042878
ABC.train.gold.bea19_012384,baseline,0.02715677870565374,0.037714849310361724,0.020357080778356067,0.019607252716768553,0.0181639254922501
ABCN.dev.gold.bea19_000075,baseline,0.006132723112128145,0.008678217282336274,0.004339108641168137,0.004339108641168137,0.004166939086847553
B.train.gold.bea19_007343,baseline,0.009610983981693416,0.013315898441756601,0.006657949220878336,0.006657949220878408,0.008804620246267915
ABC.train.gold.bea19_002638,baseline,0.007871853546910808,0.010997057862046456,0.005498528931023264,0.005498528931023336,0.0064857796665577705
ABC.train.gold.bea19_011321,baseline,0.015080319927824295,0.019522872106181654,0.012922802379006315,0.011372340384167692,0.01208704311178578
C.train.gold.bea19_004813,baseline,0.005884275907159255,0.008346954342377718,0.004173477171188895,0.004173477171188967,0.0038356761468890336
C.train.gold.bea19_007173,baseline,0.04205899205871329,0.04258419682736986,0.03989280077831583,0.03151286462571263,0.034023518233672875
C.train.gold.bea19_000241,baseline,0.030373778695658812,0.034315894069763826,0.027596191204029605,0.024108068633506376,0.024091742372937267
ABC.train.gold.bea19_002971,baseline,0.1126936420277652,0.09761847294155254,0.12634150254234153,0.08757701364673173,0.10255034833920432
ABC.train.gold.bea19_005133,baseline,0.012874976445754867,0.01646170926175529,0.009687660329376966,0.012601271726375611,0.01115159766702153
B.train.gold.bea19_001552,baseline,0.01825135452097088,0.024004226540187412,0.015160797852614935,0.013604972370987749,0.014310076704652905
B.dev.gold.bea19_000208,baseline,0.011784897025171624,0.016214449166394244,0.008107224583197122,0.008107224583197122,0.011703170970905525
ABC.train.gold.bea19_028824,baseline,0.010071199629899242,0.01373251516218981,0.007313888291352208,0.008209149711866814,0.007413228579214031
ABC.train.gold.bea19_025585,baseline,0.011219386978387159,0.015668541956387994,0.007876791358903668,0.00796183212032301,0.008944145043864586
B.train.gold.bea19_011168,baseline,0.022586450422462094,0.024237104030143085,0.022642242054340046,0.025474519263887215,0.02209521710463618
C.dev.gold.bea19_000110,baseline,0.08069828871083258,0.06176442522969093,0.08842733660423063,0.05974539731171731,0.07250999898286448
C.train.gold.bea19_007743,baseline,0.015743707093821564,0.021994115724092874,0.010997057862046473,0.010997057862046546,0.012971559333115468
A.train.gold.bea19_008919,baseline,0.02180443220496629,0.02917505897678803,0.01698487015503344,0.01679923163009815,0.017042501085318466
A.train.gold.bea19_000366,baseline,0.007126511932003975,0.01000326904217068,0.005001634521085376,0.005001634521085448,0.005491990846681995
B.train.gold.bea19_006332,baseline,0.006276029679009763,0.008862941169733385,0.004437822119978407,0.004450525190201835,0.004358014509356378
A.train.gold.bea19_009710,baseline,0.12021644067991738,0.081633669399557,0.1380130888798566,0.0897239798645949,0.11224848732259662
C.dev.gold.bea19_000976,baseline,0.01339282740141121,0.017818166943645394,0.010779283326951461,0.010375896381067068,0.00983705307656833
C.train.gold.bea19_004562,baseline,0.04305013971671552,0.037063853716475574,0.0449346864250271,0.03174198228938423,0.03673313404295442
C.train.gold.bea19_003402,baseline,0.011726239920880196,0.01491948739631089,0.010358612498024382,0.008998900418971702,0.009619948967188636
ABC.train.gold.bea19_003657,baseline,0.041548590107986026,0.05483006960776534,0.032517276833019075,0.03129951343701006,0.028324553875368697
A.train.gold.bea19_005175,baseline,0.01684912743310405,0.02118516889714111,0.013184165899071698,0.01682362461087722,0.014445453118825453
C.train.gold.bea19_009083,baseline,0.06952681152754778,0.08844045253629046,0.055778839016389255,0.05030755178262886,0.04691294168585321
ABC.train.gold.bea19_009890,baseline,0.015700802576712716,0.02185096002662399,0.011262056254385156,0.01193520873653148,0.010909340778975351
ABC.train.gold.bea19_025866,baseline,0.016542488844663007,0.020980743171513744,0.013454282577725449,0.014954624036991875,0.014036601667570732
A.train.gold.bea19_005394,baseline,0.013159928680318686,0.01853246634697502,0.009282844665934903,0.00931606765082969,0.009526521448444967
B.train.gold.bea19_004827,baseline,0.006078375286041242,0.00860575351422037,0.004302876757110221,0.004302876757110293,0.004094475318731684
ABC.train.gold.bea19_032498,baseline,0.11620700237789057,0.07155846027623942,0.1375133730814306,0.08666648738547023,0.11115137341431208
C.train.gold.bea19_006740,baseline,0.015896417848270446,0.02190144693400519,0.01195245471792519,0.011681809444002095,0.011170161141052326
ABC.train.gold.bea19_034031,baseline,0.03104753373446879,0.03750024196124977,0.028098327966133364,0.02830798525771242,0.027361623926660146
B.train.gold.bea19_004072,baseline,0.09473772932334562,0.08704223214164375,0.10725383917219296,0.07542777641916654,0.08733770608344009
ABC.train.gold.bea19_024567,baseline,0.029743703594444764,0.03352667854616582,0.026697356517982794,0.022080184928299874,0.022774180890958638
ABC.train.gold.bea19_025698,baseline,0.0185845047401112,0.026283099051977805,0.013141549525988939,0.013141549525989012,0.012749264465511676
ABC.train.gold.bea19_013856,baseline,0.04167622432792513,0.0427856024595815,0.03944832412120502,0.031442523547419575,0.03397264329771808
ABC.train.gold.bea19_031480,baseline,0.006350114416476025,0.008968072354800079,0.004484036177400075,0.004484036177400147,0.004456794159311393
ABC.train.gold.bea19_025089,baseline,0.02598729744425131,0.036427557063237984,0.01916875380371316,0.01869288778830464,0.016604617143713526
ABC.train.gold.bea19_007470,baseline,0.0580401920770568,0.04956121046755659,0.06779447766715718,0.04697081201830466,0.055415327113602905
ABCN.dev.gold.bea19_000526,baseline,0.16006359817461752,0.11044803243241909,0.18195040386308983,0.12207286107735245,0.14969632638821184
ABC.train.gold.bea19_032375,baseline,0.010685599007297505,0.014324541016504775,0.007837074534059074,0.009186682585672446,0.00823242774907838
ABC.train.gold.bea19_020393,baseline,0.007437070938215155,0.01041734771711892,0.005208673858559496,0.005208673858559568,0.005906069521630235
C.train.gold.bea19_002483,baseline,0.014244686195207891,0.018603464110524343,0.011743448423568458,0.011378084729067978,0.010972864801630577
ABC.train.gold.bea19_027147,baseline,0.011768551814318403,0.016693908684755364,0.008346954342377682,0.008346954342377682,0.007671352293777923
ABC.train.gold.bea19_029845,baseline,0.027211012607535036,0.029598472296077656,0.02487601113646443,0.02019425701556559,0.021174351878487086
ABC.train.gold.bea19_007104,baseline,0.03467422928546382,0.04606482889489678,0.027536392400678372,0.027393170957065408,0.026182180400668564
ABC.train.gold.bea19_001798,baseline,0.0067124332570557355,0.009451164142239694,0.004725582071119882,0.004725582071119954,0.004939885946751007
ABC.train.gold.bea19_000671,baseline,0.0773647996428345,0.06517945343956211,0.08106960513482536,0.05802936196491391,0.06710294087716279
ABC.train.gold.bea19_028859,baseline,0.012156750572082377,0.017211507028440667,0.008605753514220334,0.008605753514220334,0.008188950637463223
ABC.train.gold.bea19_006819,baseline,0.08956523181761908,0.07503875738209519,0.09445738716271057,0.06689860665100571,0.07887777628756404
B.train.gold.bea19_001958,baseline,0.015223205666720377,0.02131803119418059,0.010891724790617075,0.011357143177670639,0.010272544898985566
ABC.train.gold.bea19_010837,baseline,0.04089208475382475,0.04681646352967699,0.035843947274204285,0.029656689834335847,0.030484050369879168
A.train.gold.bea19_010153,baseline,0.19287433898944228,0.11378066971095213,0.23234188652659257,0.14471732083295952,0.18799285298842927
B.train.gold.bea19_005605,baseline,0.01528774387804294,0.019549672019482378,0.011611328759980227,0.015284314260458301,0.012363608378743974
B.train.gold.bea19_001450,baseline,0.023995673533247486,0.030879264349708814,0.01923952061343293,0.017424715500126642,0.017006762705984148
A.train.gold.bea19_006943,baseline,0.021205428635505036,0.029342608704841178,0.01604161208128127,0.015359099431754984,0.014238817128041805
ABC.train.gold.bea19_025978,baseline,0.02532367700262507,0.02466534731019905,0.024448230556249687,0.02043004979914054,0.022108488908489876
ABCN.dev.gold.bea19_001688,baseline,0.004503781088077588,0.006094489778452509,0.0032084231279599024,0.0035307796054271975,0.004000028919441796
ABC.train.gold.bea19_028782,baseline,0.023830619388404417,0.03052585043241345,0.019836503653727723,0.019876109094274806,0.019744083996569302
B.train.gold.bea19_010481,baseline,0.011784897025171732,0.016214449166394317,0.00810722458319723,0.008107224583197374,0.011703170970905669
B.train.gold.bea19_004392,baseline,0.01587120131414225,0.02188463591125306,0.011599188406852425,0.012279070418258767,0.011136539095548062
ABC.train.gold.bea19_033245,baseline,0.02118358593043503,0.027891596243042556,0.016897325293508767,0.017327465757714947,0.01621470605261012
A.train.gold.bea19_005330,baseline,0.007126511932003975,0.01000326904217068,0.005001634521085376,0.005001634521085448,0.005491990846681995
C.train.gold.bea19_007190,baseline,0.05707117276301458,0.07408046583459989,0.04571974151119481,0.04144019740332699,0.037830758409964756
B.train.gold.bea19_009540,baseline,0.09883367436861168,0.07615331429025952,0.10744401161134458,0.08484863081143162,0.09295389893030656
ABC.train.gold.bea19_016894,baseline,0.03296736358317253,0.03817079887882102,0.028337712568563243,0.025248551045744198,0.02505924166979397
ABC.train.gold.bea19_000791,baseline,0.006350114416476025,0.008968072354800079,0.004484036177400075,0.004484036177400147,0.004456794159311393
B.train.gold.bea19_002543,baseline,0.013826618261607382,0.01868707099537038,0.01037631163803836,0.011032614645830316,0.01041544089016323
ABC.train.gold.bea19_015602,baseline,0.009035061813227453,0.012763049817296018,0.006417692598331603,0.006487084360557693,0.006031711490318312
ABC.train.gold.bea19_001720,baseline,0.008811796005137904,0.011333831095067418,0.006583398925482245,0.008416365681379316,0.007739036277527233
C.train.gold.bea19_003431,baseline,0.04648087411688522,0.05934084719053971,0.037073436939052136,0.03356450270468585,0.031501920981514775
ABCN.dev.gold.bea19_000125,baseline,0.05167542304823599,0.06998796431883356,0.039349841763149526,0.03722241145033618,0.033830129356856406
ABC.train.gold.bea19_012163,baseline,0.015875286041190036,0.022420180887000183,0.011210090443500163,0.011210090443500307,0.011141985398278448
ABC.train.gold.bea19_004914,baseline,0.0271209608033843,0.03643958136592624,0.021258702027322534,0.020775529177150018,0.020121180820552503
B.train.gold.bea19_011259,baseline,0.04169611926830444,0.04513501574606827,0.038125247345152824,0.03230200141526757,0.033004258363663184
C.train.gold.bea19_000033,baseline,0.006350114416476079,0.008968072354800113,0.004484036177400129,0.004484036177400273,0.004456794159311465
C.train.gold.bea19_009702,baseline,0.01811285682894298,0.02540966090001887,0.012949404720410784,0.013438553261213482,0.012120400583954055
B.train.gold.bea19_004880,baseline,0.009610983981693416,0.013315898441756601,0.006657949220878336,0.006657949220878408,0.008804620246267915
B.train.gold.bea19_012487,baseline,0.03143038535603739,0.043292045070092273,0.023707150137037208,0.02313077267498727,0.02185705516143332
ABC.train.gold.bea19_027175,baseline,0.00904583441299525,0.0126384792448092,0.006493752627503855,0.006842778637702364,0.006046074956675373
C.train.gold.bea19_003886,baseline,0.01013095771395087,0.013772353884890894,0.007373646375403836,0.008348585241320615,0.007492906024616202
B.train.gold.bea19_007864,baseline,0.048610483082759774,0.060132223508590335,0.04018311318328223,0.035400122836275444,0.033666878928160164
ABC.train.gold.bea19_024768,baseline,0.025716493839344004,0.029171562697802578,0.022519669669676595,0.018750385048275964,0.019644204179521473
ABC.train.gold.bea19_009892,baseline,0.022133560601930592,0.028649136293190738,0.019027927970659265,0.016748034704532403,0.01748133894793754
A.train.gold.bea19_009028,baseline,0.13981026334696592,0.09178035110230232,0.1624228556076199,0.10554035442025925,0.13227834611675654
C.train.gold.bea19_007616,baseline,0.10088774665920233,0.06473379135793497,0.11759099564817345,0.07607473981365633,0.09628680468383333
ABCN.dev.gold.bea19_002735,baseline,0.06825160981037375,0.04809178912715121,0.0779393091041592,0.05186348349475818,0.06393447724089936
ABC.train.gold.bea19_033598,baseline,0.022803867797246864,0.0321580105899048,0.016331164299371745,0.016835482308210435,0.014365056812369258
B.train.gold.bea19_006075,baseline,0.011529660271079087,0.016375386627102907,0.00818769331355149,0.008187693313551563,0.007352830236125503
C.train.gold.bea19_001125,baseline,0.008524027459954286,0.01186662307943776,0.0059333115397189155,0.0059333115397189875,0.007355344883949075
C.train.gold.bea19_006000,baseline,0.06191154516450373,0.0444130154088856,0.06980574203526713,0.04603018266671435,0.056939248644947836
ABC.train.gold.bea19_007414,baseline,0.007126511932003975,0.01000326904217068,0.005001634521085376,0.005001634521085448,0.005491990846681995
A.train.gold.bea19_000090,baseline,0.04590305668441315,0.04039290291228167,0.04805856421684626,0.0350212452362495,0.040968872186119415
B.train.gold.bea19_011650,baseline,0.011660531290418915,0.016549881319556013,0.008274940659778043,0.008274940659778116,0.007527324928578607
B.train.gold.bea19_010925,baseline,0.01644165821306774,0.021710805813179516,0.013405898758546683,0.013077101050964254,0.011897148294115381
A.train.gold.bea19_002471,baseline,0.009153318077803256,0.012455050670153681,0.006227525335076876,0.006227525335076948,0.010199411572409356
ABC.train.gold.bea19_022008,baseline,0.06013863796283137,0.07389706216580874,0.04967427129712476,0.04340591772299258,0.04193297091786042
ABC.train.gold.bea19_008089,baseline,0.017102452007631812,0.02135405194682628,0.014795316638181314,0.014699062955611613,0.0147832192181958
ABCN.dev.gold.bea19_002067,baseline,0.010651575676522978,0.014301858795988423,0.008141513654196846,0.008430369912040618,0.008187063308045677
A.train.gold.bea19_001655,baseline,0.012332643245816517,0.01610015379512972,0.00929084460918739,0.011044792633688589,0.0104284867337704
ABC.train.gold.bea19_010469,baseline,0.019182360620584496,0.018573942126198183,0.02039109452285617,0.014861805157053794,0.017363641035658874
ABC.train.gold.bea19_028155,baseline,0.030204882814785915,0.03851108208930888,0.024255987061378326,0.021767561909532746,0.020712912789274854
A.train.gold.bea19_002273,baseline,0.015225414849280576,0.019909457126282944,0.011921398580836112,0.012989399886528794,0.012280503007060819
C.train.gold.bea19_004454,baseline,0.06461923290225598,0.05859598329420006,0.06542197363393458,0.04756726570921271,0.054143039923912804
ABC.train.gold.bea19_026165,baseline,0.07499029517896237,0.048356829672539174,0.08733746745748473,0.05576083585781008,0.07091437853435589
ABC.train.gold.bea19_021380,baseline,0.026042473471953567,0.036856037125576106,0.018550918497561065,0.018796718367107088,0.016678185180649868
B.train.gold.bea19_008236,baseline,0.1043783317168387,0.08356797873993074,0.11268863265275132,0.07734385443147455,0.09197413989241464
B.dev.gold.bea19_001240,baseline,0.06032192951184,0.06693540715049622,0.06351470260745636,0.04919708538448513,0.05277677485455023
ABC.train.gold.bea19_003830,baseline,0.011807780320366184,0.016495586793069665,0.008247793396534869,0.008247793396534942,0.00972866949983662
ABC.train.gold.bea19_007268,baseline,0.017945867271491767,0.02354176920202535,0.014621331974595456,0.014265923147399814,0.013902760372014086
ABC.train.gold.bea19_010847,baseline,0.21128126901085287,0.1720349805418963,0.2332124981240373,0.1596947790862349,0.1892574640025803
B.train.gold.bea19_001628,baseline,0.04457974570912343,0.04571182530606766,0.04276887363473814,0.03287217640557337,0.03537951056955805
B.train.gold.bea19_010662,baseline,0.09013713571817522,0.07031044963754995,0.09925600869743915,0.06759384248358673,0.08213773484227874
ABC.train.gold.bea19_019233,baseline,0.007283829760937531,0.009735476787339634,0.005690759383251106,0.0056094432148863504,0.0057017479519267346
ABC.train.gold.bea19_018731,baseline,0.025528334546478952,0.03488965356383984,0.019640594336083457,0.018818983487561603,0.017997679144678706
B.dev.gold.bea19_001100,baseline,0.0823447489528243,0.08468984090970234,0.08519993904998582,0.06387327091577785,0.07004729287603177
A.train.gold.bea19_006589,baseline,0.05402085605970573,0.06351926163669461,0.046730359821520275,0.03934837369824577,0.03944635444552244
B.train.gold.bea19_005632,baseline,0.02882696402163443,0.04082089635876206,0.020531769513625276,0.020774412182113768,0.018385826715562697
ABC.train.gold.bea19_014673,baseline,0.11425732245631638,0.09161798211448914,0.12247023331199922,0.0860291794608151,0.10100320842642842
B.train.gold.bea19_005118,baseline,0.009140557093743855,0.012729860335569894,0.006574358989788316,0.006993216633795055,0.0061723718643401804
A.dev.gold.bea19_000128,baseline,0.34735691786583056,0.3800672078297096,0.36261100055999623,0.2765226956825487,0.29271177431498924
B.train.gold.bea19_005608,baseline,0.017467456881120946,0.02446556027604265,0.01256092176863618,0.013217205029865889,0.011259867320191342
C.train.gold.bea19_007552,baseline,0.011784897025171678,0.01621444916639428,0.008107224583197176,0.008107224583197249,0.011703170970905596
A.train.gold.bea19_002272,baseline,0.006893592677345591,0.0096927100359595,0.004846355017979785,0.004846355017979857,0.005181431840470814
ABC.train.gold.bea19_025688,baseline,0.009586781934809056,0.013221442941828681,0.006923534141412522,0.007549159482408884,0.00676733831909378
ABC.train.gold.bea19_010660,baseline,0.0062665023763422995,0.008856589634621742,0.004428294817310943,0.004428294817311087,0.004345311439133094
ABC.train.gold.bea19_017590,baseline,0.07915671084323768,0.06116960708419477,0.08645098563755084,0.05983178129935185,0.07132036269187216
ABC.train.gold.bea19_031939,baseline,0.016921174242263894,0.022858640515873434,0.013177145827731041,0.012713958981141193,0.012536502999710255
ABC.train.gold.bea19_006577,baseline,0.08979900718246356,0.0732772796523292,0.0959904178174528,0.06643221900815892,0.07816467661005537
ABC.train.gold.bea19_016524,baseline,0.011446253380813474,0.015095148543512786,0.008465976601909696,0.010302781262216298,0.009246633580433006
ABCN.dev.gold.bea19_001616,baseline,0.14207067416862365,0.08875054693026306,0.16778521879135802,0.10845927294466887,0.13739749037019497
A.train.gold.bea19_006365,baseline,0.030490221972774685,0.03712870078678703,0.02540495940017938,0.0312797047556126,0.02661854157773467
ABC.train.gold.bea19_015681,baseline,0.014176234329663384,0.01921000344653815,0.010299150315279601,0.011687447499300651,0.010881595647571232
ABC.train.gold.bea19_027620,baseline,0.13833310813471808,0.08391937554912926,0.1653122281664736,0.10414411430362211,0.13441908152298254
A.train.gold.bea19_000931,baseline,0.1358772320029759,0.10744930696410496,0.14704436390487802,0.10063774980409855,0.12032522393147899
ABCN.dev.gold.bea19_002488,baseline,0.13823625515258567,0.0855605763346975,0.1631348543069177,0.10336210555777559,0.13228493168214428
