sentence_id,source,reference
B.train.gold.bea19_007913,The side effect of depending only on cars as the main transportation are remarkable .,The side effect of depending only on cars as our main means of transportation are remarkable .
B.train.gold.bea19_001618,"So , it would be a good choice to consider them your friends .","So , it would be a good choice to consider them your friends ."
C.train.gold.bea19_009782,"How to provide student with more real and relevant input , in the daily routine of an art class , seems to be a dare for Arts and Crafts teachers , who need to bring together the development of the artistic language and the learning of a foreign language .","How to provide students with more real and relevant input , in the daily routine of an art class , seems to be a challenge for Arts and Crafts teachers , who need to bring together the development of the artistic language and the learning of a foreign language ."
B.train.gold.bea19_001862,In your article you write from a education center with assistance for new franchisees .,In your article you write about an education center with assistance for new franchisees .
ABC.train.gold.bea19_018763,"Flowers was in every colour of rainbow , the leaves on the trees going green .","Flowers were in every colour of the rainbow , the leaves on the trees were turning green ."
ABC.train.gold.bea19_017069,"All in all , Taiwan has currency sovereignty and is well - known for its effectiveness .","All in all , Taiwan has currency sovereignty and is well - known for its effectiveness ."
ABC.train.gold.bea19_005791,"Thus , I think the future for public transportation will be more proferous .","Thus , I think the future of public transportation will be more prosperous ."
B.train.gold.bea19_008031,"You can watch reality shows , cartoons and wherever you want .","You can watch reality shows , cartoons and whatever you want ."
B.train.gold.bea19_004082,Harry and Alice are seven and one years old .,Harry and Alice are seven and one .
A.train.gold.bea19_005257,"In contrast , to my present learning , it is precisely crucial .","In contrast , in my present learning , it is absolutely crucial ."
A.train.gold.bea19_004486,Beijing is also a city which has many kinds of snacks and foods from different countries .,Beijing is also a city which has many kinds of snacks and foods from different countries .
ABC.train.gold.bea19_016268,"First of all , Dogs and cats are a very loyal creatures .","First of all , dogs and cats are very loyal creatures ."
ABC.train.gold.bea19_005141,It is not the best thing for our eyesight and our helth .,It is not the best thing for our eyesight and our health .
A.train.gold.bea19_005655,It gives the students the freedom to choose his major and the teachers .,They give the students the freedom to choose their majors and their teachers .
C.train.gold.bea19_002319,Do n't you want to feel the same ?,Do n't you want to feel the same ?
A.train.gold.bea19_009180,"when you have desire to do something , somehing you always dream to achieve it , something is touch you inside when not only do it but also when think about .","When you have the desire to do something , something you always dreamt of achieving , something touches you inside not only when you do it , but also when you think about it ."
B.train.gold.bea19_000368,You can get to know other countires and new individuals .,You can get to know other countries and new individuals .
ABC.train.gold.bea19_006239,I carefully approached the window of the house and I see two men with the paintings .,I carefully approached the window of the house and I saw two men with the paintings .
ABC.train.gold.bea19_022305,Tanny is a human - rocket that 's warming up on a neighbor track line .,Tanny is a human rocket that 's warming up on a neighboring track lane .
B.train.gold.bea19_000537,This new way of teaching pupils has received a mix response .,This new way of teaching pupils has received a mixed response .
ABC.train.gold.bea19_002209,what the meaning of friend ?,What is the meaning of friend ?
ABC.train.gold.bea19_030671,Kids have to pay 10 euros just for the entrance getting anything else .,Kids have to pay 10 euros just for entrance before getting anything else .
B.train.gold.bea19_003379,"Luckily , we are in touch .","Luckily , we are in touch ."
ABC.train.gold.bea19_022377,My mother always helps me to choose the best option too .,My mother always helps me to choose the best option too .
ABC.train.gold.bea19_028533,"As only a gentleman would do , he apologised and introduced himself to the Princess :","As only a gentleman would do , he apologised and introduced himself to the Princess :"
A.train.gold.bea19_000484,My family livs in a,My family lives in a
A.train.gold.bea19_008598,My city is Jaén it 's in the east of Andalucia and is an important cross ways between the south and center os Spain .,My city is Jaén . It 's in the east of Andalucia and is an important crossroads between the south and the center of Spain .
ABC.train.gold.bea19_000524,My favorite sport game is Cricket .,My favorite sport is Cricket .
ABCN.dev.gold.bea19_001851,"Anyway , you need to get to the centre . I 'll wait for you there .","Anyway , you need to get to the centre . I 'll wait for you there ."
N.dev.gold.bea19_000112,E.R.M. is already upon us but in this area I feel Britain should be especially careful .,"E.R.M. is already upon us , but in this area I feel Britain should be especially careful ."
A.train.gold.bea19_007069,One of my favourite books are Diary of a Wimpy Kid .,One of my favourite books is Diary of a Wimpy Kid .
A.train.gold.bea19_002571,See you soon .,See you soon .
A.train.gold.bea19_008015,"Unfortunately , he refused me .","Unfortunately , he refused me ."
B.train.gold.bea19_006446,At my school I do n't do that much because we are just five people that are worried about the world .,"At my school , I do n't do that much because there are just five of us that are worried about the world ."
A.train.gold.bea19_009370,"It depicts the growth of the population in "" Germany "" .","It depicts the growth of the population in "" Germany "" ."
B.train.gold.bea19_012562,"Sincerely ,","Yours faithfully ,"
C.train.gold.bea19_001640,"The success of the soap opera depends on the theme , the people have to weather to relate to it or have interest on it .","The success of the soap opera depends on the theme , the people have to decide whether to relate to it or take an interest in it ."
A.train.gold.bea19_008833,"the main character is so cool , charismatic , and patient .","The main character is so cool , charismatic , and patient ."
C.train.gold.bea19_009457,"In my opinion , parents should be concerned for their family 's comfort and should motivate their children to do sport , be in contact with a lot of people and avoid eating fast food .","In my opinion , parents should be concerned about their family 's comfort and should motivate their children to do sport , be in contact with a lot of people and avoid eating fast food ."
A.train.gold.bea19_000493,He is 24 years old and he looks very similar to me .,He is 24 years old and he looks very similar to me .
A.train.gold.bea19_008517,But is this idea a way to reduce the bad habit of consume noxious foodstuff ?,But is this idea a way to reduce the bad habit of consuming harmful foodstuffs ?
A.train.gold.bea19_008370,Adolescent has always been the hardest part throughout anybody 's whole life ..,Adolescence has always been the hardest part in anybody 's whole life .
ABC.train.gold.bea19_032688,"When he grew up he struggled to pass his illness and he became a sane , strong , handsome young adult man .","When he grew up he struggled to overcome his illness and he became a sane , strong , handsome young adult man ."
ABC.train.gold.bea19_030414,"Thereby , engineers must take demanding knowledge to be successful in a career .","Therefore , engineers must take demanding knowledge to be successful in a career ."
ABC.train.gold.bea19_000749,"And the government , pls do n't be so flabby with your own citizen .","And government , please do n't be so flabby with your own citizen ."
ABC.train.gold.bea19_015001,Let 's talk about sports,Let 's talk about sports
ABC.train.gold.bea19_033890,We are also able to protect ourselves from various diseases and help the sick .,We are also able to protect ourselves from various diseases and help the sick .
ABC.train.gold.bea19_019045,"However , I must pay the fee and every evening it 's my commitment study something or do my homework .","However , I must pay the fee and every evening it 's my commitment to study something or do my homework ."
B.train.gold.bea19_004985,I knew everything .,I know everything .
ABC.train.gold.bea19_017632,"Secondly , the mandatory military service can develop the character of a person , making it stronger .","Secondly , mandatory military service can develop the character of a person , making it stronger ."
ABC.train.gold.bea19_030151,The adepts of this idea usually mention extraordinary people in order to reinforce their own believe in their child 's potential to become a known genius .,The adherents of this idea usually mention extraordinary people in order to reinforce their own belief in their child 's potential to become a famous genius .
C.train.gold.bea19_004380,"For example , only 10% percent of the boys never do that and 24% go to nightspots at least one time a week .","For example , only 10% of the boys never do that and 24% go to nightspots at least once a week ."
B.train.gold.bea19_003647,"All in all , Public transport is not as fast as a car can be ; it 's not as convenient as a car can provide , so it 's future is in doubt .","All in all , public transport is not as fast as a car can be , it 's not as convenient as a car can be , so its future is in doubt ."
ABC.train.gold.bea19_004542,"What is more , you will not be satisfied with the shopping if you lack money and can not afford to buy the thing which you really want .","What is more , you will not be satisfied with the shopping if you lack money and can not afford to buy the thing that you really want ."
A.train.gold.bea19_001569,Buses run with petrol that causes pollution .,Buses run on petrol that causes pollution .
ABC.train.gold.bea19_028754,Singapore could be the place that you would find everything you are looking for .,Singapore could be the place where you will find everything you are looking for .
C.train.gold.bea19_005366,"You also need to know some basic rules such as putting out your arm to indicate when you turn and of course , you need to know the highway code .","You also need to know some basic rules such as putting out your arm to indicate when you turn and , of course , you need to know the highway code ."
B.dev.gold.bea19_000552,Not all people like the idea of Googlemobile .,Not all people like the idea of Googlemobile .
B.train.gold.bea19_000595,"But when do this , they expose a lot of details about themselves , details that everyone can see , especially strange people .","But when they do this , they expose a lot of details about themselves , details that everyone can see , especially strangers ."
ABC.train.gold.bea19_029091,"Or maybe during the year off somebody could also decide that they do n't want to continue their studies , because they already found what they want to do or be .","Or maybe , during the year off , somebody could also decide that they do n't want to continue their studies , because they have already found what they want to do or be ."
ABC.train.gold.bea19_021151,"In Extremadura , the second transport most used is the bus .","In Extremadura , the second most used mode of transport is the bus ."
B.train.gold.bea19_003253,"I am in 5th semester of Industrial Designer , and I have 500 points in my TOEFL .","I am in the 5th semester of Industrial Design , and I have 500 points in my TOEFL ."
A.train.gold.bea19_009677,Best wishes .,Best wishes .
ABC.train.gold.bea19_000439,My favourite sport is swimming because as soon as start this sport you feel better .,"My favourite sport is swimming , because as soon as you start this sport , you feel better ."
C.dev.gold.bea19_000203,She did not feel bad about it because she loves her parents very much and she feels loved by them .,She did not feel bad about it because she loved her parents very much and she felt loved by them .
ABC.train.gold.bea19_028019,"Stalkers , pedophiles , human traffickers , murderers and other criminals ; these are just a small part of the threats you can come across on Facebook .","Stalkers , pedophiles , human traffickers , murderers and other criminals ; these are just a small part of the threats you can come across on Facebook ."
ABC.train.gold.bea19_019656,I wish you love it either !,I hope you love them too !
B.train.gold.bea19_008314,"It is my contention that the people , who have the ability to adapt or adjust conditions or circumstances have higher percentage be successful in school or work .",It is my contention that people who have the ability to adapt or adjust to conditions or circumstances have a higher likelihood of being successful in school or work .
A.train.gold.bea19_007102,The life in university have a lot of difficult and interesting things .,Life at university involves a lot of difficult and interesting things .
A.train.gold.bea19_000129,"In addition , you wo n't have better opportunity to see it than this week , because just moment in Spain the festival 's cinema is happening .","In addition , you wo n't have a better opportunity to see it than this week , because just now in Spain the cinema festival is taking place ."
A.train.gold.bea19_005664,"He 's back home for getting ready for school when he 's try to forget what he saw , but he ca n't .","He went back home to get ready for school and he tried to forget what he had seen , but he could n't ."
A.train.gold.bea19_005492,enjoy .,enjoy .
A.train.gold.bea19_004980,"Lastly , workshops about conservation of environment to increase environmental awareness among people to encourage them to take care of their city , and how they can recycle some rubbish to beneficial objects to exploit it at home .","Lastly , workshops about conservation of the environment to increase environmental awareness among people , to encourage them to take care of their city , and teach them how they can recycle some rubbish to make useful objects to use at home ."
B.train.gold.bea19_003023,"In conclusion , while salary still plays a role and certainly affects people 's choice of profession , I believe that money does not outweigh all the other factors .","In conclusion , while salary still plays a role and certainly affects people 's choice of profession , I believe that money does not outweigh all the other factors ."
A.train.gold.bea19_003621,It was n't that easy for the couple with two little girls .,It was n't that easy for the couple with two little girls .
ABC.train.gold.bea19_019662,We live in an area where its population has all types of animals which can get hurt very easily by human 's activities ; so in our community we have very strict rules when referring to taking care of the environment .,We live in an area where the population has all types of animals which can get hurt very easily by human activities ; so in our community we have very strict rules when it comes to taking care of the environment .
C.train.gold.bea19_008172,"With competition giving him no choice at all , the producer is forced to abide by the market equilibrium .","With competition giving him no choice at all , the producer is forced to abide by the market equilibrium ."
ABC.train.gold.bea19_023475,"The increase in the fuel cost for example , will have surely a negative impact on the use of private vehicles .","The increase in the fuel cost , for example , will surely have a negative impact on the use of private vehicles ."
B.train.gold.bea19_005811,Do you remember ?,Do you remember ?
A.train.gold.bea19_003634,I come from Ninh Binh province .,I come from Ninh Binh province .
A.train.gold.bea19_004905,I would like to spend this Saturday with you ) ),I would like to spend this Saturday with you ) )
C.train.gold.bea19_002868,"Also , Ss were writing the sentences individually in their notebook instead of choosing only one person to write for the whole team .","Also , Ss were writing the sentences individually in their notebook instead of choosing only one person to write for the whole team ."
C.train.gold.bea19_001767,If only I had looked a bit better where I placed my feet ...,If only I had looked a bit more carefully where I placed my feet ...
A.train.gold.bea19_004887,"One day I visit my friend Jimmy in New York city , he was a young man who was specialist on trains and tourism , he talked about how the citizens and the commuters move from one place to another , he told me that the grand central terminal was the largest terminal of the city , he show me were the landmarks of the big apple were so sightseers could go , he show me the city and we went to different parts first he took me to Columbus circle in the south west corner of central park were there were the most expensive apartments then we went to the lake were the jogging tracks that circle the lake area popular with early morning visitors , then we went to the museum of natural history that was located near the metropolitan museum of art then I got focal on the subway trains so we went to Grand central terminal when we arrive I was amazed to see many people going to work so he told me that it was conveniently for people to use the train because is very fastest and for the government it was a grat economic business then he told me that one of the characteristics of","One day I visited my friend Jimmy in New York city . He was a young man who was an expert on trains and tourism . He talked about how citizens and commuters move from one place to another . He told me that Grand Central Station was the largest terminus in the city . He showed me where the landmarks of the Big Apple were so sightseers could go there . He showed me the city and we went to different parts . First he took me to Columbus Circle in the south west corner of Central Park where there were the most expensive apartments . Then we went to the lake where the jogging tracks that circle the lake are popular with early - morning visitors . Then we went to the Museum of Natural History that was located near the Metropolitan Museum of Art . Then I got focal on the subway trains , so we went to Grand Central Station . When we arrived , I was amazed to see a lot of people going to work , so he told me that it was convenient for people to use the train because it is very fast and for the government it was a great economic business . Then he told me that one of the characteristics of"
A.train.gold.bea19_009530,This film is about a family that lives in a very big house .,This film is about a family that lives in a very big house .
N.dev.gold.bea19_000116,To conclude I would say a single Europe is already happening and that it will continue to do so is guaranteed .,"To conclude , I would say a single Europe is already happening and that it will continue to do so is guaranteed ."
B.train.gold.bea19_008477,"Dear Mr ... ,","Dear Mr ... ,"
A.train.gold.bea19_000146,"Sachin and Ganguly was my favorite cricketers , I love their batting .",Sachin and Ganguly were my favorite cricketers . I love their batting .
C.train.gold.bea19_007506,She was embarrassed that she did not recognise him .,She was embarrassed that she did not recognise him .
ABC.train.gold.bea19_024480,"She always wanted to be in the spotlights , in which she had always succeeded , since everyone adored her .","She always wanted to be in the spotlight , and she had always succeeded , since everyone adored her ."
C.train.gold.bea19_009501,I would be able to start immediately .,I would be able to start immediately .
A.train.gold.bea19_002819,"Mom and dad spent their life to grow up their children , to feed them , to love them !","Mom and dad spend their life raising their children , feeding them , loving them !"
A.dev.gold.bea19_000628,Let us play cards .,Let us play cards .
ABC.train.gold.bea19_033897,"At some time or another , each and every young person must provide themselves with the necessary skills . « What can I do for my life ? » .","At some time or another , each and every young person must provide themselves with the necessary skills . "" What can I do with my life ? "" ."
ABC.train.gold.bea19_033141,"I know the only time you have to go there is in the morning , before you go to work , so I would like to ask you to give priority in changing the water for my bird , and seeing if there is still enough seeds in her bowl which , by the way , are in a box next to the cage .","I know the only time you have to go there is in the morning , before you go to work , so I would like to ask you to give priority to changing the water for my bird , and seeing if there are still enough seeds in her bowl which , by the way , are in a box next to the cage ."
C.train.gold.bea19_004612,It 's good to know that you 'll be in the shop next Saturday while I 'm away in Lugo .,It 's good to know that you 'll be in the shop next Saturday while I 'm away in Lugo .
ABC.train.gold.bea19_027322,There is a great public transport syste .,There is a great public transport system .
C.train.gold.bea19_009221,Ainoa .,Ainoa .
B.train.gold.bea19_011216,"My favourite actor is Tom Cruise and consequently the best film I have ever seen was "" Far away , far away "" , where he plays starring role with his ex - wife Nicole Kidman .","My favourite actor is Tom Cruise and , consequently , the best film I have ever seen was "" Far away , far away "" , where he plays the starring role with his ex - wife Nicole Kidman ."
ABCN.dev.gold.bea19_002179,"Last Friday , Michael and I was in the school playing happily with each other in the classroom .","Last Friday , Michael and I were at school playing happily with each other in the classroom ."
B.train.gold.bea19_004631,"The government is not only one to blamed but also people who leaving here , who never cares of their environment .","The government is not the only one to blame , but also the people who live here , who never care about their environment ."
ABC.train.gold.bea19_022938,I think that international sporting occasions can be one of the best ways to ease tensions or to release patriotism safely .,I think that international sporting occasions can be one of the best ways to ease tensions or to release patriotism safely .
B.train.gold.bea19_009268,"I also recycle my old paper material such as old books , and this greatly helps our atmosphere thanks to the decrease in hazardous gases resulting from burned waste .","I also recycle my old paper , such as old books , and this greatly helps our atmosphere thanks to the decrease in hazardous gases resulting from burned waste ."
ABC.train.gold.bea19_026634,"And we can see these examples in many situations , when we find inept and incompetent workers .","And we can see these examples in many situations , when we find inept and incompetent workers ."
C.train.gold.bea19_000561,It was an amazing and very instructive summer camp and I must say that I am the proud owner of the captain camp assistant badge .,It was an amazing and very instructive summer camp and I must say that I am the proud owner of the captain camp assistant badge .
C.train.gold.bea19_005760,"First of all , I 'm really happy you accepted my invitation .","First of all , I 'm really happy you accepted my invitation ."
ABC.train.gold.bea19_029612,Nuclear power plants have a high risk of pollution in case of accident .,Nuclear power plants have a high risk of pollution in the event of an accident .
B.train.gold.bea19_011582,"I have three more days to prepare myself better , but to be honest I 'm not in the mood of studying .","I have three more days to prepare myself better , but to be honest , I 'm not in the mood for studying ."
B.train.gold.bea19_012209,"First , as the technology developed , we may find visiting museum is far from convenient .","First , as technology has developed , we may find visiting museums is far from convenient ."
ABC.train.gold.bea19_019193,"On the other hand it will lead to more driving , because smarter driving reduces the cost per mile of vehicle usage .","On the other hand , it will lead to more driving , because smarter driving reduces the cost per mile of vehicle usage ."
A.train.gold.bea19_007887,My thoughts are unquestionably better than others .,My thoughts are unquestionably better than others ' .
C.train.gold.bea19_001199,"Surprisingly , the result illustrated that these robots can not only put words in right order grammatically , but also recognise whether a sentence is correct or not .","Surprisingly , the result illustrated that these robots can not only put words in the right order grammatically , but also recognise whether a sentence is correct or not ."
ABC.train.gold.bea19_014835,one can easily deduce information of culprits with partial form of latent fingermark .,One can easily deduce information about culprits from the partial form of a latent fingerprint .
C.train.gold.bea19_003516,I am a 16-year - old teenager from Argentina and at present I am in a double shift secondary school .,I am a 16-year - old teenager from Argentina and at present I am in a double shift secondary school .
A.train.gold.bea19_007497,The school is the Spanish institution in charge of training the Spanish navy officer class .,The school is the Spanish institution in charge of training the Spanish navy officer class .
B.train.gold.bea19_011486,"Firstly , there were 3 main gates , the center one only for the king , the left side one was for administrators , the right site one was for military .","Firstly , there were 3 main gates , the center one only for the king , the left side one was for administrators , the right side one was for the military ."
B.train.gold.bea19_005893,"As far as I 'm concerned , there are more disadvantages .","As far as I 'm concerned , there are more disadvantages ."
ABC.train.gold.bea19_023748,Researchers say that an average adult in the developed world is now exposed to hundreds of commercial messages every day .,Researchers say that an average adult in the developed world is now exposed to hundreds of commercial messages every day .
A.train.gold.bea19_004941,I love this family because it is a single mother and I think it is easier,I love this family because it is a single mother and I think it is easier .
B.train.gold.bea19_000066,"With reference to your advertisement posted on the web ( CareerCast IT ) a few days ago , I am sending you attached my curriculum vitae in support of my application for the following position : Graduate Project Engineer , which are being offered at your company .","With reference to your advertisement posted on the web ( CareerCast IT ) a few days ago , I am sending you attached my curriculum vitae in support of my application for the following position : Graduate Project Engineer , which is being offered at your company ."
B.train.gold.bea19_008351,Tom had faith this day will be better than the others .,Tom had faith this day would be better than the others .
A.train.gold.bea19_007923,I discovered a new world .,I discovered a new world .
ABC.train.gold.bea19_014155,"If I could change places for 24 hours with a famous person , I would like to be Paula Echevarria","If I could change places for 24 hours with a famous person , I would like to be Paula Echevarria ."
ABC.train.gold.bea19_016254,He still needs to find an ATM to withdrawl some money to pay for his appointment .,He still needs to find an ATM to withdraw some money to pay for his appointment .
ABC.train.gold.bea19_024221,My duties were pretty simple .,My duties were pretty simple .
B.train.gold.bea19_003470,"In this respect , newspapers seem to be more credible than numerous websites that make up fake stories much more than publishing real news .","In this respect , newspapers seem to be more credible than numerous websites that make up fake stories much more than publishing real news ."
C.train.gold.bea19_003639,"Restpectfully ,","Yours faithfully ,"
C.train.gold.bea19_007337,"Not only do I have a big nuclear family who is made up by four siblings , but I also have a big extended family .","Not only do I have a big nuclear family which is made up of four siblings , but I also have a big extended family ."
B.train.gold.bea19_003074,Angel,Angel
ABC.train.gold.bea19_016483,"I 'll have plenty of time to do what I want , however I would like to spend my time in the right things .","I 'll have plenty of time to do what I want , but I would like to spend my time doing the right things ."
ABC.train.gold.bea19_005847,"when i ran with the ball , i feel that i hold a goal or a valuable something and i should offer my best to put it in his place and make it in right way .","When I run with the ball , I feel like I am holding a goal or a valuable object and I should offer my best to put it in its place and do it in the right way ."
ABC.train.gold.bea19_019297,Because human activity releases into the air substances that damage several things in our planet such as the atmosphere and ecosystems .,"This is because human activity releases into the air substances that damage several things on our planet , such as the atmosphere and ecosystems ."
ABC.train.gold.bea19_008817,"But let me tell you it was a concert that the performed Lala Band and I have taken and I especially , I was the cameraman .","But let me tell you it was a concert by the Lala Band and I have taken and I especially , I was the cameraman ."
A.train.gold.bea19_001018,It is the story about a little lion and his life .,It is a story about a little lion and his life .
ABC.train.gold.bea19_017383,From the airport to my house there are just 5 minutes .,It is just 5 minutes from the airport to my house .
A.train.gold.bea19_001293,I found your web site and this my first try .,I found your website and this is my first try .
B.train.gold.bea19_008666,And how was your weekend ? Hope to see you soon !,And how was your weekend ? Hope to see you soon !
B.train.gold.bea19_011733,In general the facilities are well preserved but the majority of the users think that the installation should have an improvement in the baskteball and tennis courts maybe the bathroom should be remodelled .,"In general , the facilities are well maintained but the majority of the users think that the installation should be improved in the basketball and tennis courts and maybe the bathroom should be remodelled ."
A.train.gold.bea19_004378,It is difficult to imagine how we can live without it .,It is difficult to imagine how we could live without it .
C.dev.gold.bea19_000490,To : gKL6@yahoo.com,To : gKL6@yahoo.com
ABC.train.gold.bea19_014715,"Not only it is the popular place among young Polish citizens , but also it is very extraodrinary : people can walk the red carpet and drink the most famous drinks .","Not only is it the popular place among young Polish citizens , but it is also really extraordinary : people can walk the red carpet and drink the most famous drinks ."
A.train.gold.bea19_003743,"On the other hand , the farmer who owns the sheep refused to sell the sheep for higher price than normal to the circus .","On the other hand , the farmer who owns the sheep refused to sell the sheep for a higher price than normal to the circus ."
ABC.train.gold.bea19_012547,Because I want to improve my language skills I want to go with you on a camp .,"Because I want to improve my language skills , I want to go with you on a camp ."
ABCN.dev.gold.bea19_002315,"Exultation seized my mind instantly , but I soon began to worry : "" What will I do with this amount of money ? ""","Exultation seized my mind instantly , but I soon began to worry : "" What will I do with this amount of money ? """
C.train.gold.bea19_006437,Learning another language is a wonderful way of learning about another country .,Learning another language is a wonderful way of learning about another country .
ABC.train.gold.bea19_000578,Rate is pretty low .,Rate is pretty low .
ABCN.dev.gold.bea19_003325,"Dear group leader ,","Dear group leader ,"
B.train.gold.bea19_008655,We had so much fun !,We had so much fun !
ABC.train.gold.bea19_019249,I am writing to you because I am interested in booking this service at your hotel and would like to receive some further information in advance .,I am writing to you because I am interested in booking this service at your hotel and would like to receive some further information in advance .
ABC.train.gold.bea19_018666,"Finally , I 'm afraid my parents ca n't take me to your home on Friday evening , because it 's my grandfather 's birthday .","Finally , I 'm afraid my parents ca n't bring me to your home on Friday evening because it 's my grandfather 's birthday ."
ABC.train.gold.bea19_000490,"Kind Regards ,","Kind Regards ,"
ABC.train.gold.bea19_033377,"And thirdly , it is an activity where I have been able to make new friends who , besides playing football as me , are very similar to me in other features .","And thirdly , it is an activity where I have been able to make new friends who , besides playing football like me , are very similar to me in other ways ."
B.train.gold.bea19_012527,And many more .,And many more .
ABC.train.gold.bea19_001510,"It is inevitably true that , excessive use of public transport leads to higher level of pollution .",It is inevitably true that excessive use of public transport leads to higher levels of pollution .
A.train.gold.bea19_000498,This is a power of the information technology .,This is the power of information technology .
ABC.train.gold.bea19_023089,To be a fan of NFL team is very special experience .,Being a fan of an NFL team is a very special experience .
ABC.train.gold.bea19_023173,"One argument in favour of this idea is that Peruvian people who learn English for a short period and then travel abroad , have an enhancement in just one or two months .",One argument in favour of this idea is that Peruvian people who learn English for a short period and then travel abroad show an improvement in just one or two months .
ABC.train.gold.bea19_006662,After one month my instructor told me that I will go to the competition .,"After After one month , my instructor told me that I would enter the competition ."
C.train.gold.bea19_009919,I started walking towards my house when she yelled :,I started walking towards my house when she yelled :
B.train.gold.bea19_000232,Working holidays abroad,Working holidays abroad
ABC.train.gold.bea19_023003,"On the other hand , near Mediterranean Sea there are a lot of towns with fantastic beaches which water is very clean and warm .","On the other hand , near the Mediterranean Sea there are a lot of towns with fantastic beaches where the water is very clean and warm ."
ABC.train.gold.bea19_014777,"Recently I saw some pretty good films called "" The Wolf of Wall Street "" and "" Capitan Philips "" , films that caught my attention since the first minute .","Recently , I saw two pretty good films called "" The Wolf of Wall Street "" and "" Capitan Philips "" , films that held my attention from the first minute ."
A.train.gold.bea19_004512,but nobody was opening doors .,but nobody was opening their doors .
ABC.train.gold.bea19_032719,Well as the day was coming to a close Michael had a distinct feeling that something just was n't correct but he dismissed that feeling and continued with his day as he usually does .,"Well , as the day was coming to a close , Michael had a distinct feeling that something just was n't correct but he dismissed that feeling and continued with his day as he usually does ."
A.train.gold.bea19_003599,Crowd is more and all the people want to travel by public transport so it is difficult to travel . Best way to travel in there,"There are more crowds and all the people want to travel by public transport , so it is difficult to travel . The best way to travel is in their"
B.train.gold.bea19_001397,Thank you for your time !,Thank you for your time !
A.train.gold.bea19_001047,That all I can say . I love football very much,That is all I can say . I love football very much .
ABC.train.gold.bea19_025090,"Teenagers , however , use this technology in a way that could be dangerous .","Teenagers , however , use this technology in a way that could be dangerous ."
A.train.gold.bea19_005448,"For all the people I advise to start to play or watching football because for me it is a very good sport , but you can play a good football only if you really like it , because first football is fun .","For all the people , I advise you to start playing or watching football , because , for me , it is a very good sport . But you can only play football well if you really like it , because , first and foremost , football is fun ."
A.train.gold.bea19_009943,"She always helps me in whatever I need , and she 's amazing .","She always helps me with whatever I need , and she 's amazing ."
ABCN.dev.gold.bea19_001538,"Everybody can not afford a travel through car as it is costly , but to discuss the benefits , one can enjoy high privacy during travel and is convenient","Not everybody can afford a journey by car as it is costly , but to discuss the benefits , one can enjoy a high level of privacy while travelling and it is convenient"
N.dev.gold.bea19_000905,"After the Baron is caught bathing with the Mussalman , he receives 100 lashes for his sin .","After the Baron is caught bathing with the Muslim , he receives 100 lashes for his sin ."
A.train.gold.bea19_009914,Several years ago we had wonderful lawns with a lot of local plants and grass .,Several years ago we had wonderful lawns with a lot of local plants and grass .
ABC.train.gold.bea19_011592,"Because it was our first day at Algarve , we decided to explore , a bit more of the area .","Because it was our first day in the Algarve , we decided to explore a bit more of the area ."
ABC.train.gold.bea19_020427,"They might be there for you , preparing menus and a big extension of exercises that will help you and change your health and body only if you cooperate .","They can be there for you , preparing menus and a big extension of exercises that will help you and change your health and body , but only if you cooperate ."
C.train.gold.bea19_004821,"First , to travel by boat is a very relaxing and carefree experience , compared to being confined to a very narrow and limited little space on the seat of a plane .","First , to travel by boat is a very relaxing and carefree experience , compared to being confined to a very narrow and limited little space on the seat of a plane ."
B.train.gold.bea19_012043,Now that we have a wonderful idea I thought you would want to hear about it .,"Now that we have a wonderful idea , I thought you would want to hear about it ."
ABC.train.gold.bea19_014492,"If the government provide good transport infrastructure like modern and comfort buses , traffic free Metro lines then people would rather to use public transport than travelling by car .","If the government provided good transport infrastructure like modern and comfort buses , traffic free Metro lines , then people would rather use public transport than travel by car ."
A.train.gold.bea19_002358,I came from a large family and I have two younger sisters with age of 10 and 12 .,I come from a large family and I have two younger sisters aged 10 and 12 .
ABC.train.gold.bea19_031653,"First of all , Spanish educational laws are in Europe , and probably in the world , the only ones which have changed the most in the last 30 years .","First of all , Spanish educational laws are in Europe , and probably in the world , the only ones which have changed the most in the last 30 years ."
A.train.gold.bea19_007158,There are several reasons why there is no future for public transport .,There are several reasons why there is no future for public transport .
A.dev.gold.bea19_000254,"To sum up , my best friends are my family , especially , David , my husband .","To sum up , my best friends are my family , especially , David , my husband ."
ABC.train.gold.bea19_024670,We 've planed a nice event to celebrate my 50 .,We 've planned a nice event to celebrate my 50th .
ABC.train.gold.bea19_027078,It 's been a long time since we last contact each other .,It 's been a long time since we last contacted each other .
A.train.gold.bea19_004187,They brought Marcuangolo to a room and put the boy in a bed .,They took Marcuangolo to a room and put the boy in a bed .
C.train.gold.bea19_001346,We will explain some concepts that we will use later in our analysis .,We will explain some concepts that we will use later in our analysis .
ABC.train.gold.bea19_012238,"But my new friends from this group were very polite and we worked together , so it was much easier , than I thought at first .","But my new friends from this group were very polite and we worked together , so it was much easier than I thought at first ."
ABC.train.gold.bea19_015559,So there he meets the oldest - gorgeous Marcus ' sister and he immediately falls in love and since then the go - between appears in the story .,"So , there he meets the gorgeous eldest sister of Marcus and he immediately falls in love and from then the go - between appears in the story ."
A.train.gold.bea19_007124,Jogging the sport in the nature,Jogging : the sport in nature
C.train.gold.bea19_000820,""" Tick "" .",""" Tick "" ."
A.train.gold.bea19_002766,"At the late night in Hongdae , lots of people drink with their friends and walk around on the street with in drunken condition themselves .","Late at night in Hongdae , lots of people drink with their friends and walk around the streets in a drunken condition ."
ABC.train.gold.bea19_032502,It lets you know that summer is near and so is summer vacation .,It lets you know that summer is near and so is summer vacation .
ABC.train.gold.bea19_012764,""" I am thinking about retirement since 2007 . I have been lucky because I injured , I got better "" , said Duque during the press conference of the World Series that this year will end up in Mexico on 17th and 18th October , after the competition of Bilbao ( Spain ) .",""" I have been thinking about retirement since 2007 . I have been lucky because I was injured and I got better "" , said Duque during the press conference of the World Series that , this year , will end up in Mexico on 17th and 18th October , after the competition in Bilbao ( Spain ) ."
B.train.gold.bea19_012037,"If they are good quality sheets or partially damaged , but still in good condition , they will be packaged and dispatched .","If they are good quality sheets or partially damaged but still in good condition , they will be packaged and dispatched ."
ABC.train.gold.bea19_000093,There was too hot .,It was too hot there .
ABC.train.gold.bea19_000921,"When I went back , a policeman asked him not to smoke , so he was angry during the whole flight .","When I went back , a policeman asked him not to smoke , so he was angry for the whole flight ."
ABC.train.gold.bea19_024808,"They even have a football stadium , so if you want to do that as well , let me know .","They even have a football stadium , so if you want to do that as well , let me know ."
B.train.gold.bea19_010779,"Last week , I went to Barcelona with my sister , Caroline , she had to take an exam .","Last week , I went to Barcelona with my sister , Caroline . She had to take an exam ."
ABC.train.gold.bea19_002786,I lived since two years in England and I speak English .,I have lived for two years in England and I speak English .
A.train.gold.bea19_000185,I was n't satisfied with your behavior .,I was n't satisfied with your behavior .
A.train.gold.bea19_009684,Why I enjoy my favouite sport ?,Why do I enjoy my favourite sport ?
ABC.train.gold.bea19_024205,"Away from busy and noisy roads , the beautiful old inner city reflects what Brussels really was for centuries ; small but cosy cobblestone streets flanked by small houess and shops in light colours and old - fashioned roofs .","Away from busy and noisy roads , the beautiful old inner city reflects what Brussels really was for centuries ; small but cosy cobblestone streets flanked by small houses and shops in light colours and with old - fashioned roofs ."
ABC.train.gold.bea19_013781,"Leia is 6,5 months old and Ebba is 9 years old .",Leia is 6.5 months old and Ebba is 9 years old .
C.train.gold.bea19_008368,"You will find there a parking area and some ball courts , and on further exploration , just after the courts & walking towards that famous bridge that you can now see much better , a restaurant .","There you will find a parking area and some basketball courts , and on further exploration , just after the basketball courts & walking towards that famous bridge that you can now see much better , a restaurant ."
ABC.train.gold.bea19_013311,What I disagree about this video is because he is generalizing too much .,What I disagree with in this video is that he generalizes too much .
C.train.gold.bea19_001538,"In my opinion , the exchange of thoughts and views between all these brilliant people is exactly where a totally new and creative idea will spark .","In my opinion , the exchange of thoughts and views between all these brilliant people is exactly where a totally new and creative idea will be sparked ."
ABC.train.gold.bea19_004645,you can improve it running with the ball and gradually you will improve your ball control .,"You can improve it by running with the ball and , gradually , you will improve your ball control ."
ABC.train.gold.bea19_027125,Joey is an actor and he is always making auditions without success .,Joey is an actor and he is always having auditions but without success .
ABC.train.gold.bea19_027099,"When I 'm able to , I go swimming twice a week for two hours each .","When I 'm able to , I go swimming twice a week for two hours each ."
C.train.gold.bea19_002445,Nowadays environmental pollution is also important that 's why public transport should be promoted as environmentally friendly way of transport .,"Nowadays , environmental pollution is also important . That 's why public transport should be promoted as an environmentally friendly means of transport ."
ABC.train.gold.bea19_033083,"Dear Sir or Madam ,","Dear Sir or Madam ,"
ABC.train.gold.bea19_032486,"Stepping through the crisp autumn leaves , Alison could hear them crackling and crunching under her feet , filling the night with sounds from the past .","Stepping through the crisp autumn leaves , Alison could hear them crackling and crunching under her feet , filling the night with sounds from the past ."
C.train.gold.bea19_010088,"The actress who plays Suleyman 's wife , Hurrem is none other than Meryem Uzerli .","The actress who plays Suleyman 's wife , Hurrem , is none other than Meryem Uzerli ."
A.train.gold.bea19_003573,"In the following paragraphs , I present my view in this controversial issue .","In the following paragraphs , I present my view on this controversial issue ."
A.train.gold.bea19_008872,How are you ?,How are you ?
ABC.train.gold.bea19_001051,and the second one is that fashion or style of young people who do n't like more go somewhere using a car than bike .,and the second one is the fashion or style of young people who do n't like going somewhere using a car rather than a bike .
ABC.train.gold.bea19_014362,I went with her and I waited for her the whole lesson .,I went with her and I waited for her the whole lesson .
A.train.gold.bea19_003088,Dear Paul,Dear Paul
C.train.gold.bea19_008643,"Mass shooting , bombs , hacking into security system can happen any time , any day .","Mass shootings , bombs , hacking into security systems can happen any time , any day ."
C.train.gold.bea19_008035,"Red is matter , brutal and heavy and always the colour which must be fought and vanquished by the other two . ""","Red is matter , brutal and heavy and always the colour which must be fought and vanquished by the other two . """
C.train.gold.bea19_006575,It seems to me that the following definitions show an overall context of what is cultural literacy .,It seems to me that the following definitions show an overall context of what cultural literacy is .
C.train.gold.bea19_002752,Dear Mr./Ms .,Dear Sir / Madam
B.train.gold.bea19_011879,Personal experiences,Personal experiences
ABC.train.gold.bea19_021927,"However , because of the increasing standard of living , a growing number of people have chosen to travel which has brought a heavy pressure of transportation .","However , because of the increasing standard of living , a growing number of people have chosen to travel , which has put heavy pressure on transportation ."
B.train.gold.bea19_001043,"There are different number of residents in different states , but it uses the states to represent the residents . I do not think the election is fair enough for the US to ask for "" real democracy "" for Hong Kong .","There are different numbers of residents in different states , but it uses the states to represent the residents . I do not think the election is fair enough for the US to ask for "" real democracy "" for Hong Kong ."
ABC.train.gold.bea19_001428,If somebody says that there is no future for public transport i mind immediately . today there are too many vehicles in our streets .,"If somebody says that there is no future for public transport , I mind immediately . Today there are too many vehicles on our streets ."
C.train.gold.bea19_001313,"I think that , as Robert once recommended , we should discuss the whole spectrum of our cooperation , not just the seminars , define the feasible components and have a WJC - WO MOU on such subject signed .","I think that , as Robert once recommended , we should discuss the whole spectrum of our cooperation , not just the seminars , define the feasible components , and have a WJC - WO MOU on such subject signed ."
ABC.train.gold.bea19_018089,Another way to encourage students to find the perfect job would be courses and qualification .,Another way to encourage students to find the perfect job would be courses and qualifications .
C.train.gold.bea19_007725,Travelling on a boat for sure is a great adventure .,Travelling on a boat is a great adventure for sure .
ABC.train.gold.bea19_017950,"For instance , I hope I will be able to get to know everything about recycling rubbish and economizing energy .","For instance , I hope I will be able to get to know everything about recycling rubbish and saving energy ."
B.train.gold.bea19_002646,What can it be ?,What could it be ?
ABC.train.gold.bea19_007944,"It 's obvious that nowadays is really different from 50 years ago , so we can predict that the people 's lives will change dramatically in the next 50 years .","It 's obvious that life nowadays is really different from 50 years ago , so we can predict that people 's lives will change dramatically in the next 50 years ."
ABC.train.gold.bea19_014863,The man was so far from her that she had to run very fast towards him .,The man was so far from her that she had to run very fast towards him .
A.train.gold.bea19_004264,Public transport is not convenient for most of the people because every person wants to reach on time at his place but using public transport it is very difficult to reach on time .,"Public transport is not convenient for most the people because every person wants to arrive at his destination on time , but when using public transport it is very difficult to arrive on time ."
C.train.gold.bea19_002303,"In fact , although they are famous , they are people too , which means that they should be free to do whatever they like in their free time .","In fact , although they are famous , they are people too , which means that they should be free to do whatever they like in their free time ."
B.train.gold.bea19_008598,"The most important thing that ya person should know about this game is that a lot of intelligence is requested because you must know how to reach how to get nearer to make their aim become reality , and that one is that the team should score as much as they can to win the match and have fun .","The most important thing that a person should know about this game is that a lot of intelligence is required , because you must know how to reach , how to get nearer to making your aim become reality , and that is that the team should score as often as they can to win the match and have fun ."
ABC.train.gold.bea19_003237,"I have just read , that you need reviews of soaps opera .",I have just read that you need reviews of soap operas .
ABC.train.gold.bea19_003065,Thank you very much for your last letter .,Thank you very much for your last letter .
ABC.train.gold.bea19_025168,"She starts to work for Mister Frederico , a young and wealthy man who has three brothers to take care .","She starts to work for Mister Frederico , a young and wealthy man who has three brothers to take care of ."
ABCN.dev.gold.bea19_001657,"However , the government and the local councils of big cities such as Madrid or Valencia , are trying their best to promote this movement because they consider it a way of development .","However , the government and the local councils of big cities such as Madrid or Valencia are trying their best to promote this movement because they consider it a way of developing ."
A.train.gold.bea19_003876,"Dear Sir or Madam ,","Dear Sir or Madam ,"
ABC.train.gold.bea19_022766,"while designing fun activities , the camp workers have to take in concerns the safety level for these activities , the possible harm and the protection and treatment supplies that might be needed .","While designing fun activities , the camp workers have to take into account the safety level of those activities , the possible harm and the protection and treatment supplies that might be needed ."
ABC.train.gold.bea19_031915,"Thus , more and more people , when buying a new car , also consider its environmental friendliness and the possible impact on the community .","Thus , more and more people , when buying a new car , also consider its environment friendliness and the possible impact on the community ."
ABC.train.gold.bea19_000985,"So If we have our car , it is much easier than using transport .","So , If we have our own car , it is much easier than using public transport ."
ABC.train.gold.bea19_022643,"As a result , I think more people will prefer to take public transport rather than driving due to the high price of the oil .","As a result , I think more people will prefer to take public transport rather than driving due to the high price of petrol ."
ABC.train.gold.bea19_033920,"Old local buildings often do not provide opportunities to make any money , they only cost town planners a lot of money because they probably need to be renovated .",Old buildings often do not provide opportunities to make any money . They only cost town planners a lot of money because they probably need to be renovated .
ABC.train.gold.bea19_012226,"An inner electronic system would compose the whole house ; it would include small devices of wave reception connected , in every side of house , to a gum headband whose function would be to identify the neuronal stimuli and to convert them on radiowaves .","An inner electronic system would compose the whole house ; it would include small devices of wave reception connected , on every side of the house , to a gum headband whose function would be to identify neural stimuli and to convert them into radio waves ."
C.train.gold.bea19_007073,"Owing to this state of constant stress , many of them are bound to have alcoholism problems , drug - addiction and depression .","Owing to this state of constant stress , many of them are bound to have alcoholism problems , drug - addiction and depression ."
C.train.gold.bea19_009879,The reason for the laziness is that the work of the house will be done by robots .,The reason for the laziness is that the housework will be done by robots .
B.train.gold.bea19_011845,"I always stay home and take care of them , I invent games for them to have fun and they also can learn with them , sometimes I take them to the sports club I work on , I 'm a swimming teacher and on my freetimes on the afternoon I 'm with them in the pool having fun , playing and teaching them to swim .","I always stay home and take care of them . I invent games for them to have fun and they also can learn with them . Sometimes I take them to the sports club I work at . I 'm a swimming teacher and in my free time in the afternoon , I 'm with them in the pool having fun , playing and teaching them to swim ."
ABC.train.gold.bea19_030325,"The best manufacturers of clothes , linnen , accessories have their shops there . Jewellery and watch shops can also be found nearby .","The best manufacturers of clothes , linen , accessories have their shops there . Jewellery and watch shops can also be found nearby ."
B.train.gold.bea19_004195,They are simply too expensive .,They are simply too expensive .
ABC.train.gold.bea19_020312,The first accurate translation of Hamlet from the original is published in 1828 .,The first accurate translation of Hamlet from the original was published in 1828 .
A.train.gold.bea19_003998,"Everyday , sweepers clean the Caceres street and the people teach their children that the rubbish do n't throw in the street .","Every day , sweepers clean the Caceres streets and people teach their children that rubbish must n't be thrown away in the street ."
ABC.train.gold.bea19_013450,"However , that is really close to change by Google 's Self - Drive Car which is a new technology able to drive our car to any destination without humane intervention .","However , that is really close to being changed by Google 's Self - Drive Car , which is a new technology able to drive a car to any destination without human intervention ."
A.dev.gold.bea19_000544,"But choosing the second education is very important step , which need serious attitude .","But choosing further education is a very important step , which needs a serious attitude ."
ABC.train.gold.bea19_019871,"The first thing I learnt was that we are destroying the Earth and , especially , the oceans .","The first thing I learnt was that we are destroying the Earth and , especially , the oceans ."
C.train.gold.bea19_002318,I now feel complete .,I now feel complete .
ABC.train.gold.bea19_026076,Television is not an issue of general consensus .,Television is not an issue of general consensus .
B.train.gold.bea19_010970,"Some people say that public transport have no future , they might be right .",Some people say that public transport has no future . They might be right .
B.train.gold.bea19_011207,Yuki,Yuki
ABC.train.gold.bea19_033396,As soon as the man explained everything to us we realised that we had mistaken car keys in the restaurant because both of them were exactly alike .,As soon as the man explained everything to us we realised that we had mixed up car keys in the restaurant because both of them were exactly alike .
ABC.train.gold.bea19_012855,"To conclude , I hope my advice should be helpful to new starters of the sport .","To conclude , I hope my advice will be helpful for new beginners in this sport ."
ABC.train.gold.bea19_019699,"Wearing any kind of clothes have an effect on you , and obviously on your image .","Wearing any kind of clothes has an effect on you , and obviously on your image ."
B.dev.gold.bea19_000689,It is because our friendship is more rugged .,It is because our friendship is more rugged .
B.train.gold.bea19_002363,One of my favourite restaurants is one located in a delightful town called Ubeda .,One of my favourite restaurants is one located in a delightful town called Ubeda .
B.train.gold.bea19_013025,Swimming includes all these abilities .,Swimming includes all these abilities .
A.train.gold.bea19_005771,"In my opinion , public transport will still exist in the society .","In my opinion , public transport will still exist in society ."
B.train.gold.bea19_008760,"Since I want to spend a night with my partner at your hotel at the end of December , I need a confirmation on your part of providing the room at that time .","Since I want to spend a night with my partner at your hotel at the end of December , I need a confirmation on your part of providing a room at that time ."
ABC.train.gold.bea19_019892,"In addition , your proposal to provide additional equipment for the gym and a wide screen TV for the snack bar did not get applause in our home .","In addition , your proposal to provide additional equipment for the gym and a widescreen TV for the snack bar did not get applause in our home ."
B.train.gold.bea19_001425,"In addition to the convenience of public transport , the fare is much cheaper compare of driving a car .","In addition to the convenience of public transport , the fares are much cheaper compared with driving a car ."
C.train.gold.bea19_001684,Thank you so much for your consideration ; I look forward to hearing from you .,Thank you so much for your consideration ; I look forward to hearing from you .
A.train.gold.bea19_001954,"However from now one we can buying what we really need , on the other hand this shopping may help a lot of people get back working again .","However , from now on , we can buy what we really need . On the other hand , this shopping centre may help a lot of people get back to working again ."
B.dev.gold.bea19_001140,"If I was having a day off to go to a doctor , I would prefer other people from asking details about it by say that I just had some errands to run .","If I was having a day off to go to the doctor 's , I would prevent other people asking for details about it by saying that I just had some errands to run ."
ABC.train.gold.bea19_003650,Ritesh,Ritesh
ABC.train.gold.bea19_010750,"We ca n't avoid electromagnetic waves around , although we were living in the country or far from the industries .","We ca n't avoid electromagnetic waves around us , even if we are living in the country or far from the factories ."
C.train.gold.bea19_006364,I look forward to your positive response .,I look forward to your positive response .
ABC.train.gold.bea19_009703,This girl is an acquantance him .,This girl was an acquaintance of his .
ABC.train.gold.bea19_020687,"Recently , more and more airplane accidents occur .","Recently , more and more airplane accidents occur ."
ABC.train.gold.bea19_028010,"One of them , the most famous and the most used , is Facebook .","One of them , the most famous and the most used , is Facebook ."
ABC.train.gold.bea19_029578,"The door was wide open , inviting him to take the offer .","The door was wide open , inviting him to take the offer ."
C.train.gold.bea19_007519,How are you doing ?,How are you doing ?
ABC.train.gold.bea19_018022,"He talks about ' musk - roses'(2:1:252 ) and ' wild thyme'(2:2:249 ) giving us this image of this beautiful land , with green grass and all sorts of flowers .","He talks about ' musk - roses'(2:1:252 ) and ' wild thyme'(2:2:249 ) giving us this image of this beautiful land , with green grass and all sorts of flowers ."
B.train.gold.bea19_012438,"The fans , supporters shout , they even cry together .","The fans shout , they even cry together ."
ABC.train.gold.bea19_021670,Dear James,Dear James
B.train.gold.bea19_002382,And that 's why I find this move so excited .,And that 's why I find this movie so exciting .
ABC.train.gold.bea19_012881,For me there is no better movie to be presented in our club .,For me there is no better movie to be presented in our club .
ABCN.dev.gold.bea19_000443,Friendship is something very important in my life .,Friendship is something very important in my life .
C.train.gold.bea19_002869,I actually had to stop the whole class and ask them to nominate one person to write for the whole group .,I actually had to stop the whole class and ask them to nominate one person to write for the whole group .
B.train.gold.bea19_000114,I would show you the restaurant where is my favorite choice .,I would show you the restaurant which is my favorite choice .
C.dev.gold.bea19_000895,"Unlike popular understandings of History ( and even presumably scientific ones , I must say ) , History is not an unstoppable march towards "" progress "" , whatever that word means .","Unlike popular understandings of History ( and even presumably scientific ones , I must say ) , History is not an unstoppable march towards "" progress "" , whatever that word means ."
ABC.train.gold.bea19_009056,"Few mounts ago I read Miserable by Victor Hugo , I read this book when I was in high school but I haven't think on the subject .","A few months ago , I read Les Miserables , by Victor Hugo . I read this book when I was in high school , but I did n't think about the subject ."
ABC.train.gold.bea19_019454,"As the production of cars is increased , it seems that the needs for public transportation is declined .","As the production of cars has increased , it seems that the need for public transportation has declined ."
ABC.train.gold.bea19_019910,He surfs three or four hours each day .,He surfs three or four hours each day .
ABC.train.gold.bea19_008683,Marta,Marta
C.train.gold.bea19_005038,They meet by chance and started a tortuous relationship as friends .,They meet by chance and start a tortuous relationship as friends .
ABC.train.gold.bea19_010397,I am waiting for a final of this game .,I am waiting for the final of this game .
A.train.gold.bea19_009543,He has a short light brown her and black Eyes .He has a light beard .,"He has short , light - brown hair and dark eyes . He has a light beard ."
C.train.gold.bea19_004787,"This time , you are on your own .","This time , you are on your own ."
C.dev.gold.bea19_000577,It felt so good when I saw that my mother had n't forgotten me .,It felt so good when I saw that my mother had n't forgotten me .
B.train.gold.bea19_005791,Another point that is worth mentioning is that pets can be considered as human friends .,Another point that is worth mentioning is that pets can be considered like human friends .
B.train.gold.bea19_006811,Michael closed the door and knew at that moment he had made a mistake .,Michael closed the door and knew at that moment he had made a mistake .
ABC.train.gold.bea19_015159,"Yours faithfully ,","Yours faithfully ,"
ABC.train.gold.bea19_027371,"I do not blame anyone for this , because I know , this heart of mine seems to just fall in love a little too fast and easily .","I do not blame anyone for this , because I know , this heart of mine seems to just fall in love a little too fast and easily ."
ABC.train.gold.bea19_014682,"Yet , it has still not been built .","Yet , it has still not been built ."
ABC.train.gold.bea19_002513,Cause all these reasons I believe the transport will have big future .,"Because of all these reasons , I believe transport will have a bright future ."
ABC.train.gold.bea19_016593,I think I will really like it here .,I think I will really like it here .
B.train.gold.bea19_011385,"As an independent learner , it is my sole responsibility to autonomic learning , which is a very important factor in future passing EAP1 successfully , as well as giving me an advantage in terms of coping with the challenges of future Bachelor of Nursing in Australia .","As an independent learner , it is my sole responsibility to autonomously learn , which will be a very important factor in future for passing EAP1 successfully , as well as giving me an advantage in terms of coping with the challenges of my future Bachelor of Nursing in Australia ."
C.train.gold.bea19_007538,"Remember , I told you about it last time , when we met Jenny .","Remember , I told you about it last time , when we met Jenny ."
B.train.gold.bea19_004184,"Dear Chairman ,","Dear Chairman ,"
A.train.gold.bea19_006181,"Human beings have destroyed our environment along the time and now , the earth is in danger .","Human beings have destroyed our environment over time , and now the earth is in danger ."
A.train.gold.bea19_003654,"I have studied this exam not at all and I have got a very limited time , around 3months , before the last test so I would like to begin as soon as possible .","I haven't studied for this exam at all and I have got very limited time , around 3 months , before the next test , so I would like to begin as soon as possible ."
ABC.train.gold.bea19_024746,"It directly depends on the city in which you live but , as time goes by , public transport becomes more and more necessary .","It directly depends on the city in which you live but , as time goes by , public transport becomes more and more necessary ."
ABC.train.gold.bea19_026919,She could n't help staring and realised his eyes were not the shade of any typical blue .,She could n't help staring and realised his eyes were not the shade of any typical blue .
C.dev.gold.bea19_000408,Another advantage is that developing natural gas industry equals new jobs what is profitable for people living in whereabouts .,"Another advantage is that a developing natural gas industry equals new jobs , which is profitable for people living in the area ."
ABCN.dev.gold.bea19_001117,He thought it was her fault that she has lost their little human .,He thought it was her fault that she had lost their little human .
A.dev.gold.bea19_000525,The vandalisme in patras has increased a lot .,The vandalism in Patras has increased a lot .
C.train.gold.bea19_007988,So he is thoughtful .,"So , he is thoughtful ."
ABC.train.gold.bea19_027852,"I must have seem cruel to him because , despite our daily disagreements , he adored me and was serious about settling down soon .","I must have seemed cruel to him because , despite our daily disagreements , he adored me and was serious about settling down soon ."
ABC.train.gold.bea19_007184,"hello John good days and what we need to , do this delicious cake is : eggs , flour , yeast , sugar , and flavor of the cake that we want such as chocolate , vanilla , fruit","hello John good days and what we need to make this delicious cake is : eggs , flour , yeast , sugar , and the flavoring for the cake that we want , such as chocolate , vanilla , fruit ."
ABC.train.gold.bea19_006671,When I went to karate I 'm not even sick .,When I go to karate I 'm not even sick .
B.dev.gold.bea19_000811,There you can get to the underground station and travel to the centre of Prague .,There you can get to the underground station and travel to the centre of Prague .
ABC.train.gold.bea19_002383,Welcome in this town .,Welcome to this town .
C.train.gold.bea19_008615,One of my favourite is eatwith.com .,One of my favourite is eatwith.com .
C.train.gold.bea19_001760,A balancing act,A balancing act
C.train.gold.bea19_001049,"They had a lot of things in common , they liked the same kind of music , the same kind of food and they both liked to read about fantasies and comics .","They had a lot of things in common , they liked the same kind of music , the same kind of food and they both liked to read fantasies and comics ."
B.train.gold.bea19_007233,We are used to just turn the lights or air - conditioning on when we do n't really need it .,We are used to just turning the lights or air - conditioning on when we do n't really need them .
ABC.train.gold.bea19_006950,If you starting this sport you need to think it 's funny to play it .,"If you are starting this sport , you need to think it 's fun to play it ."
B.train.gold.bea19_008079,Another reason for being a graduate school student can learn more practical knowledge which can be applied in future 's career .,Another reason for being a graduate school student is to learn more practical knowledge which can be applied in my future career .
A.train.gold.bea19_001274,"I am your new student , Zhen Xuan Wang .","I am your new student , Zhen Xuan Wang ."
ABC.train.gold.bea19_027991,I 'm glad to hear that you 've decided to take part in an organisation of this month 's concert .,I 'm glad to hear that you 've decided to take part in the organisation of this month 's concert .
B.train.gold.bea19_003652,"Being sad and sorry will destroy your life , because you will not be able to work , eat and live in a good way .","Being sad and sorry will destroy your life , because you will not be able to work , eat and live in a good way ."
ABC.train.gold.bea19_013028,The students were a bit doubting but agreed on the fact that people who have stylish clothes are usually the most popular .,The students were a bit uncertain but agreed on the fact that people who have stylish clothes are usually the most popular .
C.train.gold.bea19_002682,"Due to the surgery Mr Sharma is in supine position , but this position reduces his oxygenation ( Snowball , 2012 ) , and also can impede the air passage that is related to the anaesthesia effect , where the tongue and the lower jaw fall backward .","Due to the surgery , Mr Sharma is in a supine position , but this position reduces his oxygenation ( Snowball , 2012 ) , and can also impede the air passage , This is related to the anaesthesia effect , where the tongue and the lower jaw fall backward ."
C.dev.gold.bea19_000791,"After choosing , a bottle of fresh water was served , again , for free .","After choosing , a bottle of fresh water was served , again , for free ."
ABC.train.gold.bea19_020856,"On the one hand , overspending money .","Also , overspending ."
A.train.gold.bea19_007828,But insurance is also necessity and invetable for peace of mind .It gives us surety to live life securely .,But insurance is also a necessity and indispensable for peace of mind . It gives us surety to live life securely .
ABC.train.gold.bea19_032335,Please find attached my Curriculum Vitae for your review .,Please find attached my Curriculum Vitae for your review .
ABC.train.gold.bea19_019803,"So yes , I recommend you to carry on with your music classes but if you prefer to do sports I will support you also .","So , yes , I recommend you to carry on with your music classes , but if you prefer to do sports , I will support you also ."
B.train.gold.bea19_005305,"I usually wake up at around nine O Clock in the morning and spend the day by reading newspapers , books , and also digitalize some video tapes .","I usually woke up at around nine o'clock in the morning and spent the day reading newspapers and books , and also digitalized some video tapes ."
A.train.gold.bea19_009500,I do not have experience working in the kitchen .,I do not have experience working in a kitchen .
C.train.gold.bea19_007945,"He can remember his name , Thomas , but that 's all he can remember : everything importanthas been wiped clean .","He can remember his name , Thomas , but that 's all he can remember : everything important has been wiped clean ."
C.train.gold.bea19_004106,"Lastly , adults can set an example for younger people .","Lastly , adults can set an example for younger people ."
ABC.train.gold.bea19_019702,"For example , some people design their own clothes and they sew it too .","For example , some people design their own clothes and they sew them too ."
C.train.gold.bea19_004390,"40% of the girls read books several hours a day , while 13% of the male students do n't read in their free time at all .","40% of the girls read books for several hours a day , while 13% of the male students do n't read in their free time at all ."
B.train.gold.bea19_000211,In my opinion I think that the love story is enclosed to explain better the sinking .,I think that the love story is included to explain the sinking better .
A.train.gold.bea19_005726,"Several hours later , he found an open sweet shop and he bought some bonbons for her .","Several hours later , he found an open sweet shop and he bought some bonbons for her ."
C.train.gold.bea19_008448,"Built by using the most modern technology , full of the latest inventions which man can create ?","Built using the most modern technology , full of the latest inventions which man can create ?"
B.train.gold.bea19_001159,"Could they hear my old mind working to guide them , lead them and TREND them and get up out this damn wheelchair and take them by the hand .","Could they hear my old mind working to guide them , lead them and TREND them and get up out of this damn wheelchair and take them by the hand ."
ABCN.dev.gold.bea19_002622,Also I 'm preparing materials for the next publication .,"Also , I 'm preparing materials for the next publication ."
ABC.train.gold.bea19_028572,"So , naturally , about half of the teenagers and young adults prefer rock and roll , hard rock and progressive rock to other genres .","So , naturally , about half of the teenagers and young adults prefer rock and roll , hard rock and progressive rock to other genres ."
B.train.gold.bea19_007314,Hope we 'll have fantastic holiday together !,Hope we 'll have a fantastic holiday together !
ABC.train.gold.bea19_001738,In my opinion this gives a good example of the involness of the local government .,"In my opinion , this gives a good example of the involvement of the local government ."
ABCN.dev.gold.bea19_000238,"There are orange trees , a large lake and Etna in background .","There are orange trees , a large lake and Etna in the background ."
ABC.train.gold.bea19_010749,"First of all the environment is contaminated and these substances get to us by water , air , food ... also the clothes .","First of all , the environment is contaminated and these substances get to us by water , air , food ... also clothes ."
B.train.gold.bea19_002859,He realizes crazy dog killed an innocent man named Joe Mendez last year but his body was not found .,"He realizes Crazy Dog killed an innocent man named Joe Mendez last year , but his body was not found ."
B.train.gold.bea19_006193,"Therefore , I plan to maximize my previous experience with knowledge of psychology , skill of product development design to pursue graduate studies , and build up my ability in the Master of Fine Arts program in Fashion merchandising at Academy of Art University .","Therefore , I plan to maximize my previous experience with knowledge of psychology , product development skills and design , to pursue graduate studies , and build up my ability in the Master of Fine Arts program in fashion merchandising at Academy of Art University ."
ABC.train.gold.bea19_020353,"Conversely , with the latest medical discoveries , doctors are able to treat many of the world 's diseases .","Conversely , with the latest medical discoveries , doctors are able to treat many of the world 's diseases ."
B.train.gold.bea19_012588,"Everything is going forward , so everything will be changed .","Everything is going forward , so everything will be changed ."
A.train.gold.bea19_001706,Speaking about reading .,Speaking about reading .
C.train.gold.bea19_010390,"There are more than 200 old , abandoned , local buildings in our capital city .","There are more than 200 old , abandoned , buildings in our capital city ."
B.dev.gold.bea19_000888,"You need a good pair of shoes , a tennis racket and some balls and person who play with .","You need a good pair of shoes , a tennis racket and some balls and a person to play with ."
ABC.train.gold.bea19_012384,"There are also places where peolpe can buy the typical clothes , dark dresses for women or a ' tango hat ' for man .",There are also places where people can buy the typical clothes ; dark dresses for women or a ' tango hat ' for men .
ABCN.dev.gold.bea19_000075,He got so mad that he asked her to get out of his apartment .,He got so mad that he asked her to get out of his apartment .
B.train.gold.bea19_007343,"Dear Mikel ,","Dear Mikel ,"
ABC.train.gold.bea19_002638,Will you help me ?,Will you help me ?
ABC.train.gold.bea19_011321,"In some place , you will find difficulty in finding it .","In some places , you will have difficulty finding it ."
C.train.gold.bea19_004813,It shows that ethnic minority people can integrate with the majority Caucasian people without losing their cultural and traditional values .,It shows that ethnic minority people can integrate with the majority Caucasian people without losing their cultural and traditional values .
C.train.gold.bea19_007173,"Hence , the municipal board decided to invite the developers as well in the meeting that was scheduled in a weeks time .","Hence , the municipal board decided to invite the developers to the meeting that was scheduled for a weeks ' time ."
C.train.gold.bea19_000241,"Four and five stars hotels are located in the main area , but smaller hotels and a youth hostel are also available to families .","Four and five star hotels are located in the main area , but smaller hotels and a youth hostel are also available for families ."
ABC.train.gold.bea19_002971,"I have other qualities like , cooking like super chef or even better than that , I am the person more organizated in this country , and I love to work with children because it is a form to teach everything you know to other people and help to improve like person .","I have other qualities like , cooking like a super chef or even better than that . I am the most organized person in this country , and I love to work with children because it is a way to teach everything you know to other people and help them to improve as a person ."
ABC.train.gold.bea19_005133,So we need to stand together .,So we need to stand together .
B.train.gold.bea19_001552,"Generally speaking , cars generates more pollution than any public transport .","Generally speaking , cars generate more pollution than any public transport ."
B.dev.gold.bea19_000208,"Love ,","Love ,"
ABC.train.gold.bea19_028824,She was around fifty years old and rather unattractive although smartly dressed .,She was around fifty years old and rather unattractive although smartly dressed .
ABC.train.gold.bea19_025585,Travelling by car is great .,Travelling by car is great .
B.train.gold.bea19_011168,Dream walked towards me and said do you know how to satisfy a lady .,"Dream walked towards me and said "" Do you know how to satisfy a lady ?"
C.dev.gold.bea19_000110,"Due to Puerquitour is something to share , the second day we shared it with Diana , one of my friends from Vancouver .","Because Puerquitour is something to share , the second day we shared it with Diana , one of my friends from Vancouver ."
C.train.gold.bea19_007743,USA SUMMER CAMPS APPLICATION .,USA SUMMER CAMPS APPLICATION .
A.train.gold.bea19_008919,"Oh , cool ! I haven't watched BH6 yet u.u","Oh , cool ! I haven't watched BH6 yet u.u"
A.train.gold.bea19_000366,There are so many temples here .,There are so many temples here .
B.train.gold.bea19_006332,It is performed one after the other according to their age groups .,It is done one after the other according to their age groups .
A.train.gold.bea19_009710,"When we went to Sun Moon Lake by cable car , wind is so strong!I felt a little nervous though the scenery amazing .","When we went to Sun Moon Lake by cable car , the wind was so strong ! I felt a little nervous though the scenery was amazing ."
C.dev.gold.bea19_000976,Along the course I had to accomplish some writing assignments and submit them to be evaluated by my peers .,During the course I had to accomplish some writing assignments and submit them to be evaluated by my peers .
C.train.gold.bea19_004562,"Establishing English as the new worldwide spoken language might be a favourable example since English is already spoken by more than 300 million native speakers and therefore the third most spoken language in the world , according to Ethnologue .","Establishing English as the new worldwide spoken language might be a good example since English is already spoken by more than 300 million native speakers and , therefore , the third most spoken language in the world , according to Ethnologue ."
C.train.gold.bea19_003402,She did not want to remember anything further on that night .,She did not want to remember anything further on that night .
ABC.train.gold.bea19_003657,"I am good at speaking and listening sections but not confident at writing , especially essay I 've never learnt in my life so I want to focus on this writhing part more than others .","I am good at speaking and listening but not confident at writing , especially essay writing . I 've never studied writing in my life , so I want to focus on this writing part more than others ."
A.train.gold.bea19_005175,Some people used to do cycling as relaxing .,Some people usually do cycling for relaxation .
C.train.gold.bea19_009083,"Their scenes are repeatedly stolen , though , by the real stars of the show , the officers who are under suspicion of corruption : Lennie James ( DCI Tony Gates ) in the first season , and Keeley Hawes ( DI Lindsay Denton ) in the second one .","Their scenes are repeatedly stolen , though , by the real stars of the show , the officers who are under suspicion of corruption : Lennie James ( DCI Tony Gates ) in the first season , and Keeley Hawes ( DI Lindsay Denton ) in the second one ."
ABC.train.gold.bea19_009890,"The lifestyle , technological material and the design of cars and houses keep changing annually .","The lifestyle , technological equipment and the design of cars and houses keep changing annually ."
ABC.train.gold.bea19_025866,Elena could n't be happier with the situation .,Elena could n't have been happier with the situation .
A.train.gold.bea19_005394,There was so many trendy clothes in attractive prices .,There were so many trendy clothes at attractive prices .
B.train.gold.bea19_004827,Sometimes in everyday life they are not even interesting in terms of character and appearance .,"Sometimes , in everyday life , they are not even interesting in terms of character and appearance ."
ABC.train.gold.bea19_032498,"Spring is a good season because it is between winter and summer , temperatures are not too cold and not to hot .","Spring is a good season because it is between winter and summer , temperatures are not too cold and not too hot ."
C.train.gold.bea19_006740,It 's also true that more people have cars than maybe 30 of 40 years ago .,It 's also true that more people have cars than maybe 30 or 40 years ago .
ABC.train.gold.bea19_034031,Cyber - bullying ( using electronic means to harm others ),Cyber - bullying ( using electronic means to harm others )
B.train.gold.bea19_004072,"Also , I think I would be a good person for the job because I like the Nature , I could teach them a lot of things about the Geology , a camp is perfect to introduce at the boys and girls in the stones and minerals .","Also , I think I would be a good person for the job because I like nature . I could teach them a lot of things about Geology , a camp is perfect for introducing the boys and girls to stones and minerals ."
ABC.train.gold.bea19_024567,It is perhaps the majority nowadays who find change refreshing because of the new opportunities it holds out and the possibilities of getting on professionally and socially .,It is perhaps the majority nowadays who find change refreshing because of the new opportunities it holds out and the possibilities of getting on professionally and socially .
ABC.train.gold.bea19_025698,"Chinese , as a language course , is concerned with encoding and decoding .","Chinese , as a language course , is concerned with encoding and decoding ."
ABC.train.gold.bea19_013856,"They just ca n't stop watching television , because there 's just so much what they like to watch .","They just ca n't stop watching television , because there 's just so much that they like to watch ."
ABC.train.gold.bea19_031480,Two perfect stigmas for a man and a woman in general .,Two perfect stigmas for a man and a woman in general .
ABC.train.gold.bea19_025089,"It is more likely that adults would , use their profile pictures as a way of casually showing themselves , their family , find new clients for their jobs or possibly a recent trip they took .","It is more likely that adults would use their profile pictures as a way of casually showing themselves , their family , find new clients for their jobs or possibly a recent trip they took ."
ABC.train.gold.bea19_007470,"I can work really hard if its needed and am very energetic , so I think and hope I am the suitable person for the job and I would really enjoy the job and look after children .","I can work really hard if it 's needed and am very energetic , so I think and hope I am a suitable person for the job and I would really enjoy the job and looking after children ."
ABCN.dev.gold.bea19_000526,Unfortunately when we say to somebody to do not draw the walls but they do not hear us .,"Unfortunately , when we tell somebody not to draw on the walls , they do not hear us ."
ABC.train.gold.bea19_032375,To conclude Scout is a smart girl with two sides .,"To conclude , Scout is a smart girl with two sides ."
ABC.train.gold.bea19_020393,Music is a special world .,Music is a special world .
C.train.gold.bea19_002483,She had just got the job and she wanted to show what her skills were .,She had just got the job and she wanted to show what her skills were .
ABC.train.gold.bea19_027147,"However , they will talk or build a relationship based on what they see their parents doing with other people .","However , they will talk or build a relationship based on what they see their parents doing with other people ."
ABC.train.gold.bea19_029845,"i find watching TV programmes in English and reading increase my exposure to new words , and help me recycle words I know in new contexts .","I find watching TV programmes in English and reading increase my exposure to new words , and help me recycle words I know in new contexts ."
ABC.train.gold.bea19_007104,"When I live in university , my life has become change a lot of .","Now that I live at university , my life has changed a lot ."
ABC.train.gold.bea19_001798,They provide all sorts of funny local gadgets .,They provide all sorts of funny local gadgets .
ABC.train.gold.bea19_000671,"the more sport you practise the better you feel , indeed , your mood would not be blue anymore and your body will be thin and gorgeous .","The more sport you do , the better you feel . Indeed , your mood will not be blue anymore and your body will be thin and gorgeous ."
ABC.train.gold.bea19_028859,"In other words , it must be more affordable than driving to work every day .","In other words , it must be more affordable than driving to work every day ."
ABC.train.gold.bea19_006819,"Now , It is holidays and we need or we want to meet the places around the country .",Now it is the holidays and we need or we want to visit places around the country .
B.train.gold.bea19_001958,It is a great and famous sightseeing place and it also is an important place of Japanese culture .,It is a great and famous sightseeing place and it is also an important place for Japanese culture .
ABC.train.gold.bea19_010837,"Which meant some of fish were damaged thanks to the revolution , which also meant that while they were reproducing , the genes of the baby were changed .","This meant some fish were damaged thanks to the revolution , which also meant that , while they were reproducing , the genes of the baby were changed ."
A.train.gold.bea19_010153,I really enjoy playing it because it 's very exciting because everything could happens .,I really enjoy playing it because it 's very exciting because anything could happen .
B.train.gold.bea19_005605,I am a passionate reader in particular of thrillers and French poetry .,"I am a passionate reader , in particular of thrillers and French poetry ."
B.train.gold.bea19_001450,"There is also a good choice of food for vegetarians , so Mike and Ann will have not a problem to eat .","There is also a good choice of food for vegetarians , so Mike and Ann will not have a problem eating ."
A.train.gold.bea19_006943,"Though the road was wet and slippy , he rode his motorbike fast and skilfully , getting his way through the other cars and trucks .","Though the road was wet and slippy , he rode his motorbike fast and skilfully , making his way through the other cars and trucks ."
ABC.train.gold.bea19_025978,With car we are more independent than with public transport .,With a car we are more independent than with public transport .
ABCN.dev.gold.bea19_001688,Languages for the future,Languages for the future
ABC.train.gold.bea19_028782,"I once told a friend , "" You know ?","I once told a friend , "" You know ?"
B.train.gold.bea19_010481,cars :,Cars :
B.train.gold.bea19_004392,"Another good point of shopiing is fact , that it could be relaxing for some people .",Another good point of shopping is the fact that it could be relaxing for some people .
ABC.train.gold.bea19_033245,"When it comes to their jobs , people work on earth , like oldtimes .","When it comes to their jobs , people work on earth , like in the old days ."
A.train.gold.bea19_005330,We had a long love story .,We had a long love story .
C.train.gold.bea19_007190,"Further to our phone conversation of last week , I would like first to thank you for giving me this chance to talk to you , and following up on our discussion , please note that we have been approached by the purchasing department at the hospital to give them our maximum discount to secure the deal as a lot of brokers were quoting with a very competitive price which very close to our cost .","Further to our phone conversation of last week , I would first like to thank you for giving me this chance to talk to you , and following up on our discussion , please note that we have been approached by the purchasing department at the hospital to give them our maximum discount to secure the deal as a lot of brokers were quoting with a very competitive price which was very close to our cost ."
B.train.gold.bea19_009540,I 'm 18 years old and I 'm a final year secondary school student .,I 'm 18 years old and I 'm a final year secondary school student .
ABC.train.gold.bea19_016894,"On observation they are getting some help from their neighbors , however they are having problem keeping up their household routine .","On observation , they are getting some help from their neighbors . However , they are having problems keeping up their household routine ."
ABC.train.gold.bea19_000791,How many times are you going to shop for some snacks ?,How many times do you go shopping for some snacks ?
B.train.gold.bea19_002543,And do you have to like your clothes or someone else ?,And do you have to like your clothes or someone else 's ?
ABC.train.gold.bea19_015602,I would recommend this book to the people of all ages because it has something for everyone .,"I would recommend this book to people of all ages , because it has something for everyone ."
ABC.train.gold.bea19_001720,compilation of wedding arrangements and bouquets,compilation of wedding arrangements and bouquets
C.train.gold.bea19_003431,"As my CV indicates , I possess a significant and progressive experience in the field of transportation logistics , organisation of people as well as equipment , analysing and optimising the transportation costs in both domestic and international transport etc .","As my CV indicates , I possess a significant and progressive experience in the field of transportation logistics , organisation of people as well as equipment , analysing and optimising the transportation costs in both domestic and international transport etc ."
ABCN.dev.gold.bea19_000125,"One of the greatest achievements of new computing , is the internet , where you can connect to other computers , download stuff , etc . via Ethernet cable or Wireless Connection ( Wi - Fi ) .","One of the greatest achievements of new computing is the internet , where you can connect to other computers , download stuff , etc . via Ethernet cable or Wireless Connection ( Wi - Fi ) ."
ABC.train.gold.bea19_012163,"yesterday , I watched a science fiction movie called blade runner .","Yesterday , I watched a science fiction movie called Blade Runner ."
ABC.train.gold.bea19_004914,"Such as visiting museum , seeing touching movies , doing exercises and so on .","Such as visiting museums , seeing touching movies , doing exercise and so on ."
B.train.gold.bea19_011259,The biggest one in the countrey is in the cty where I live threfore you 'll have a place to stay and for free .,"The biggest one in the country is in the city where I live , so you 'll have a place to stay , and for free ."
C.train.gold.bea19_000033,Nobody wants to dismiss the importance of television and its achievements .,Nobody wants to dismiss the importance of television and its achievements .
C.train.gold.bea19_009702,As a main dish you can choose anything from pasta to pizza of all kinds ( even chocolate ) .,As a main dish you can choose anything from pasta to pizza of all kinds ( even chocolate ) .
B.train.gold.bea19_004880,Really Happy .,Really Happy .
B.train.gold.bea19_012487,"She prefer books , quiet places and that kind of thing , boring for elite in our school .","She preferred books , quiet places and that kind of thing , which was boring to the elite in our school ."
ABC.train.gold.bea19_027175,Refresh your soul by getting involved in their special moments and get ready to make a change in your own life .,Refresh your soul by getting involved in their special moments and get ready to make a change in your own life .
C.train.gold.bea19_003886,Everyone in the house was so excited about it but not Michael .,"Everyone in the house was so excited about it , but not Michael ."
B.train.gold.bea19_007864,"The film descrives how the love that a mother can give to her children can easlily turn into an obsession.however,what makes this film so special is that that pretends to be a typical horror movie but at its final scene there is a suddenly change wich turn it more interesting .","The film describes how the love that a mother can give to her children can easily turn into an obsession . However , what makes this film so special is that it pretends to be a typical horror movie , but in its final scene , there is a sudden change which makes it more interesting ."
ABC.train.gold.bea19_024768,"The square is also home to Lenin 's tomb , a granite mausoleum to the revered founder of Socialism .","The square is also home to Lenin 's tomb , a granite mausoleum to the revered founder of Socialism ."
ABC.train.gold.bea19_009892,Changing is a natural habitat that makes the life more enjoyable to us .,Changing is a natural habit that makes life more enjoyable for us .
A.train.gold.bea19_009028,Public transport ca n't help when one has to travel suddenly or to go somewhere where it does n't pass through .,Public transport ca n't help when one has to travel suddenly or to go somewhere that it does n't pass through .
C.train.gold.bea19_007616,"I have written many poems , few articles and even a few stories .","I have written many poems , a few articles and even a few stories ."
ABCN.dev.gold.bea19_002735,Another advantage is that developing natural gas industry equals new jobs what is profitable for people living in whereabouts .,"Another advantage is that a developing natural gas industry equals new jobs , which is profitable for people living in the area ."
ABC.train.gold.bea19_033598,"In my mind , holidays are essentially about being comfortable , staying in your element and simply enjoying your time off and not about creating uncomfortable situations if that might be the outcome of trying new things .","In my opinion , holidays are essentially about being comfortable , staying in your element and simply enjoying your time off and not about creating uncomfortable situations if that might be the outcome of trying new things ."
B.train.gold.bea19_006075,"Because I had decided to take my exam in June , it was absolutely necessary to join an English preparation course as soon as possible .","Because I had decided to take my exam in June , it was absolutely necessary to enrol in an English preparation course as soon as possible ."
C.train.gold.bea19_001125,She never stops .,She never stops .
C.train.gold.bea19_006000,"Our pupils have to sit for many hours a day , and they find it hard to sit still and to be silent .","Our pupils have to sit for many hours a day , and they find it hard to sit still and to be silent ."
ABC.train.gold.bea19_007414,I am interested in the work .,I am interested in the work .
A.train.gold.bea19_000090,We stayed in Zacatecas like a week we really had a good time .,We stayed in Zacatecas for a week . We really had a good time .
B.train.gold.bea19_011650,"Although it is true that shopping might not be a very interesting topic , it must be stated that it is necessary .","Although it is true that shopping might not be a very interesting topic , it must be stated that it is necessary ."
B.train.gold.bea19_010925,My typical evening out is going to Anec Blau and after that I go to the cinema to watch a comedy film or go for a walk with friends .,"My typical evening out is going to Anec Blau and , after that , I go to the cinema to watch a comedy film or go for a walk with friends ."
A.train.gold.bea19_002471,INTRODUCTION,INTRODUCTION
ABC.train.gold.bea19_022008,"Fuji is very beautiful , so it has been the subject of countless works of art such as the ' Thirty - six Views of Mt. Fuji ' , a series of "" ukiyo - e "" paintings by Hokusai .","Fuji is very beautiful , so it has been the subject of countless works of art , such as the ' Thirty - six Views of Mt. Fuji ' , a series of "" ukiyo - e "" paintings by Hokusai ."
ABC.train.gold.bea19_008089,"I woke up 5H00 o'clock in the morning ,",I wake up at 5 o'clock in the morning .
ABCN.dev.gold.bea19_002067,They believe that it is useless thing for our generation .,They believe that it is a useless thing for our generation .
A.train.gold.bea19_001655,Micheal did not know what think .,Micheal did not know what to think .
ABC.train.gold.bea19_010469,"I think I am good at dealing with people , particularly in the food .","I think I am good at dealing with people , particularly in the food sector ."
ABC.train.gold.bea19_028155,"For example , a close relationship or a serious illness make us look at the world around us through different eyes , and also they let us grow into more interesting and nicer human beings .","For example , a close relationship or a serious illness makes us look at the world around us through different eyes , and they also let us grow into more interesting and nicer human beings ."
A.train.gold.bea19_002273,It 's a very difficult decision for me too .,It 's a very difficult decision for me too .
C.train.gold.bea19_004454,"If the individual stumbles , whether figuratively or literally , speculation about him will end up on TV , on the Internet or the front page of the tabloids .","If the individual stumbles , whether figuratively or literally , speculation about him will end up on TV , on the Internet or on the front page of the tabloids ."
ABC.train.gold.bea19_026165,The wrong choice can lead to a big mistake that can influence on our life and people around us .,The wrong choice can lead to a big mistake that can influence our life and people around us .
ABC.train.gold.bea19_021380,"In conclusion , you do n't have to do a lot of effort to have a healthy lifestyle and there are plenty of benefits from it .","In conclusion , you do n't have to make a lot of effort to have a healthy lifestyle and there are plenty of benefits from it ."
B.train.gold.bea19_008236,"Well , to start with , I 'd like to attend an intensive English course ; you know I 'm fond of foreign languages and keen on learning English as much as I can .","Well , to start with , I 'd like to attend an intensive English course ; you know I 'm fond of foreign languages and keen on learning English as much as I can ."
B.dev.gold.bea19_001240,"My school is really easy to find , go straight ahead onto Aljameah street then turn right beside the farce of KAU university , after getting down from the bridge you 'll find the school on your right .","My school is really easy to find . Go straight ahead onto Aljameah Street , then turn right beside the farce of KAU University . After getting off the bridge , you 'll find the school on your right ."
ABC.train.gold.bea19_003830,I apologise to you .,I apologise .
ABC.train.gold.bea19_007268,When I finished my studies I will stay a long hours with children .,When I finish my studies I will spend long hours with children .
ABC.train.gold.bea19_010847,"After walking for a lot of days , the ' survivors ' were worried , and thinking of how much they would still need to walk to find a city , also they were thinking that maybe they were going forward one day and backwards the next day .","After walking for many days , the ' survivors ' were worried , and thinking about how much they would still need to walk to find a city . Also they were thinking that maybe they were going forward one day and backwards the next day ."
B.train.gold.bea19_001628,"The purpose of this report is to evaluate the range of options available for many twenty - somethings in order to choose their housing system in my country , as well as the main obstacles they face with each one .","The purpose of this report is to evaluate the range of options available for many twenty - somethings in order to choose their housing in my country , as well as the main obstacles they face with each one ."
B.train.gold.bea19_010662,"The last year , the mayor changed the old buses by new buses without increase the prices .","Last year , the mayor changed the old buses for new buses without increasing the prices ."
ABC.train.gold.bea19_019233,The first partial tests were going to be soon .,The first partial tests were going to be soon .
ABC.train.gold.bea19_018731,What about lookig for colleges which offer Wi - fi Internet connection and a proper meal at lunch ?,What about looking for colleges which offer Wi - fi Internet connection and a proper meal at lunch ?
B.dev.gold.bea19_001100,"Do you know that 75% of people in Mexico , does n't practice any type of exercise , this is a big problem to our society and is the problem number 1 of why Mexico is the country with more obese in the world .",Do you know that 75% of people in Mexico do n't do any type of exercise ? This is a big problem for our society and is the number 1 problem of why Mexico is the country with the most obese people in the world .
A.train.gold.bea19_006589,I do really thank my mother and all the members for paying the patient and exertion to me .Now we have great relationship with each other and treasure the happiness we get not so easy .,I do really thank my mother and all the members of my family for being patient and exertion to me . Now we have a great relationship with each other and treasure the happiness we have got not so easily .
B.train.gold.bea19_005632,"For example , when we staying at the queue , coming to the cash register and it appears that the price on the label is more expensive .","For example , when we stay in a queue , coming to the cash register and it transpires that the price on the label is more expensive ."
ABC.train.gold.bea19_014673,"For example during a foorball match if you wrong is n't too important because you have a team which can remedy , evin if ypu do nothing .","For example , during a football match , if you make a mistake it is n't too important because you have a team which can remedy it , even if you do nothing ."
B.train.gold.bea19_005118,"This organization taught us how to deal with children , and how to make their lives happier and more joyful .","This organization taught us how to deal with children , and how to make their lives happier and more joyful ."
A.dev.gold.bea19_000128,"As i did n't found nothing , i went to the place he live at and started to look for some information about his life and found people who he care about so as i continued to go to his houes i notice he will alays go to tehe same house so i decidec to follow him to the house and i foun out he was dating a girl she might be his girlfrien so i finally gota an idea , i would drive him crazy just as he did with me , that way she will think he had problems on his mind and left him , but son i thougt about it again and realized that if i did that she will try to help him and they will be more united , so i decided to drive them both crazy almost at the border of death , jus as he did with me !","As I did n't find anything , I went to the place where he lived and started to look for some information about his life and find people who he cared about . So as I continued to go to his house , I noticed he would always go to the same house , s I decided to follow him to the house and I found out he was dating a girl . She might be his girlfriend , so I finally got an idea . I would drive him crazy just as he did me . That way she would think he had problems with his mind and leave him . But soon i thought about it again and realized that if I did that she would try to help him and they will be more united , so I decided to drive them both crazy , almost to the brink of death , just as he did with me !"
B.train.gold.bea19_005608,"I am not a class act yet I try to do my best , so if I have to work in a team I am the mover and shaker of the group .","I am not a class act , yet I try to do my best , so if I have to work in a team I am the mover and shaker of the group ."
C.train.gold.bea19_007552,"Cheers ,","Cheers ,"
A.train.gold.bea19_002272,It was great to hear from you .,It was great to hear from you .
ABC.train.gold.bea19_025688,To my great astonishment I witnessed a completely different pattern of behaviour time and again .,"To my great astonishment , I witnessed a completely different pattern of behaviour time and again ."
ABC.train.gold.bea19_010660,I am looking forward to hearing from you in a few days .,I am looking forward to hearing from you in a few days .
ABC.train.gold.bea19_017590,"I promise you will not regret to come , everything here is wonderful and there are many places we can go to visit .","I promise you will not regret coming , everything here is wonderful and there are many places we can go to visit ."
ABC.train.gold.bea19_031939,"However , the attitude that I have is not very appropriate for entrepreneurship .","However , the attitude that I have is not very appropriate for entrepreneurship ."
ABC.train.gold.bea19_006577,This experience helped me a lot because I become much more responsible not only with these boys but also with my brothers and sister ( I had two brothers and one sister)and I have learned the meaning to work and receive money .,"This experience helped me a lot because I became much more responsible , not only with those boys , but also with my brothers and sister ( I have two brothers and one sister ) and I learned the meaning of working and earning money ."
ABC.train.gold.bea19_016524,The sun was shining and birds were singing .,The sun was shining and birds were singing .
ABCN.dev.gold.bea19_001616,"The terrible consequences , are caused by the humans ' unsatisfied heart .",These terrible consequences are caused by the humans ' unsatisfied hearts .
A.train.gold.bea19_006365,I was born in 1996 on the 31 of January .,I was born in 1996 on the 31st of January .
ABC.train.gold.bea19_015681,Despite everything they could take part to the competition .,"Despite everything , they could take part in the competition ."
ABC.train.gold.bea19_027620,The influence of the grown - ups : great or not so ?,The influence of grown - ups : great or not so great ?
A.train.gold.bea19_000931,"There are Padang Matsirat , Cable Car , Mahsuri Tomb , small islands , Duck tour , beaches , shopping centre and the most exciting is to buy chocolates .","There were Padang Matsirat , Cable Car , Mahsuri Tomb , small islands , Duck tour , beaches , shopping centre and , the most exciting thing was buying chocolates ."
ABCN.dev.gold.bea19_002488,The narrator describes her as woman that has earned a good reputation being aggressive with his little brother .,The narrator describes her as a woman that has earned a good reputation by being aggressive towards her little brother .
